Year,Month,Day,AVERAGE TEMPERATURE (Deg C),BAROMETRIC PRESSURE (hPa),CLOUD COVER (Oktas),DEWPOINT TEMPERATURE (Deg C),EVAPOTRANSPIRATION (mm),MAXIMUM TEMPERATURE (Deg C),MINIMUM TEMPERATURE (Deg C),RAINFALL (mm),RELATIVE HUMIDITY (%),SOLAR RADIATION (MJ/m2),SUNSHINE HOURS,WIND DIRECTION (Degrees),WIND SPEED (kt),Date
2021.0,April,1,26.3,963.7,1.0,8.5,8.7,36.0,20.3,0.0,11.0,28.0,6.9,40.0,8.0,2021-04-01
2021.0,April,2,26.8,962.8,0.0,9.400000000000002,8.4,36.4,20.3,0.0,13.0,27.6,7.0,40.0,7.0,2021-04-02
2021.0,April,3,27.7,961.8,2.0,10.099999999999998,7.9,37.7,20.8,0.0,12.0,27.5,9.4,30.0,6.0,2021-04-03
2021.0,April,4,28.5,960.6,1.0,11.100000000000001,8.0,39.0,20.1,0.0,13.0,27.0,6.5,90.0,6.0,2021-04-04
2021.0,April,5,29.8,959.9,0.0,12.2,8.4,41.0,19.2,0.0,12.0,27.8,6.0,30.0,6.0,2021-04-05
2021.0,April,6,31.1,960.0,5.0,13.3,8.4,42.5,20.2,0.0,11.0,27.6,8.7,30.0,6.0,2021-04-06
2021.0,April,7,31.4,959.2,3.0,13.799999999999997,9.0,42.6,26.9,0.0,12.0,27.8,7.8,50.0,6.0,2021-04-07
2021.0,April,8,33.2,958.3,6.0,15.400000000000002,8.4,41.9,26.7,0.0,11.0,27.3,7.3,50.0,6.0,2021-04-08
2021.0,April,9,32.8,957.5,5.0,14.599999999999998,8.0,41.8,22.0,0.0,9.0,27.9,7.3,60.0,4.0,2021-04-09
2021.0,April,10,31.1,958.5,4.0,12.900000000000002,7.5,41.0,21.7,0.0,9.0,28.0,9.3,80.0,5.0,2021-04-10
2021.0,April,11,31.5,960.9,6.0,14.3,7.6,40.6,23.9,0.0,14.0,26.4,8.0,50.0,5.0,2021-04-11
2021.0,April,12,31.1,961.1,3.0,13.3,8.8,41.4,24.6,0.0,11.0,28.0,6.3,40.0,6.0,2021-04-12
2021.0,April,13,31.2,960.6,4.0,13.2,7.0,40.2,23.0,0.0,10.0,26.9,8.1,90.0,4.0,2021-04-13
2021.0,April,14,30.9,960.1,4.0,15.299999999999999,8.1,42.3,21.0,0.0,22.0,28.4,5.7,110.0,4.0,2021-04-14
2021.0,April,15,29.9,958.3,3.0,13.899999999999999,9.1,41.7,25.6,0.0,20.0,28.5,6.3,50.0,6.0,2021-04-15
2021.0,April,16,31.3,958.2,4.0,13.100000000000001,7.6,42.2,21.2,0.0,9.0,28.3,8.0,80.0,4.0,2021-04-16
2021.0,April,17,31.0,959.2,6.0,13.600000000000001,7.6,41.1,25.3,0.0,13.0,27.4,8.1,220.0,4.0,2021-04-17
2021.0,April,18,30.8,958.9,4.0,14.8,6.9,41.5,24.5,0.0,20.0,27.7,6.2,190.0,3.0,2021-04-18
2021.0,April,19,31.9,958.4,2.0,15.5,7.4,41.8,25.5,0.0,18.0,27.5,8.6,190.0,4.0,2021-04-19
2021.0,April,20,32.0,958.6,5.0,17.6,6.6,41.5,21.7,0.0,28.0,27.3,8.9,180.0,4.0,2021-04-20
2021.0,April,21,32.3,959.0,3.0,18.299999999999997,7.3,41.7,25.0,0.0,30.0,27.4,9.6,210.0,4.0,2021-04-21
2021.0,April,22,32.8,958.5,7.0,17.599999999999998,7.3,40.7,27.2,0.0,24.0,26.5,7.2,240.0,4.0,2021-04-22
2021.0,April,23,31.9,957.9,5.0,18.9,7.4,41.8,26.6,0.0,35.0,26.2,5.3,200.0,5.0,2021-04-23
2021.0,April,24,33.0,959.2,6.0,19.0,6.7,39.4,26.4,0.0,30.0,25.5,7.8,180.0,4.0,2021-04-24
2021.0,April,25,33.3,958.8,4.0,21.099999999999998,6.7,41.8,25.7,0.0,39.0,25.7,7.8,170.0,4.0,2021-04-25
2021.0,April,26,32.2,957.3,2.0,18.000000000000004,7.6,42.3,26.4,0.0,29.0,26.1,7.0,100.0,5.0,2021-04-26
2021.0,April,27,31.8,958.2,4.0,16.200000000000003,8.8,41.6,28.5,0.0,22.0,28.4,7.1,80.0,6.0,2021-04-27
2021.0,April,28,31.1,959.3,2.0,14.3,8.0,41.5,22.2,0.0,16.0,28.1,9.6,110.0,4.0,2021-04-28
2021.0,April,29,30.3,958.8,4.0,14.5,7.7,41.8,21.4,0.0,21.0,28.2,6.3,110.0,4.0,2021-04-29
2021.0,April,30,30.1,958.7,3.0,12.700000000000003,8.7,41.8,23.4,0.0,13.0,27.5,9.3,80.0,5.0,2021-04-30
2021.0,Aug,1,27.4,964.1,6.0,21.6,3.7,30.2,22.4,1.1,75.0,23.5,3.1999999999999997,260.0,5.0,2021-08-01
2021.0,Aug,2,27.2,963.8,5.0,22.2,4.9,32.1,23.8,0.0,75.0,23.7,3.6,200.0,5.0,2021-08-02
2021.0,Aug,3,27.2,964.2,2.0,22.0,4.9,32.7,23.4,1.7,74.0,24.7,5.300000000000001,190.0,4.0,2021-08-03
2021.0,Aug,4,27.5,965.7,5.0,22.3,3.8,32.0,24.5,19.1,74.0,19.1,6.0,230.0,5.0,2021-08-04
2021.0,Aug,5,26.9,964.3,6.0,22.099999999999998,5.0,30.0,23.9,1.1,76.0,23.4,4.300000000000001,260.0,6.0,2021-08-05
2021.0,Aug,6,27.5,963.1,6.0,21.1,3.9,33.0,22.5,18.9,68.0,21.0,6.300000000000001,210.0,6.0,2021-08-06
2021.0,Aug,7,27.2,964.2,7.0,23.0,3.4,31.5,23.0,7.9,79.0,16.3,2.5,190.0,5.0,2021-08-07
2021.0,Aug,8,26.2,965.4,6.0,21.5,4.2,31.0,22.4,1.8,81.0,20.7,4.0,220.0,5.0,2021-08-08
2021.0,Aug,9,26.6,963.5,7.0,22.200000000000003,3.0,31.5,22.6,18.4,78.0,19.6,1.5,220.0,4.0,2021-08-09
2021.0,Aug,10,26.8,962.2,7.0,21.8,3.5,30.5,23.3,21.3,75.0,18.3,3.6,240.0,4.0,2021-08-10
2021.0,Aug,11,26.2,963.8,8.0,22.2,1.3,25.5,22.8,1.4,83.0,7.1,0.0,220.0,4.0,2021-08-11
2021.0,Aug,12,24.0,964.2,6.0,21.8,3.6,30.6,22.0,6.0,90.0,19.2,5.4,210.0,4.0,2021-08-12
2021.0,Aug,13,25.7,962.9,6.0,20.9,4.4,31.9,22.8,19.0,76.0,20.8,5.0,220.0,3.0,2021-08-13
2021.0,Aug,14,26.7,962.0,7.0,21.8,3.2,31.4,22.1,26.3,77.0,16.5,2.1,210.0,2.0,2021-08-14
2021.0,Aug,15,25.7,963.2,7.0,21.4,3.1,28.7,22.5,22.4,84.0,14.9,0.0,210.0,4.0,2021-08-15
2021.0,Aug,16,25.3,964.8,8.0,20.6,3.7,28.9,21.7,3.0,82.0,20.9,5.9,190.0,3.0,2021-08-16
2021.0,Aug,17,26.4,964.2,7.0,20.799999999999997,3.4,28.9,23.7,13.9,72.0,19.1,1.9,220.0,4.0,2021-08-17
2021.0,Aug,18,26.4,962.7,7.0,20.0,4.0,30.0,21.799999999999997,0.0,77.0,22.1,5.6,200.0,4.0,2021-08-18
2021.0,Aug,19,26.8,962.1,4.0,22.0,4.7,31.8,22.6,0.6,76.0,24.2,5.6,180.0,4.0,2021-08-19
2021.0,Aug,20,27.5,962.6,7.0,21.5,4.4,31.0,23.2,8.6,70.0,24.5,3.9,190.0,4.0,2021-08-20
2021.0,Aug,21,28.0,962.5,7.0,19.2,2.8,29.8,21.8,13.2,69.0,21.0,3.3000000000000003,210.0,3.0,2021-08-21
2021.0,Aug,22,27.0,961.4,5.0,21.4,4.6,32.2,23.6,0.9,83.0,24.1,7.1,170.0,3.0,2021-08-22
2021.0,Aug,23,26.5,960.5,4.0,21.3,4.6,33.2,23.4,0.0,74.0,23.3,5.800000000000001,170.0,3.0,2021-08-23
2021.0,Aug,24,27.7,961.1,7.0,21.7,3.9,31.5,24.0,14.6,70.0,19.0,3.9,200.0,4.0,2021-08-24
2021.0,Aug,25,26.3,962.4,7.0,20.2,3.7,30.5,22.3,0.0,80.0,17.2,3.6999999999999997,200.0,3.0,2021-08-25
2021.0,Aug,26,26.2,962.9,3.0,21.2,5.1,32.7,22.5,2.1,75.0,23.7,8.1,250.0,3.0,2021-08-26
2021.0,Aug,27,27.5,962.2,7.0,21.3,4.2,30.7,24.4,24.3,69.0,23.5,5.199999999999999,230.0,5.0,2021-08-27
2021.0,Aug,28,28.3,961.4,7.0,21.0,4.6,31.7,22.700000000000003,0.0,72.0,23.2,5.6,200.0,4.0,2021-08-28
2021.0,Aug,29,27.4,961.6,1.0,22.0,5.4,33.2,22.7,0.0,73.0,25.9,5.699999999999999,190.0,4.0,2021-08-29
2021.0,Aug,30,28.3,960.7,3.0,21.9,5.9,32.7,23.0,0.0,68.0,26.4,7.6,280.0,6.0,2021-08-30
2021.0,Aug,31,29.2,959.5,4.0,22.0,5.8,34.3,24.9,0.0,64.0,25.1,6.4,210.0,4.0,2021-08-31
2021.0,Dec,1,26.1,961.7,2.0,10.500000000000002,5.7,32.5,19.8,0.0,22.0,21.9,9.1,30.0,6.0,2021-12-01
2021.0,Dec,2,25.2,962.3,0.0,10.399999999999999,5.3,33.7,15.9,0.0,26.0,21.8,7.8,50.0,5.0,2021-12-02
2021.0,Dec,3,24.6,963.1,2.0,10.000000000000002,5.7,34.4,15.1,0.0,27.0,21.8,6.2,30.0,5.0,2021-12-03
2021.0,Dec,4,25.7,963.0,6.0,10.899999999999999,6.2,35.2,17.9,0.0,26.0,21.6,5.2,30.0,6.0,2021-12-04
2021.0,Dec,5,26.1,963.6,3.0,10.500000000000002,6.1,30.1,17.6,0.0,22.0,21.7,6.1,20.0,6.0,2021-12-05
2021.0,Dec,6,25.1,964.7,4.0,9.700000000000001,6.2,32.1,15.8,0.0,23.0,21.7,7.3,30.0,6.0,2021-12-06
2021.0,Dec,7,23.8,965.3,4.0,8.0,5.8,30.1,16.2,0.0,21.0,21.8,8.1,20.0,6.0,2021-12-07
2021.0,Dec,8,22.7,963.8,0.0,6.5,5.6,29.1,16.0,0.0,19.0,21.5,5.7,30.0,5.0,2021-12-08
2021.0,Dec,9,22.6,962.5,3.0,6.600000000000001,5.9,32.2,12.5,0.0,20.0,21.7,6.9,30.0,6.0,2021-12-09
2021.0,Dec,10,23.0,961.9,2.0,7.199999999999999,6.0,34.5,14.0,0.0,21.0,21.4,8.6,30.0,6.0,2021-12-10
2021.0,Dec,11,24.0,962.5,7.0,8.0,6.0,34.0,14.3,0.0,20.0,21.2,7.7,30.0,6.0,2021-12-11
2021.0,Dec,12,24.4,962.7,6.0,9.399999999999999,5.9,33.0,17.7,0.0,25.0,21.4,7.9,30.0,6.0,2021-12-12
2021.0,Dec,13,23.6,962.3,4.0,8.400000000000002,5.9,32.2,14.4,0.0,24.0,21.7,9.2,20.0,6.0,2021-12-13
2021.0,Dec,14,22.7,963.6,5.0,6.899999999999999,5.9,29.6,14.2,0.0,21.0,21.5,8.3,20.0,7.0,2021-12-14
2021.0,Dec,15,22.1,965.2,1.0,7.300000000000001,6.1,29.8,12.5,0.0,26.0,21.6,6.6,30.0,7.0,2021-12-15
2021.0,Dec,16,21.6,966.0,1.0,7.000000000000002,5.9,27.8,14.5,0.0,27.0,21.5,6.4,30.0,7.0,2021-12-16
2021.0,Dec,17,20.9,966.1,4.0,6.299999999999999,5.5,27.7,15.3,0.0,27.0,21.2,9.3,30.0,7.0,2021-12-17
2021.0,Dec,18,20.2,966.0,1.0,5.6,5.9,27.1,14.5,0.0,27.0,21.2,6.3,30.0,7.0,2021-12-18
2021.0,Dec,19,20.4,966.2,0.0,5.399999999999999,5.9,28.8,14.7,0.0,25.0,21.2,9.3,40.0,7.0,2021-12-19
2021.0,Dec,20,20.5,965.8,0.0,5.300000000000001,5.9,28.0,14.0,0.0,24.0,21.1,5.6,40.0,7.0,2021-12-20
2021.0,Dec,21,21.0,965.8,1.0,5.800000000000001,5.8,28.2,15.0,0.0,24.0,21.0,6.7,30.0,6.0,2021-12-21
2021.0,Dec,22,21.3,964.5,0.0,6.100000000000001,6.0,30.9,15.3,0.0,24.0,20.9,6.1,30.0,6.0,2021-12-22
2021.0,Dec,23,22.0,964.0,2.0,6.199999999999999,6.2,31.5,15.9,0.0,21.0,21.2,6.2,30.0,6.0,2021-12-23
2021.0,Dec,24,21.9,963.9,6.0,5.5,5.8,30.5,16.0,0.0,18.0,21.1,6.4,30.0,6.0,2021-12-24
2021.0,Dec,25,22.2,963.9,5.0,6.199999999999999,5.5,30.8,15.7,0.0,20.0,21.0,9.0,30.0,5.0,2021-12-25
2021.0,Dec,26,22.1,964.9,2.0,6.500000000000002,5.9,30.9,15.0,0.0,22.0,21.0,6.7,30.0,6.0,2021-12-26
2021.0,Dec,27,22.5,965.6,4.0,6.9,5.9,28.8,14.8,0.0,22.0,20.9,6.8,30.0,7.0,2021-12-27
2021.0,Dec,28,21.8,965.6,3.0,6.0,5.6,29.1,14.3,0.0,21.0,20.3,6.5,20.0,6.0,2021-12-28
2021.0,Dec,29,21.2,964.8,4.0,5.6,5.7,29.1,15.1,0.0,22.0,19.9,6.4,30.0,6.0,2021-12-29
2021.0,Dec,30,21.6,964.9,0.0,5.800000000000001,5.7,30.0,14.7,0.0,21.0,21.3,7.8,30.0,6.0,2021-12-30
2021.0,Dec,31,21.3,,,5.300000000000001,,,16.4,,20.0,,8.0,,,2021-12-31
2021.0,Feb,1,23.3,963.3,2.0,7.300000000000001,6.3,31.0,13.5,0.0,20.0,22.6,8.9,20.0,5.0,2021-02-01
2021.0,Feb,2,24.4,964.1,1.0,7.599999999999998,6.8,33.6,17.3,0.0,16.0,23.0,6.7,30.0,6.0,2021-02-02
2021.0,Feb,3,23.9,965.1,0.0,6.5,7.4,32.1,16.0,0.0,13.0,23.2,5.9,30.0,7.0,2021-02-03
2021.0,Feb,4,23.7,964.8,0.0,7.099999999999998,7.2,31.1,17.2,0.0,17.0,23.2,8.6,30.0,7.0,2021-02-04
2021.0,Feb,5,23.5,965.2,1.0,7.699999999999999,7.2,29.7,15.0,0.0,21.0,23.4,8.1,40.0,7.0,2021-02-05
2021.0,Feb,6,22.6,964.6,1.0,7.200000000000001,6.6,31.3,13.7,0.0,23.0,23.5,5.6,40.0,6.0,2021-02-06
2021.0,Feb,7,22.2,963.2,1.0,6.399999999999999,6.3,32.4,11.5,0.0,21.0,23.8,6.2,30.0,5.0,2021-02-07
2021.0,Feb,8,23.2,962.0,1.0,7.399999999999999,6.4,34.5,16.1,0.0,21.0,24.1,8.4,40.0,5.0,2021-02-08
2021.0,Feb,9,24.4,962.6,3.0,7.799999999999997,7.2,35.8,14.4,0.0,17.0,24.3,6.7,50.0,6.0,2021-02-09
2021.0,Feb,10,23.8,963.0,4.0,7.400000000000002,7.2,34.9,13.0,0.0,18.0,24.5,7.4,40.0,6.0,2021-02-10
2021.0,Feb,11,23.3,963.1,4.0,6.900000000000002,6.8,34.2,12.7,0.0,18.0,24.3,8.7,30.0,6.0,2021-02-11
2021.0,Feb,12,23.6,962.4,1.0,7.600000000000001,6.8,34.3,12.1,0.0,20.0,24.3,8.5,30.0,6.0,2021-02-12
2021.0,Feb,13,24.0,961.5,0.0,8.0,6.7,35.7,13.3,0.0,20.0,24.2,6.8,30.0,5.0,2021-02-13
2021.0,Feb,14,25.1,961.3,1.0,9.100000000000001,6.8,35.6,17.2,0.0,20.0,24.4,9.0,30.0,5.0,2021-02-14
2021.0,Feb,15,25.4,962.1,0.0,8.599999999999998,7.7,35.4,18.2,0.0,16.0,24.4,7.7,40.0,7.0,2021-02-15
2021.0,Feb,16,26.1,963.4,0.0,8.5,8.9,34.2,16.8,0.0,12.0,24.4,8.9,40.0,9.0,2021-02-16
2021.0,Feb,17,23.0,966.1,1.0,6.800000000000001,7.8,27.8,15.5,0.0,19.0,24.4,6.7,40.0,9.0,2021-02-17
2021.0,Feb,18,19.3,967.5,5.0,3.1000000000000014,6.8,25.4,13.5,0.0,19.0,25.2,6.0,40.0,8.0,2021-02-18
2021.0,Feb,19,18.7,967.8,4.0,2.099999999999998,6.6,26.3,13.4,0.0,17.0,25.0,5.9,40.0,7.0,2021-02-19
2021.0,Feb,20,20.4,966.9,5.0,3.3999999999999986,6.6,29.0,15.0,0.0,15.0,24.4,6.0,30.0,6.0,2021-02-20
2021.0,Feb,21,21.8,965.2,3.0,5.0,6.8,31.0,14.5,0.0,16.0,24.4,8.4,30.0,6.0,2021-02-21
2021.0,Feb,22,22.2,965.0,1.0,5.599999999999998,7.2,31.0,16.6,0.0,17.0,24.7,7.5,30.0,6.0,2021-02-22
2021.0,Feb,23,23.1,965.3,2.0,6.300000000000001,7.0,30.2,17.6,0.0,16.0,24.6,6.6,40.0,6.0,2021-02-23
2021.0,Feb,24,23.8,964.8,0.0,6.800000000000001,7.2,31.6,18.2,0.0,15.0,24.9,7.2,40.0,6.0,2021-02-24
2021.0,Feb,25,24.3,963.3,1.0,7.5,7.0,32.5,17.9,0.0,16.0,24.9,6.0,40.0,6.0,2021-02-25
2021.0,Feb,26,24.7,962.3,0.0,7.699999999999999,6.7,32.8,18.6,0.0,15.0,24.9,7.9,30.0,5.0,2021-02-26
2021.0,Feb,27,25.3,962.2,0.0,8.7,7.4,33.9,20.4,0.0,17.0,25.1,6.5,30.0,6.0,2021-02-27
2021.0,Feb,28,26.2,961.5,2.0,8.8,8.3,34.6,18.5,0.0,13.0,25.3,7.1,40.0,7.0,2021-02-28
2021.0,Jan,1,23.3,962.5,0.0,8.5,5.7,33.9,13.5,0.0,26.0,21.4,9.4,30.0,5.0,2021-01-01
2021.0,Jan,2,23.6,962.4,0.0,9.000000000000002,5.7,34.4,12.6,0.0,27.0,21.4,8.8,40.0,4.0,2021-01-02
2021.0,Jan,3,24.8,962.5,0.0,9.8,6.1,36.5,15.1,0.0,25.0,21.5,7.3,40.0,5.0,2021-01-03
2021.0,Jan,4,25.4,961.8,0.0,10.399999999999999,6.3,37.0,14.0,0.0,25.0,21.5,6.6,40.0,5.0,2021-01-04
2021.0,Jan,5,26.0,961.2,0.0,11.2,6.6,37.9,15.7,0.0,26.0,21.8,5.8,40.0,5.0,2021-01-05
2021.0,Jan,6,26.6,962.1,0.0,11.000000000000002,7.0,37.9,15.2,0.0,22.0,21.7,5.7,40.0,6.0,2021-01-06
2021.0,Jan,7,26.1,962.8,5.0,9.900000000000002,7.0,37.5,20.6,0.0,19.0,22.1,5.8,40.0,7.0,2021-01-07
2021.0,Jan,8,26.1,962.8,3.0,10.100000000000001,7.0,35.9,14.2,0.0,20.0,21.8,7.6,40.0,7.0,2021-01-08
2021.0,Jan,9,25.4,962.6,2.0,10.2,6.8,34.5,19.6,0.0,24.0,22.0,8.8,40.0,7.0,2021-01-09
2021.0,Jan,10,24.9,962.3,2.0,9.7,6.6,34.9,16.8,0.0,24.0,22.1,8.7,50.0,6.0,2021-01-10
2021.0,Jan,11,23.7,962.3,1.0,8.5,6.2,33.9,16.0,0.0,24.0,22.2,5.9,40.0,6.0,2021-01-11
2021.0,Jan,12,22.8,963.5,1.0,7.600000000000001,6.1,33.2,12.2,0.0,24.0,22.4,8.0,30.0,6.0,2021-01-12
2021.0,Jan,13,22.4,964.3,0.0,6.799999999999999,6.2,33.0,10.0,0.0,22.0,22.5,5.6,30.0,5.0,2021-01-13
2021.0,Jan,14,22.0,964.0,0.0,6.4,6.0,33.0,17.7,0.0,22.0,22.6,7.8,20.0,5.0,2021-01-14
2021.0,Jan,15,21.9,963.2,0.0,7.299999999999999,5.9,33.2,9.0,0.0,27.0,22.5,7.7,30.0,5.0,2021-01-15
2021.0,Jan,16,21.6,962.2,0.0,6.600000000000001,5.6,32.9,11.3,0.0,25.0,22.6,9.1,40.0,4.0,2021-01-16
2021.0,Jan,17,23.1,962.9,0.0,7.700000000000001,6.2,34.3,17.1,0.0,23.0,22.2,7.0,40.0,5.0,2021-01-17
2021.0,Jan,18,23.0,963.9,2.0,7.4,7.2,31.9,15.5,0.0,22.0,22.3,8.5,30.0,7.0,2021-01-18
2021.0,Jan,19,21.6,965.3,1.0,6.600000000000001,6.6,29.4,15.5,0.0,25.0,22.5,7.0,30.0,7.0,2021-01-19
2021.0,Jan,20,20.9,965.7,1.0,5.899999999999999,6.6,29.9,15.4,0.0,25.0,22.7,7.3,30.0,7.0,2021-01-20
2021.0,Jan,21,20.5,965.7,4.0,5.300000000000001,6.3,29.9,15.4,0.0,24.0,22.7,8.8,40.0,7.0,2021-01-21
2021.0,Jan,22,20.2,965.2,3.0,5.0,6.1,27.9,14.3,0.0,24.0,22.6,6.0,30.0,6.0,2021-01-22
2021.0,Jan,23,20.4,964.5,5.0,4.599999999999998,6.0,28.9,12.1,0.0,21.0,22.6,8.2,30.0,6.0,2021-01-23
2021.0,Jan,24,20.8,964.1,3.0,4.600000000000001,6.2,30.1,13.9,0.0,19.0,22.8,6.8,30.0,6.0,2021-01-24
2021.0,Jan,25,22.0,964.1,0.0,5.600000000000001,6.6,30.5,12.3,0.0,18.0,22.6,8.3,30.0,6.0,2021-01-25
2021.0,Jan,26,22.9,963.5,1.0,6.299999999999997,6.7,32.4,13.4,0.0,17.0,22.7,8.8,20.0,6.0,2021-01-26
2021.0,Jan,27,23.6,963.1,1.0,6.400000000000002,7.1,33.5,16.2,0.0,14.0,22.6,6.6,30.0,7.0,2021-01-27
2021.0,Jan,28,23.5,963.9,2.0,5.899999999999999,7.4,33.5,16.0,0.0,12.0,22.9,6.8,30.0,7.0,2021-01-28
2021.0,Jan,29,23.0,965.3,0.0,6.399999999999999,7.1,33.5,17.5,0.0,17.0,22.9,9.2,30.0,7.0,2021-01-29
2021.0,Jan,30,22.7,964.5,0.0,6.699999999999999,6.6,31.5,17.4,0.0,20.0,22.9,9.4,30.0,6.0,2021-01-30
2021.0,Jan,31,22.9,962.9,1.0,7.099999999999998,6.0,31.5,13.5,0.0,21.0,22.8,7.3,20.0,5.0,2021-01-31
2021.0,July,1,30.3,962.2,5.0,21.1,5.7,35.4,24.7,14.7,54.0,24.0,8.0,220.0,6.0,2021-07-01
2021.0,July,2,31.0,962.5,5.0,21.0,5.9,33.3,22.2,0.0,56.0,24.4,7.9,240.0,6.0,2021-07-02
2021.0,July,3,30.4,963.7,4.0,21.4,5.8,34.5,24.3,0.0,55.0,23.8,4.5,210.0,5.0,2021-07-03
2021.0,July,4,30.2,962.9,5.0,20.799999999999997,6.0,34.3,24.0,2.4,53.0,25.7,5.5,250.0,7.0,2021-07-04
2021.0,July,5,30.2,961.0,4.0,20.6,6.9,34.5,24.9,0.0,52.0,25.7,6.9,240.0,9.0,2021-07-05
2021.0,July,6,30.6,960.9,6.0,21.0,6.4,33.9,23.6,6.1,52.0,24.2,6.4,210.0,7.0,2021-07-06
2021.0,July,7,30.0,962.6,5.0,20.6,4.8,33.5,24.6,6.5,53.0,23.3,4.199999999999999,220.0,5.0,2021-07-07
2021.0,July,8,29.2,964.1,5.0,22.2,4.6,33.2,23.2,1.4,65.0,12.6,4.800000000000001,290.0,4.0,2021-07-08
2021.0,July,9,25.6,963.9,3.0,20.6,4.7,33.0,23.0,0.0,75.0,21.1,6.9,260.0,5.0,2021-07-09
2021.0,July,10,25.9,963.4,4.0,21.099999999999998,5.2,35.7,24.3,12.4,76.0,23.7,7.9,250.0,5.0,2021-07-10
2021.0,July,11,27.8,963.9,8.0,20.9,3.0,26.6,21.200000000000003,5.5,67.0,16.5,0.0,210.0,6.0,2021-07-11
2021.0,July,12,27.0,963.1,6.0,21.8,4.5,31.5,22.8,0.0,74.0,24.0,4.6,220.0,5.0,2021-07-12
2021.0,July,13,27.5,962.6,4.0,20.7,5.3,35.9,23.1,10.6,66.0,25.0,6.699999999999999,230.0,4.0,2021-07-13
2021.0,July,14,28.3,961.6,7.0,20.8,5.0,29.5,21.5,8.1,66.0,22.7,6.5,230.0,6.0,2021-07-14
2021.0,July,15,29.0,962.3,6.0,21.1,4.9,32.0,22.4,1.0,67.0,24.4,4.6,210.0,5.0,2021-07-15
2021.0,July,16,28.7,964.0,6.0,22.5,4.2,31.5,24.1,18.4,69.0,21.6,4.5,210.0,5.0,2021-07-16
2021.0,July,17,27.5,963.1,8.0,20.8,2.0,26.7,22.9,4.1,77.0,9.0,0.0,260.0,6.0,2021-07-17
2021.0,July,18,24.9,962.8,6.0,20.5,3.9,30.6,22.0,5.2,78.0,18.4,5.9,230.0,5.0,2021-07-18
2021.0,July,19,26.4,963.7,4.0,21.0,5.1,32.2,23.2,5.3,73.0,24.7,5.1,210.0,6.0,2021-07-19
2021.0,July,20,27.7,964.9,4.0,21.299999999999997,4.5,33.0,23.6,20.4,68.0,22.7,5.1,240.0,6.0,2021-07-20
2021.0,July,21,28.1,965.3,8.0,21.900000000000002,3.5,31.0,22.4,12.4,69.0,16.8,2.2,240.0,5.0,2021-07-21
2021.0,July,22,27.0,964.4,6.0,21.4,3.6,30.1,22.0,0.0,72.0,16.8,2.6999999999999997,230.0,5.0,2021-07-22
2021.0,July,23,26.1,963.4,3.0,22.5,4.3,30.4,23.2,0.9,82.0,18.8,6.4,240.0,6.0,2021-07-23
2021.0,July,24,26.0,962.6,6.0,21.8,3.5,29.3,22.8,6.6,79.0,17.5,1.2000000000000002,240.0,6.0,2021-07-24
2021.0,July,25,26.2,962.5,7.0,21.0,2.3,28.3,22.8,1.1,83.0,5.4,0.20000000000000018,230.0,5.0,2021-07-25
2021.0,July,26,23.9,963.3,7.0,21.299999999999997,3.4,27.5,22.4,20.1,87.0,16.7,4.199999999999999,210.0,4.0,2021-07-26
2021.0,July,27,25.8,963.9,8.0,22.4,2.7,27.5,22.8,5.0,85.0,7.2,1.3000000000000003,270.0,4.0,2021-07-27
2021.0,July,28,24.1,963.2,5.0,20.700000000000003,4.3,30.8,22.4,12.2,83.0,14.7,6.300000000000001,220.0,4.0,2021-07-28
2021.0,July,29,25.4,963.5,6.0,21.2,3.4,30.7,22.7,0.9,79.0,15.7,5.5,190.0,4.0,2021-07-29
2021.0,July,30,25.1,964.4,4.0,21.700000000000003,4.3,30.8,23.2,2.1,83.0,22.3,7.299999999999999,210.0,5.0,2021-07-30
2021.0,July,31,26.7,965.6,7.0,22.1,2.9,29.4,23.2,18.0,77.0,20.5,1.5,240.0,5.0,2021-07-31
2021.0,June,1,31.6,961.1,7.0,21.0,5.5,38.6,26.4,0.0,47.0,24.3,3.6999999999999997,220.0,4.0,2021-06-01
2021.0,June,2,31.3,960.7,2.0,20.3,7.2,37.1,25.6,0.0,45.0,23.8,6.199999999999999,210.0,5.0,2021-06-02
2021.0,June,3,32.2,960.9,3.0,20.200000000000003,7.0,39.7,27.5,8.1,40.0,25.2,7.4,190.0,6.0,2021-06-03
2021.0,June,4,32.0,961.1,5.0,20.8,6.0,37.8,28.4,2.7,44.0,25.7,6.300000000000001,170.0,4.0,2021-06-04
2021.0,June,5,31.3,961.1,5.0,19.5,5.8,36.8,28.4,5.5,41.0,22.1,3.5000000000000004,190.0,4.0,2021-06-05
2021.0,June,6,31.4,961.1,2.0,20.799999999999997,6.1,34.9,21.9,5.5,47.0,24.1,5.9,150.0,4.0,2021-06-06
2021.0,June,7,31.8,961.1,5.0,20.4,6.5,36.4,23.3,0.2,43.0,23.3,6.300000000000001,160.0,4.0,2021-06-07
2021.0,June,8,31.9,960.9,7.0,20.7,5.5,35.0,21.5,1.9,44.0,23.7,3.1,180.0,5.0,2021-06-08
2021.0,June,9,31.6,959.9,3.0,20.400000000000002,6.4,36.0,21.5,5.6,44.0,24.3,6.5,200.0,5.0,2021-06-09
2021.0,June,10,32.5,959.2,4.0,20.9,6.1,38.4,25.1,0.1,42.0,24.9,6.1,210.0,4.0,2021-06-10
2021.0,June,11,32.6,961.9,6.0,20.400000000000002,5.3,30.0,27.6,6.6,39.0,24.7,1.8000000000000003,230.0,6.0,2021-06-11
2021.0,June,12,32.4,963.0,6.0,21.599999999999998,5.5,28.5,23.5,0.0,46.0,25.4,4.199999999999999,200.0,5.0,2021-06-12
2021.0,June,13,31.3,961.1,2.0,20.5,6.8,38.0,25.6,0.0,46.0,25.7,5.800000000000001,190.0,4.0,2021-06-13
2021.0,June,14,32.0,960.4,4.0,20.6,6.5,35.2,27.2,10.4,43.0,24.1,5.699999999999999,220.0,6.0,2021-06-14
2021.0,June,15,32.5,962.2,7.0,21.9,3.9,32.0,22.0,0.2,47.0,16.8,0.0,200.0,5.0,2021-06-15
2021.0,June,16,30.6,963.5,4.0,21.6,5.0,34.0,24.6,2.5,55.0,18.5,2.2,230.0,6.0,2021-06-16
2021.0,June,17,29.6,963.0,3.0,20.0,6.4,36.0,24.6,0.0,52.0,23.6,5.6,230.0,6.0,2021-06-17
2021.0,June,18,30.8,962.6,2.0,20.200000000000003,6.0,36.0,25.8,7.0,47.0,23.2,6.9,180.0,4.0,2021-06-18
2021.0,June,19,30.7,963.2,3.0,20.5,5.1,35.9,25.0,8.8,49.0,20.1,5.6,180.0,3.0,2021-06-19
2021.0,June,20,29.7,962.4,3.0,20.9,4.9,33.8,21.1,11.1,56.0,24.5,7.799999999999999,210.0,3.0,2021-06-20
2021.0,June,21,30.5,963.8,8.0,21.1,2.1,27.5,22.0,1.7,53.0,10.8,0.0,220.0,4.0,2021-06-21
2021.0,June,22,25.6,962.7,5.0,21.200000000000003,5.5,32.0,23.2,3.3,78.0,24.6,5.5,190.0,5.0,2021-06-22
2021.0,June,23,28.1,963.5,4.0,20.3,4.3,33.0,24.2,0.0,61.0,16.9,3.6,170.0,4.0,2021-06-23
2021.0,June,24,28.5,962.4,3.0,20.3,5.4,37.0,25.3,0.3,59.0,24.8,8.0,150.0,3.0,2021-06-24
2021.0,June,25,29.3,959.9,3.0,19.5,6.1,36.8,23.3,3.3,51.0,25.6,8.299999999999999,230.0,5.0,2021-06-25
2021.0,June,26,30.6,960.4,6.0,20.200000000000003,5.9,34.8,25.4,5.8,48.0,24.8,4.300000000000001,240.0,6.0,2021-06-26
2021.0,June,27,30.1,962.3,6.0,20.900000000000002,5.3,33.7,23.1,5.9,54.0,21.4,2.6,220.0,6.0,2021-06-27
2021.0,June,28,30.1,963.0,6.0,20.900000000000002,6.0,35.2,24.5,1.3,54.0,25.4,7.9,230.0,6.0,2021-06-28
2021.0,June,29,30.5,963.7,4.0,20.5,5.9,34.4,24.4,10.7,50.0,23.9,6.9,250.0,6.0,2021-06-29
2021.0,June,30,29.9,962.9,5.0,20.9,5.5,32.3,23.5,0.0,55.0,23.9,5.9,210.0,4.0,2021-06-30
2021.0,Mar,1,26.8,962.0,5.0,9.8,8.5,36.4,20.3,0.0,15.0,25.4,9.0,40.0,8.0,2021-03-01
2021.0,Mar,3,27.35,961.9,3.0,10.05,8.45,36.0,19.25,0.0,13.5,25.6,7.35,40.0,7.5,2021-03-03
2021.0,Mar,4,27.1,961.5,0.0,9.900000000000002,8.1,35.8,18.2,0.0,14.0,25.8,7.3,40.0,7.0,2021-03-04
2021.0,Mar,5,27.3,962.7,3.0,10.100000000000001,7.8,37.0,19.1,0.0,14.0,26.0,9.4,40.0,6.0,2021-03-05
2021.0,Mar,6,27.5,962.3,1.0,10.5,8.0,37.8,19.0,0.0,15.0,26.2,5.8,30.0,6.0,2021-03-06
2021.0,Mar,7,27.0,960.6,2.0,9.2,8.0,38.6,20.0,0.0,11.0,26.5,7.7,40.0,5.0,2021-03-07
2021.0,Mar,8,27.0,959.3,0.0,9.0,7.8,39.6,20.1,0.0,10.0,26.5,5.7,50.0,5.0,2021-03-08
2021.0,Mar,9,27.8,958.2,1.0,9.600000000000001,7.8,40.7,16.6,0.0,9.0,26.6,6.2,40.0,5.0,2021-03-09
2021.0,Mar,10,27.9,957.4,8.0,9.7,7.2,40.4,18.3,0.0,9.0,26.1,6.7,140.0,4.0,2021-03-10
2021.0,Mar,11,29.3,957.1,4.0,11.900000000000002,6.9,41.2,18.3,0.0,13.0,26.0,9.1,210.0,5.0,2021-03-11
2021.0,Mar,12,30.2,957.9,5.0,13.599999999999998,7.4,41.0,19.0,0.0,17.0,25.5,8.5,230.0,5.0,2021-03-12
2021.0,Mar,13,29.8,958.6,5.0,13.600000000000001,7.8,40.6,22.0,0.0,19.0,26.0,9.3,280.0,5.0,2021-03-13
2021.0,Mar,14,29.5,958.0,5.0,12.899999999999999,7.4,39.1,24.2,0.0,17.0,26.1,6.9,290.0,5.0,2021-03-14
2021.0,Mar,15,29.3,958.2,7.0,12.5,7.2,38.8,24.0,0.0,16.0,25.8,8.6,290.0,4.0,2021-03-15
2021.0,Mar,16,29.1,958.8,4.0,12.3,7.2,38.4,24.2,0.0,16.0,26.0,6.8,90.0,5.0,2021-03-16
2021.0,Mar,17,29.1,959.3,6.0,12.3,6.8,38.3,21.2,0.0,16.0,24.9,8.6,70.0,4.0,2021-03-17
2021.0,Mar,18,29.1,958.9,5.0,12.3,6.0,38.1,23.2,0.0,16.0,24.6,6.0,270.0,3.0,2021-03-18
2021.0,Mar,19,29.7,958.3,6.0,13.5,6.8,39.5,21.9,0.0,19.0,25.0,8.1,190.0,3.0,2021-03-19
2021.0,Mar,20,31.5,957.1,5.0,15.7,7.5,40.1,24.6,0.0,21.0,25.6,8.4,260.0,4.0,2021-03-20
2021.0,Mar,21,31.5,956.9,4.0,16.3,7.5,41.2,25.9,0.0,24.0,26.6,5.9,150.0,4.0,2021-03-21
2021.0,Mar,22,30.0,959.7,1.0,13.600000000000001,7.3,39.2,25.7,0.0,18.0,25.3,7.3,260.0,6.0,2021-03-22
2021.0,Mar,23,31.0,960.7,2.0,18.4,8.1,40.3,25.6,0.0,37.0,25.6,8.7,80.0,5.0,2021-03-23
2021.0,Mar,24,30.1,961.3,5.0,13.5,7.5,38.7,26.5,0.0,17.0,26.5,6.8,20.0,5.0,2021-03-24
2021.0,Mar,25,29.0,963.1,2.0,11.8,8.8,37.4,22.6,0.0,14.0,27.1,9.1,30.0,8.0,2021-03-25
2021.0,Mar,26,28.4,964.2,0.0,10.799999999999997,8.6,35.6,23.2,0.0,12.0,27.4,6.3,30.0,8.0,2021-03-26
2021.0,Mar,27,26.8,964.5,0.0,9.8,8.6,33.4,20.8,0.0,15.0,27.2,7.6,40.0,8.0,2021-03-27
2021.0,Mar,28,26.7,964.0,1.0,9.7,8.6,33.7,18.8,0.0,15.0,27.0,8.7,40.0,8.0,2021-03-28
2021.0,Mar,29,26.8,963.6,2.0,9.400000000000002,8.2,33.0,22.4,0.0,13.0,27.4,7.8,30.0,7.0,2021-03-29
2021.0,Mar,30,26.0,962.7,3.0,7.800000000000001,8.0,33.3,21.0,0.0,9.0,27.9,8.1,40.0,7.0,2021-03-30
2021.0,Mar,31,25.9,963.2,4.0,8.099999999999998,8.3,34.8,19.9,0.0,11.0,27.9,6.2,30.0,7.0,2021-03-31
2021.0,May,1,30.4,958.3,3.0,13.2,8.1,42.2,23.4,0.0,14.0,27.5,9.8,110.0,4.0,2021-05-01
2021.0,May,2,30.5,958.0,5.0,14.3,7.1,42.0,22.9,0.0,19.0,25.3,6.8,130.0,5.0,2021-05-02
2021.0,May,3,30.7,958.4,3.0,16.9,6.5,42.0,26.5,0.0,31.0,26.9,8.1,190.0,4.0,2021-05-03
2021.0,May,4,31.3,958.7,4.0,18.700000000000003,6.8,41.5,22.9,0.0,37.0,26.3,7.2,260.0,5.0,2021-05-04
2021.0,May,5,31.1,958.7,2.0,18.900000000000002,7.4,41.0,25.5,2.2,39.0,27.0,9.4,190.0,5.0,2021-05-05
2021.0,May,6,31.5,961.3,6.0,16.9,7.3,41.6,26.9,0.6,27.0,26.3,5.0,200.0,7.0,2021-05-06
2021.0,May,7,32.1,962.0,3.0,20.900000000000002,6.5,39.0,28.3,0.0,44.0,24.2,9.6,180.0,5.0,2021-05-07
2021.0,May,8,31.5,962.0,4.0,20.3,5.1,39.0,25.3,4.1,44.0,22.2,5.0,220.0,5.0,2021-05-08
2021.0,May,9,31.6,962.0,5.0,22.400000000000002,6.1,39.0,28.0,0.0,54.0,23.0,8.4,210.0,5.0,2021-05-09
2021.0,May,10,31.1,960.9,2.0,21.3,7.3,40.0,22.7,0.0,51.0,25.4,6.5,180.0,5.0,2021-05-10
2021.0,May,11,31.7,960.2,4.0,19.9,7.0,40.6,25.9,0.0,41.0,25.8,7.5,180.0,5.0,2021-05-11
2021.0,May,12,32.2,960.0,5.0,19.800000000000004,7.4,38.8,27.2,0.0,38.0,26.0,5.4,200.0,6.0,2021-05-12
2021.0,May,13,32.2,960.3,2.0,20.400000000000002,6.4,39.4,26.6,3.1,41.0,24.8,7.9,170.0,5.0,2021-05-13
2021.0,May,14,32.3,960.3,5.0,20.099999999999998,6.5,38.6,26.8,0.8,39.0,25.3,8.4,180.0,5.0,2021-05-14
2021.0,May,15,32.7,959.9,6.0,20.300000000000004,7.3,40.6,25.6,0.5,38.0,26.6,7.3,170.0,5.0,2021-05-15
2021.0,May,16,32.5,960.6,4.0,20.7,7.1,40.2,26.8,0.0,41.0,24.4,6.7,170.0,5.0,2021-05-16
2021.0,May,17,31.7,961.3,2.0,20.299999999999997,7.0,40.5,25.4,0.0,43.0,25.6,8.7,170.0,5.0,2021-05-17
2021.0,May,18,32.4,961.1,2.0,20.599999999999998,7.2,40.5,26.2,0.4,41.0,26.6,9.2,180.0,5.0,2021-05-18
2021.0,May,19,32.2,960.6,6.0,19.000000000000004,7.3,40.6,26.3,2.0,34.0,26.8,5.9,180.0,5.0,2021-05-19
2021.0,May,20,32.2,961.1,4.0,18.800000000000004,7.4,40.5,26.2,1.7,33.0,26.7,9.2,190.0,5.0,2021-05-20
2021.0,May,21,32.4,962.2,5.0,20.0,6.6,39.0,25.9,0.6,38.0,23.5,7.2,170.0,5.0,2021-05-21
2021.0,May,22,31.9,961.7,3.0,20.299999999999997,6.4,41.0,27.9,0.0,42.0,24.8,7.1,160.0,4.0,2021-05-22
2021.0,May,23,33.1,961.2,3.0,20.5,7.9,42.1,26.6,0.0,37.0,27.5,6.9,140.0,4.0,2021-05-23
2021.0,May,24,31.5,960.3,0.0,17.1,7.8,41.6,24.2,0.0,28.0,27.5,6.5,110.0,4.0,2021-05-24
2021.0,May,25,30.9,960.1,1.0,15.7,7.6,41.3,26.1,0.0,24.0,26.6,8.8,150.0,5.0,2021-05-25
2021.0,May,26,31.7,960.7,3.0,17.299999999999997,7.1,40.5,26.0,0.0,28.0,27.1,9.2,150.0,4.0,2021-05-26
2021.0,May,27,31.6,961.0,4.0,18.6,6.6,40.0,25.4,0.0,35.0,26.1,8.1,140.0,4.0,2021-05-27
2021.0,May,28,31.2,961.1,6.0,17.6,5.8,39.6,28.4,0.0,32.0,18.3,6.2,170.0,4.0,2021-05-28
2021.0,May,29,32.5,959.0,2.0,20.1,7.7,41.5,24.6,0.0,38.0,27.0,7.1,160.0,4.0,2021-05-29
2021.0,May,30,31.9,958.7,2.0,17.7,6.9,41.4,24.5,0.0,29.0,26.5,8.9,180.0,4.0,2021-05-30
2021.0,May,31,30.2,959.8,3.0,16.799999999999997,6.6,41.4,26.4,4.0,33.0,24.6,7.9,210.0,8.0,2021-05-31
2021.0,Nov,1,26.9,962.9,4.0,12.7,5.9,36.7,17.6,0.0,29.0,23.4,8.3,120.0,5.0,2021-11-01
2021.0,Nov,2,26.8,962.1,2.0,12.4,5.5,36.2,17.2,0.0,28.0,23.1,7.4,130.0,4.0,2021-11-02
2021.0,Nov,3,27.8,962.3,1.0,14.0,6.0,37.5,18.9,0.0,31.0,23.2,9.1,70.0,5.0,2021-11-03
2021.0,Nov,4,28.5,962.1,5.0,14.9,6.2,38.4,21.2,0.0,32.0,23.4,8.3,40.0,6.0,2021-11-04
2021.0,Nov,5,27.7,961.2,2.0,11.899999999999999,5.9,37.7,22.5,0.0,21.0,23.3,6.5,40.0,5.0,2021-11-05
2021.0,Nov,6,27.1,960.1,4.0,12.100000000000001,6.1,37.6,19.4,1.7,25.0,23.0,6.5,40.0,5.0,2021-11-06
2021.0,Nov,7,27.3,960.0,3.0,12.5,5.8,38.3,18.4,0.0,26.0,22.9,8.0,60.0,4.0,2021-11-07
2021.0,Nov,8,27.1,960.8,2.0,12.700000000000001,5.4,37.6,18.7,0.0,28.0,23.0,9.0,70.0,4.0,2021-11-08
2021.0,Nov,9,26.9,961.5,0.0,12.499999999999998,5.8,37.7,19.4,0.0,28.0,23.1,9.0,50.0,4.0,2021-11-09
2021.0,Nov,10,28.0,961.2,4.0,13.2,6.0,37.8,19.4,0.0,26.0,23.4,7.7,40.0,5.0,2021-11-10
2021.0,Nov,11,27.4,960.1,3.0,11.799999999999999,5.6,37.4,15.0,0.0,22.0,23.6,9.2,80.0,4.0,2021-11-11
2021.0,Nov,12,25.7,960.4,3.0,10.299999999999999,5.6,37.8,14.9,0.0,23.0,23.0,6.7,110.0,4.0,2021-11-12
2021.0,Nov,13,26.8,961.4,6.0,11.600000000000001,5.8,37.6,16.0,0.0,24.0,23.1,9.1,60.0,5.0,2021-11-13
2021.0,Nov,14,26.2,961.5,5.0,11.2,5.9,37.4,16.8,0.0,25.0,23.0,7.1,80.0,5.0,2021-11-14
2021.0,Nov,15,26.2,960.8,8.0,11.0,5.5,35.3,17.2,0.0,24.0,22.7,8.7,60.0,4.0,2021-11-15
2021.0,Nov,16,26.3,960.9,5.0,10.9,5.5,37.6,15.8,0.0,23.0,22.8,9.1,40.0,4.0,2021-11-16
2021.0,Nov,17,26.3,961.7,5.0,10.9,5.8,37.8,15.4,0.0,23.0,22.7,7.2,30.0,5.0,2021-11-17
2021.0,Nov,18,26.7,962.1,0.0,11.899999999999999,5.9,37.6,12.5,0.0,26.0,22.6,7.9,30.0,6.0,2021-11-18
2021.0,Nov,19,27.1,961.3,2.0,12.100000000000001,5.8,37.1,15.8,0.0,25.0,22.7,9.0,40.0,5.0,2021-11-19
2021.0,Nov,20,26.7,960.5,5.0,11.899999999999999,6.0,36.9,16.1,0.0,26.0,22.8,5.9,40.0,5.0,2021-11-20
2021.0,Nov,21,26.0,961.7,7.0,10.8,5.8,37.5,16.3,0.0,24.0,22.1,5.8,40.0,5.0,2021-11-21
2021.0,Nov,22,26.2,963.1,4.0,11.6,6.0,37.6,17.0,0.0,27.0,22.3,7.9,50.0,5.0,2021-11-22
2021.0,Nov,23,26.5,962.7,2.0,11.7,6.1,37.1,19.6,0.0,26.0,22.4,8.7,40.0,6.0,2021-11-23
2021.0,Nov,24,26.7,962.0,1.0,11.7,6.1,36.7,17.4,0.0,25.0,22.4,7.1,40.0,6.0,2021-11-24
2021.0,Nov,25,25.9,962.6,0.0,10.499999999999998,6.0,36.3,16.3,0.0,23.0,22.7,9.1,40.0,6.0,2021-11-25
2021.0,Nov,26,24.9,962.5,3.0,8.7,6.2,36.8,16.4,0.0,19.0,22.5,7.4,40.0,6.0,2021-11-26
2021.0,Nov,27,25.4,962.5,3.0,9.2,6.1,35.5,19.0,0.0,19.0,22.5,7.5,40.0,6.0,2021-11-27
2021.0,Nov,28,25.4,962.4,3.0,9.399999999999999,5.9,36.9,15.5,0.0,20.0,22.3,8.1,30.0,5.0,2021-11-28
2021.0,Nov,29,24.6,962.8,4.0,8.8,6.2,36.9,16.2,0.0,21.0,22.0,8.7,30.0,6.0,2021-11-29
2021.0,Nov,30,25.9,962.3,2.0,9.5,6.4,36.5,18.8,0.0,18.0,21.9,7.1,30.0,6.0,2021-11-30
2021.0,Oct,1,29.3,961.1,3.0,20.9,5.2,35.6,23.4,0.0,58.0,23.8,8.4,240.0,3.0,2021-10-01
2021.0,Oct,2,29.2,961.4,1.0,20.2,5.4,35.6,23.6,0.0,55.0,24.3,8.7,150.0,4.0,2021-10-02
2021.0,Oct,3,28.8,961.7,3.0,18.200000000000003,5.4,35.5,21.2,2.8,47.0,24.6,8.0,150.0,4.0,2021-10-03
2021.0,Oct,4,28.4,961.7,5.0,17.2,5.0,35.5,24.4,0.0,44.0,24.0,5.8,120.0,4.0,2021-10-04
2021.0,Oct,5,29.4,961.6,6.0,19.599999999999998,5.5,35.8,23.5,0.0,51.0,24.1,9.0,130.0,4.0,2021-10-05
2021.0,Oct,6,29.6,961.2,3.0,18.400000000000002,5.4,35.5,21.0,0.0,44.0,24.6,9.0,110.0,3.0,2021-10-06
2021.0,Oct,7,28.6,960.2,4.0,16.200000000000003,5.7,35.7,20.6,0.0,38.0,24.8,9.7,100.0,4.0,2021-10-07
2021.0,Oct,8,27.9,960.5,3.0,16.7,5.9,36.5,19.6,0.0,44.0,25.1,8.4,60.0,4.0,2021-10-08
2021.0,Oct,9,28.8,961.5,7.0,15.0,5.9,36.3,18.1,5.4,31.0,24.4,8.4,120.0,3.0,2021-10-09
2021.0,Oct,10,28.3,961.8,4.0,14.3,5.8,35.6,19.6,0.0,30.0,25.2,8.8,150.0,3.0,2021-10-10
2021.0,Oct,11,28.4,960.9,2.0,14.799999999999999,6.1,37.3,18.5,0.0,32.0,25.5,7.9,220.0,3.0,2021-10-11
2021.0,Oct,12,28.5,960.2,1.0,14.3,5.8,38.6,17.9,0.0,29.0,25.5,8.3,200.0,3.0,2021-10-12
2021.0,Oct,13,28.3,960.5,4.0,14.100000000000001,6.2,36.8,20.2,0.0,29.0,24.9,7.3,150.0,4.0,2021-10-13
2021.0,Oct,14,28.5,960.4,6.0,13.7,5.8,35.5,17.4,0.0,26.0,23.3,7.8,120.0,5.0,2021-10-14
2021.0,Oct,15,27.2,960.8,7.0,13.799999999999999,2.6,29.2,23.0,4.0,33.0,15.7,4.4,120.0,3.0,2021-10-15
2021.0,Oct,16,27.1,961.7,4.0,22.3,4.1,33.5,22.5,0.9,76.0,17.3,8.0,120.0,3.0,2021-10-16
2021.0,Oct,17,26.7,961.2,6.0,21.9,4.7,35.5,24.0,0.0,76.0,21.9,7.4,220.0,3.0,2021-10-17
2021.0,Oct,18,28.8,960.9,4.0,22.0,5.2,35.7,22.200000000000003,0.0,67.0,23.8,6.4,230.0,4.0,2021-10-18
2021.0,Oct,19,28.5,962.1,5.0,20.1,5.2,35.3,24.0,0.0,58.0,23.0,5.8,230.0,4.0,2021-10-19
2021.0,Oct,20,28.7,962.3,5.0,20.299999999999997,5.1,35.3,25.0,0.0,58.0,20.8,7.1,180.0,4.0,2021-10-20
2021.0,Oct,21,28.9,962.2,4.0,20.9,4.8,35.4,25.0,1.0,60.0,22.3,4.8,120.0,4.0,2021-10-21
2021.0,Oct,22,28.8,963.5,4.0,19.6,4.6,36.2,24.3,0.5,54.0,21.7,5.0,160.0,4.0,2021-10-22
2021.0,Oct,23,29.1,963.3,4.0,19.5,5.4,35.2,22.9,0.0,52.0,23.7,8.6,190.0,4.0,2021-10-23
2021.0,Oct,24,29.1,962.0,6.0,18.1,5.6,35.5,21.8,0.0,45.0,24.1,7.8,120.0,4.0,2021-10-24
2021.0,Oct,25,27.9,962.5,4.0,14.899999999999999,5.3,37.8,19.2,0.0,35.0,23.9,8.2,120.0,4.0,2021-10-25
2021.0,Oct,26,29.0,962.7,2.0,15.6,5.5,37.4,23.0,0.0,33.0,23.7,8.8,120.0,4.0,2021-10-26
2021.0,Oct,27,28.2,961.9,1.0,17.0,5.8,36.3,21.2,0.0,44.0,24.4,6.8,40.0,4.0,2021-10-27
2021.0,Oct,28,27.3,961.1,5.0,12.5,6.4,36.9,17.5,0.0,26.0,24.5,5.7,50.0,5.0,2021-10-28
2021.0,Oct,29,27.2,961.6,6.0,12.0,6.4,38.0,15.5,0.0,24.0,24.3,8.4,40.0,6.0,2021-10-29
2021.0,Oct,30,27.2,962.7,6.0,12.0,6.2,36.8,16.5,0.0,24.0,24.2,8.6,70.0,5.0,2021-10-30
2021.0,Oct,31,27.7,962.9,4.0,12.7,6.1,37.1,17.5,0.0,25.0,24.0,6.9,100.0,5.0,2021-10-31
2021.0,Sep,1,29.6,961.2,4.0,22.6,5.4,33.9,23.8,17.6,65.0,25.8,5.5,200.0,6.0,2021-09-01
2021.0,Sep,2,28.4,962.1,7.0,21.0,4.1,32.9,22.2,0.0,69.0,21.3,6.1,250.0,5.0,2021-09-02
2021.0,Sep,3,28.1,961.8,7.0,22.1,3.4,34.8,23.3,2.9,70.0,19.6,0.6000000000000001,230.0,6.0,2021-09-03
2021.0,Sep,4,28.1,962.0,6.0,22.3,5.0,33.2,22.900000000000002,4.0,74.0,22.0,5.9,220.0,5.0,2021-09-04
2021.0,Sep,5,28.5,962.8,7.0,22.7,4.2,27.2,23.4,13.4,71.0,21.9,2.9,240.0,6.0,2021-09-05
2021.0,Sep,6,27.3,962.4,5.0,20.0,3.0,29.3,22.5,0.0,76.0,14.9,3.5000000000000004,200.0,4.0,2021-09-06
2021.0,Sep,7,25.4,963.1,2.0,21.4,4.7,32.7,22.1,0.0,80.0,24.7,6.199999999999999,190.0,3.0,2021-09-07
2021.0,Sep,8,26.2,962.8,4.0,20.799999999999997,4.0,32.2,23.6,8.7,73.0,23.7,1.3000000000000003,190.0,3.0,2021-09-08
2021.0,Sep,9,27.9,963.4,4.0,22.5,4.3,34.0,22.9,0.0,75.0,23.4,7.199999999999999,170.0,2.0,2021-09-09
2021.0,Sep,10,28.0,963.3,3.0,21.8,5.0,34.0,23.6,0.0,69.0,25.2,7.5,200.0,3.0,2021-09-10
2021.0,Sep,11,28.4,962.1,5.0,22.4,4.3,34.7,23.6,11.5,70.0,23.2,4.300000000000001,220.0,4.0,2021-09-11
2021.0,Sep,12,28.5,962.1,6.0,23.1,4.1,33.0,24.6,7.0,73.0,21.1,3.3000000000000003,150.0,3.0,2021-09-12
2021.0,Sep,13,27.9,963.1,5.0,20.9,4.1,31.2,23.099999999999998,4.1,76.0,20.8,5.199999999999999,160.0,4.0,2021-09-13
2021.0,Sep,14,27.3,963.9,3.0,20.5,4.6,32.4,22.5,0.0,76.0,24.1,6.300000000000001,170.0,2.0,2021-09-14
2021.0,Sep,15,27.0,963.1,5.0,20.4,5.1,33.5,23.4,5.5,67.0,24.7,8.0,260.0,5.0,2021-09-15
2021.0,Sep,16,29.0,962.6,6.0,22.0,5.1,34.2,23.0,0.0,65.0,24.1,7.1,250.0,5.0,2021-09-16
2021.0,Sep,17,29.3,962.0,5.0,21.700000000000003,5.2,33.6,22.4,0.0,62.0,24.5,7.9,220.0,4.0,2021-09-17
2021.0,Sep,18,29.2,962.0,2.0,21.6,5.2,35.1,23.0,0.0,62.0,24.6,6.4,240.0,4.0,2021-09-18
2021.0,Sep,19,28.6,961.3,3.0,21.400000000000002,5.0,35.0,24.0,2.3,64.0,23.2,7.799999999999999,170.0,3.0,2021-09-19
2021.0,Sep,20,29.3,961.5,5.0,20.700000000000003,4.8,34.9,22.2,8.6,57.0,23.0,4.0,170.0,4.0,2021-09-20
2021.0,Sep,21,29.0,963.2,8.0,22.8,2.4,34.9,24.3,7.8,69.0,11.3,0.0,200.0,4.0,2021-09-21
2021.0,Sep,22,25.8,963.3,6.0,21.8,3.8,34.5,24.3,0.0,80.0,23.2,5.4,150.0,3.0,2021-09-22
2021.0,Sep,23,27.8,962.9,4.0,21.6,4.8,29.4,22.5,0.0,69.0,21.7,5.699999999999999,180.0,3.0,2021-09-23
2021.0,Sep,24,28.7,962.8,5.0,19.3,4.7,31.2,21.1,0.0,62.0,24.9,5.6,210.0,4.0,2021-09-24
2021.0,Sep,25,28.7,962.2,2.0,21.299999999999997,5.4,33.6,22.3,0.0,63.0,25.0,8.0,200.0,4.0,2021-09-25
2021.0,Sep,26,28.5,961.6,3.0,20.1,5.2,34.2,21.6,0.0,58.0,23.9,7.199999999999999,220.0,4.0,2021-09-26
2021.0,Sep,27,28.4,961.0,5.0,19.799999999999997,5.1,34.9,22.5,5.6,57.0,24.2,5.5,180.0,4.0,2021-09-27
2021.0,Sep,28,28.8,962.8,8.0,20.6,3.0,35.0,22.5,8.1,59.0,16.8,0.0,160.0,3.0,2021-09-28
2021.0,Sep,29,27.6,962.1,2.0,22.200000000000003,5.0,34.5,23.6,0.0,73.0,23.5,5.800000000000001,160.0,3.0,2021-09-29
2021.0,Sep,30,28.1,961.6,5.0,21.1,5.4,35.2,22.5,0.0,65.0,24.9,5.4,210.0,3.0,2021-09-30
2022.0,April,1,30.4,958.4,8.0,12.2,8.1,41.1,17.4,0.0,9.0,27.4,5.5,30.0,5.0,2022-04-01
2022.0,April,2,31.2,957.9,6.0,13.0,7.8,42.2,18.5,0.2,9.0,27.7,7.0,150.0,4.0,2022-04-02
2022.0,April,3,31.1,958.9,3.0,13.100000000000001,7.8,41.6,19.0,0.0,10.0,27.6,8.2,140.0,4.0,2022-04-03
2022.0,April,4,30.9,959.2,6.0,13.299999999999997,7.9,41.5,21.8,20.8,12.0,25.6,7.5,220.0,5.0,2022-04-04
2022.0,April,5,31.6,958.5,4.0,14.200000000000003,7.9,41.7,21.6,0.0,13.0,27.5,8.4,120.0,4.0,2022-04-05
2022.0,April,6,31.9,958.1,4.0,14.899999999999999,8.0,43.3,21.7,1.5,15.0,27.5,7.7,170.0,4.0,2022-04-06
2022.0,April,7,32.2,957.9,2.0,15.800000000000004,7.2,43.2,24.2,93.3,18.0,25.9,5.6,180.0,4.0,2022-04-07
2022.0,April,8,32.0,957.6,5.0,16.8,7.4,42.0,25.6,0.0,24.0,26.1,8.8,200.0,4.0,2022-04-08
2022.0,April,9,33.2,958.0,5.0,20.6,7.0,40.5,28.2,0.0,37.0,25.7,5.3,220.0,5.0,2022-04-09
2022.0,April,10,33.0,957.2,5.0,20.2,6.7,40.6,26.6,0.0,36.0,24.5,8.3,150.0,4.0,2022-04-10
2022.0,April,11,34.5,958.3,5.0,20.3,7.0,41.8,27.8,16.7,29.0,26.2,5.8,190.0,7.0,2022-04-11
2022.0,April,12,34.3,957.5,7.0,22.9,5.7,39.4,28.3,0.0,43.0,19.0,4.5,180.0,4.0,2022-04-12
2022.0,April,13,32.8,957.5,5.0,20.599999999999998,7.1,40.2,22.8,0.0,39.0,24.9,8.7,240.0,6.0,2022-04-13
2022.0,April,14,33.4,959.4,8.0,20.799999999999997,6.2,40.6,25.3,13.4,37.0,19.9,1.9,240.0,8.0,2022-04-14
2022.0,April,15,31.8,959.4,4.0,21.4,7.3,33.0,25.3,0.1,48.0,25.0,6.3,250.0,5.0,2022-04-15
2022.0,April,16,32.6,958.0,5.0,20.6,6.5,39.7,25.0,2.5,40.0,23.1,5.7,280.0,4.0,2022-04-16
2022.0,April,17,33.7,959.2,7.0,20.700000000000003,6.8,39.6,26.3,4.4,35.0,23.5,7.2,260.0,5.0,2022-04-17
2022.0,April,18,33.5,961.2,6.0,20.7,6.4,37.1,23.7,0.0,36.0,22.2,4.6,200.0,5.0,2022-04-18
2022.0,April,19,32.3,959.9,6.0,20.299999999999997,6.9,39.1,24.5,30.2,40.0,22.2,4.1,150.0,4.0,2022-04-19
2022.0,April,20,33.3,958.5,7.0,18.9,7.2,40.2,28.6,0.0,28.0,26.7,7.3,80.0,4.0,2022-04-20
2022.0,April,21,32.8,958.7,6.0,16.4,6.5,40.8,25.7,0.0,18.0,25.9,6.7,170.0,5.0,2022-04-21
2022.0,April,22,32.8,958.0,4.0,19.4,7.1,41.7,26.4,0.0,33.0,26.0,7.1,140.0,3.0,2022-04-22
2022.0,April,23,32.5,957.0,7.0,17.5,7.4,40.6,27.3,0.0,25.0,25.4,8.7,230.0,4.0,2022-04-23
2022.0,April,24,33.3,957.1,5.0,20.299999999999997,7.4,41.6,26.6,0.0,35.0,24.6,7.9,230.0,6.0,2022-04-24
2022.0,April,25,33.9,957.6,8.0,21.5,6.9,41.2,26.6,0.0,38.0,25.6,4.5,240.0,6.0,2022-04-25
2022.0,April,26,33.6,957.5,7.0,20.8,8.0,41.5,26.4,0.0,36.0,26.2,5.0,250.0,6.0,2022-04-26
2022.0,April,27,33.4,959.2,6.0,18.2,6.5,41.3,26.9,0.0,24.0,23.2,5.9,210.0,8.0,2022-04-27
2022.0,April,28,32.9,960.1,7.0,21.299999999999997,6.1,39.0,23.3,0.0,42.0,24.9,4.5,220.0,6.0,2022-04-28
2022.0,April,29,33.2,961.0,7.0,21.000000000000004,6.8,40.5,27.5,0.0,39.0,23.9,6.2,240.0,5.0,2022-04-29
2022.0,April,30,33.3,960.6,4.0,20.9,7.5,41.5,28.7,0.0,38.0,23.6,6.5,230.0,5.0,2022-04-30
2022.0,Aug,1,26.6,963.0,8.0,21.0,1.3,24.4,22.5,1.1,72.0,5.1,0.0,260.0,5.0,2022-08-01
2022.0,Aug,2,23.1,962.3,7.0,19.9,2.6,27.5,21.5,0.0,92.0,7.9,0.0,240.0,5.0,2022-08-02
2022.0,Aug,3,23.6,962.2,7.0,21.0,4.3,30.0,21.200000000000003,0.0,88.0,23.2,6.799999999999999,240.0,5.0,2022-08-03
2022.0,Aug,4,26.1,963.5,7.0,20.5,4.2,29.7,22.2,6.6,72.0,18.0,6.5,270.0,4.0,2022-08-04
2022.0,Aug,5,27.1,962.4,6.0,20.900000000000002,4.7,32.4,22.5,4.3,69.0,23.2,6.699999999999999,260.0,5.0,2022-08-05
2022.0,Aug,6,27.7,960.7,7.0,20.9,5.4,33.5,23.0,26.9,66.0,24.2,6.9,230.0,6.0,2022-08-06
2022.0,Aug,7,28.4,961.7,8.0,22.2,2.3,26.7,24.4,0.0,69.0,9.2,0.0,200.0,4.0,2022-08-07
2022.0,Aug,8,26.0,962.6,6.0,20.1,5.0,31.5,21.2,0.0,76.0,23.1,5.300000000000001,240.0,3.0,2022-08-08
2022.0,Aug,9,27.4,961.4,6.0,21.799999999999997,5.3,32.7,21.9,20.8,72.0,25.5,7.299999999999999,250.0,4.0,2022-08-09
2022.0,Aug,10,28.6,961.8,8.0,22.0,2.1,32.7,23.5,5.1,67.0,13.5,0.0,240.0,6.0,2022-08-10
2022.0,Aug,11,26.4,961.7,8.0,20.2,4.6,26.0,21.799999999999997,20.6,77.0,19.9,3.1,230.0,6.0,2022-08-11
2022.0,Aug,12,26.7,961.9,8.0,20.9,1.5,30.1,22.0,1.6,71.0,5.3,0.0,250.0,6.0,2022-08-12
2022.0,Aug,13,24.1,960.1,8.0,19.0,2.4,29.0,22.3,0.8,91.0,11.7,0.0,220.0,4.0,2022-08-13
2022.0,Aug,14,24.5,961.0,8.0,20.6,2.0,28.0,22.1,16.6,88.0,8.3,0.0,220.0,6.0,2022-08-14
2022.0,Aug,15,24.0,963.6,8.0,22.2,3.2,29.0,24.0,0.0,91.0,15.4,2.0,230.0,5.0,2022-08-15
2022.0,Aug,16,25.5,963.0,8.0,20.5,3.3,28.0,20.5,8.1,75.0,12.5,0.5,290.0,5.0,2022-08-16
2022.0,Aug,17,25.3,961.3,8.0,20.5,2.5,28.9,22.6,18.9,76.0,14.8,0.0,230.0,5.0,2022-08-17
2022.0,Aug,18,26.2,962.4,8.0,22.8,2.1,28.2,23.5,6.2,83.0,8.3,0.0,210.0,4.0,2022-08-18
2022.0,Aug,19,23.6,964.2,5.0,21.7,4.6,27.2,22.200000000000003,0.0,93.0,20.9,6.799999999999999,240.0,5.0,2022-08-19
2022.0,Aug,20,25.9,962.6,8.0,20.5,4.1,30.2,21.7,26.7,73.0,20.0,3.6,280.0,5.0,2022-08-20
2022.0,Aug,21,26.7,960.1,7.0,20.1,3.8,32.0,22.4,0.0,67.0,18.3,1.5,140.0,3.0,2022-08-21
2022.0,Aug,22,26.8,962.4,6.0,20.0,4.0,32.0,21.200000000000003,0.0,72.0,19.5,6.1,220.0,5.0,2022-08-22
2022.0,Aug,23,26.3,964.6,8.0,21.5,2.1,26.0,23.0,16.7,76.0,18.0,0.0,250.0,5.0,2022-08-23
2022.0,Aug,24,25.9,963.2,7.0,20.7,3.2,28.0,22.6,0.0,74.0,4.6,3.8000000000000003,260.0,4.0,2022-08-24
2022.0,Aug,25,22.9,961.1,8.0,19.5,3.2,30.0,20.9,8.2,90.0,18.4,2.8000000000000003,190.0,4.0,2022-08-25
2022.0,Aug,26,25.3,961.3,7.0,22.1,2.9,29.6,23.1,10.9,84.0,19.9,3.5000000000000004,220.0,4.0,2022-08-26
2022.0,Aug,27,25.7,963.4,8.0,22.3,1.3,23.9,22.3,0.0,83.0,5.5,0.0,270.0,5.0,2022-08-27
2022.0,Aug,28,22.4,962.7,7.0,20.5,3.9,29.6,21.0,0.0,93.0,16.8,5.0,170.0,3.0,2022-08-28
2022.0,Aug,29,24.6,962.1,3.0,20.200000000000003,4.7,31.6,20.4,0.0,78.0,25.6,6.5,190.0,3.0,2022-08-29
2022.0,Aug,30,26.6,962.1,7.0,21.200000000000003,3.2,32.2,21.9,22.3,73.0,17.4,0.10000000000000009,190.0,3.0,2022-08-30
2022.0,Aug,31,27.0,963.0,8.0,22.6,2.6,27.5,23.3,0.0,78.0,14.4,0.0,240.0,3.0,2022-08-31
2022.0,Dec,1,22.6,961.6,6.0,8.8,5.3,32.6,17.5,0.0,31.0,21.3,8.4,30.0,5.0,2022-12-01
2022.0,Dec,2,24.1,960.3,1.0,9.700000000000001,6.1,33.2,14.7,0.0,28.0,21.5,7.7,40.0,5.0,2022-12-02
2022.0,Dec,3,25.6,961.9,1.0,11.200000000000001,6.6,35.5,16.4,0.0,28.0,21.5,6.3,40.0,7.0,2022-12-03
2022.0,Dec,4,26.8,963.8,4.0,12.600000000000001,6.3,36.2,18.4,0.0,29.0,22.3,6.5,40.0,6.0,2022-12-04
2022.0,Dec,5,24.4,963.6,6.0,8.999999999999998,6.3,34.0,19.2,0.0,23.0,21.6,6.6,40.0,6.0,2022-12-05
2022.0,Dec,6,24.1,963.5,4.0,9.100000000000001,6.4,33.9,18.4,0.0,25.0,21.7,8.8,40.0,7.0,2022-12-06
2022.0,Dec,7,24.1,965.1,1.0,8.900000000000002,6.3,33.0,18.5,0.0,24.0,21.9,7.7,40.0,7.0,2022-12-07
2022.0,Dec,8,22.7,965.6,0.0,7.5,5.8,31.4,18.2,0.0,24.0,21.7,9.0,30.0,6.0,2022-12-08
2022.0,Dec,9,21.9,964.4,0.0,6.699999999999999,5.7,31.1,18.0,0.0,24.0,21.6,7.9,30.0,5.0,2022-12-09
2022.0,Dec,10,22.1,963.3,0.0,7.100000000000001,5.9,33.2,15.2,0.0,25.0,21.6,8.7,30.0,6.0,2022-12-10
2022.0,Dec,11,22.7,963.4,3.0,8.1,5.9,32.2,12.4,0.0,27.0,21.7,7.9,30.0,6.0,2022-12-11
2022.0,Dec,12,22.9,963.7,6.0,7.899999999999999,5.8,33.0,13.5,0.0,25.0,21.8,7.0,20.0,5.0,2022-12-12
2022.0,Dec,13,22.4,963.2,1.0,7.599999999999998,5.9,33.4,10.8,0.0,26.0,21.7,6.0,30.0,5.0,2022-12-13
2022.0,Dec,14,22.3,962.6,3.0,7.300000000000001,6.0,34.0,12.0,0.0,25.0,21.4,8.1,30.0,5.0,2022-12-14
2022.0,Dec,15,23.2,961.8,4.0,8.0,6.2,34.0,11.0,0.0,24.0,21.5,6.5,30.0,6.0,2022-12-15
2022.0,Dec,16,24.2,962.4,5.0,9.2,5.8,31.1,17.9,0.0,25.0,21.0,7.1,40.0,6.0,2022-12-16
2022.0,Dec,17,23.5,964.0,8.0,8.9,5.5,31.5,13.5,0.0,27.0,18.3,5.7,30.0,6.0,2022-12-17
2022.0,Dec,18,22.8,963.4,3.0,8.4,6.0,31.6,15.2,0.0,28.0,20.7,7.8,30.0,6.0,2022-12-18
2022.0,Dec,19,22.8,963.6,4.0,8.8,5.6,31.0,13.4,0.0,30.0,21.5,8.1,30.0,6.0,2022-12-19
2022.0,Dec,20,21.6,964.6,4.0,7.800000000000001,5.4,31.0,15.0,0.0,31.0,21.3,9.2,20.0,6.0,2022-12-20
2022.0,Dec,21,20.9,966.2,3.0,7.899999999999999,5.4,28.9,15.0,0.0,35.0,21.4,6.4,20.0,6.0,2022-12-21
2022.0,Dec,22,20.3,966.4,7.0,7.100000000000001,5.1,28.7,13.2,0.0,34.0,21.4,6.6,30.0,5.0,2022-12-22
2022.0,Dec,23,18.7,966.9,8.0,5.299999999999999,5.4,28.3,11.8,0.0,33.0,21.1,7.0,40.0,7.0,2022-12-23
2022.0,Dec,24,19.6,967.6,2.0,6.000000000000002,5.7,27.5,15.2,0.0,32.0,20.8,8.3,40.0,7.0,2022-12-24
2022.0,Dec,25,20.2,967.6,0.0,6.199999999999999,5.5,27.6,14.9,0.0,30.0,21.2,6.6,40.0,7.0,2022-12-25
2022.0,Dec,26,20.0,967.6,0.0,6.6,5.8,28.6,14.4,0.0,33.0,21.4,8.6,40.0,7.0,2022-12-26
2022.0,Dec,27,20.4,967.1,0.0,6.799999999999999,5.7,29.0,14.2,0.0,32.0,21.5,8.8,40.0,7.0,2022-12-27
2022.0,Dec,28,20.4,966.9,0.0,6.799999999999999,5.9,29.0,13.7,0.0,32.0,21.6,9.5,30.0,7.0,2022-12-28
2022.0,Dec,29,19.9,966.9,0.0,5.699999999999999,5.5,28.0,13.7,0.0,29.0,21.8,5.5,40.0,6.0,2022-12-29
2022.0,Dec,30,18.4,967.1,4.0,3.9999999999999982,5.6,27.2,11.5,0.0,28.0,21.5,7.5,30.0,6.0,2022-12-30
2022.0,Dec,31,19.0,,,4.6,,,11.8,,28.0,,6.6,,,2022-12-31
2022.0,Feb,1,19.5,964.5,0.0,3.1000000000000014,5.9,27.8,12.7,0.0,18.0,23.4,7.4,30.0,5.0,2022-02-01
2022.0,Feb,2,19.3,964.7,4.0,3.1000000000000014,5.8,29.0,13.7,0.0,19.0,23.4,5.9,30.0,5.0,2022-02-02
2022.0,Feb,3,20.8,966.6,7.0,3.8000000000000007,6.7,30.0,12.0,0.0,15.0,23.4,7.7,30.0,7.0,2022-02-03
2022.0,Feb,4,19.9,967.3,0.0,3.299999999999997,6.4,29.0,16.2,0.0,17.0,23.5,8.6,30.0,7.0,2022-02-04
2022.0,Feb,5,20.4,966.6,0.0,4.399999999999999,6.4,28.0,14.7,0.0,20.0,23.4,6.5,40.0,7.0,2022-02-05
2022.0,Feb,6,20.8,965.5,0.0,5.0,6.4,29.5,14.2,0.0,21.0,23.5,7.6,40.0,6.0,2022-02-06
2022.0,Feb,7,21.8,964.7,2.0,5.400000000000002,6.4,31.5,15.9,0.0,18.0,23.5,8.2,40.0,5.0,2022-02-07
2022.0,Feb,8,22.8,963.9,1.0,6.199999999999999,6.6,32.9,16.0,0.0,17.0,23.6,9.0,30.0,6.0,2022-02-08
2022.0,Feb,9,23.0,964.1,3.0,5.600000000000001,7.3,33.6,14.2,0.0,13.0,24.2,7.3,40.0,7.0,2022-02-09
2022.0,Feb,10,22.7,963.7,2.0,5.5,7.3,33.6,15.4,0.0,14.0,24.6,7.5,40.0,7.0,2022-02-10
2022.0,Feb,11,22.2,963.1,0.0,5.800000000000001,6.7,31.2,15.4,0.0,18.0,24.4,8.8,40.0,6.0,2022-02-11
2022.0,Feb,12,22.3,963.4,2.0,5.5,6.5,30.2,13.9,0.0,16.0,24.3,7.5,30.0,6.0,2022-02-12
2022.0,Feb,13,22.8,963.6,1.0,5.600000000000001,6.6,31.6,15.7,0.0,14.0,24.2,6.2,30.0,6.0,2022-02-13
2022.0,Feb,14,23.0,963.1,5.0,6.0,6.8,33.5,12.7,0.0,15.0,24.2,8.4,30.0,5.0,2022-02-14
2022.0,Feb,15,24.7,962.9,3.0,7.5,7.2,34.5,16.8,0.0,14.0,24.3,6.5,30.0,6.0,2022-02-15
2022.0,Feb,16,25.2,962.2,1.0,8.0,7.1,35.0,14.4,0.0,14.0,24.4,9.3,20.0,5.0,2022-02-16
2022.0,Feb,17,25.5,961.2,1.0,8.3,7.4,30.5,17.2,0.0,14.0,24.6,8.4,30.0,6.0,2022-02-17
2022.0,Feb,18,25.4,961.9,1.0,8.0,8.1,30.5,17.3,0.0,13.0,24.8,7.5,30.0,8.0,2022-02-18
2022.0,Feb,19,23.8,963.6,2.0,7.0,7.2,32.0,15.7,0.0,16.0,24.8,7.5,30.0,7.0,2022-02-19
2022.0,Feb,20,23.0,965.3,4.0,6.0,6.9,30.8,15.8,0.0,15.0,24.9,6.1,40.0,7.0,2022-02-20
2022.0,Feb,21,23.6,964.5,0.0,6.600000000000001,6.9,32.4,16.8,0.0,15.0,25.0,7.7,30.0,6.0,2022-02-21
2022.0,Feb,22,24.1,963.9,1.0,6.900000000000002,6.9,34.6,12.0,0.0,14.0,25.1,8.1,30.0,6.0,2022-02-22
2022.0,Feb,23,24.8,963.8,0.0,7.400000000000002,6.9,35.3,15.4,0.0,13.0,25.4,6.9,30.0,6.0,2022-02-23
2022.0,Feb,24,24.5,964.1,3.0,7.100000000000001,7.7,35.0,16.0,0.0,13.0,25.6,7.0,30.0,7.0,2022-02-24
2022.0,Feb,25,24.1,964.2,1.0,6.900000000000002,7.1,32.0,16.3,0.0,14.0,25.5,9.1,30.0,6.0,2022-02-25
2022.0,Feb,26,24.1,963.5,3.0,7.300000000000001,7.1,33.8,17.0,0.0,16.0,25.7,7.4,40.0,6.0,2022-02-26
2022.0,Feb,27,25.1,963.1,2.0,8.5,7.1,34.8,19.3,0.0,17.0,25.3,6.8,30.0,6.0,2022-02-27
2022.0,Feb,28,26.1,962.0,1.0,8.900000000000002,7.2,35.6,16.1,0.0,14.0,25.4,9.0,30.0,6.0,2022-02-28
2022.0,Jan,1,21.3,965.4,2.0,5.5,5.7,31.1,14.2,0.0,21.0,21.5,9.3,30.0,6.0,2022-01-01
2022.0,Jan,2,20.9,965.5,2.0,5.899999999999999,6.0,29.7,14.7,0.0,25.0,21.5,7.0,40.0,7.0,2022-01-02
2022.0,Jan,3,20.4,965.8,4.0,6.599999999999998,5.6,27.4,16.4,0.0,31.0,20.6,6.7,40.0,7.0,2022-01-03
2022.0,Jan,4,20.7,965.9,7.0,6.899999999999999,4.6,27.0,12.7,0.0,31.0,18.7,3.6,40.0,6.0,2022-01-04
2022.0,Jan,5,21.2,965.3,6.0,7.199999999999999,5.2,29.0,17.5,0.0,30.0,20.4,6.5,30.0,5.0,2022-01-05
2022.0,Jan,6,22.9,963.3,6.0,8.299999999999999,5.4,31.5,14.2,0.0,27.0,20.9,7.5,40.0,5.0,2022-01-06
2022.0,Jan,7,23.1,962.9,2.0,7.900000000000002,5.3,34.4,18.2,0.0,24.0,21.1,8.0,20.0,4.0,2022-01-07
2022.0,Jan,8,24.4,962.8,3.0,8.799999999999999,5.9,33.5,17.7,0.0,22.0,21.2,6.6,30.0,5.0,2022-01-08
2022.0,Jan,9,23.9,963.9,5.0,7.899999999999999,6.5,29.2,14.0,0.0,20.0,21.3,5.7,20.0,7.0,2022-01-09
2022.0,Jan,10,21.0,963.4,2.0,4.199999999999999,6.0,27.2,13.7,0.0,16.0,21.4,7.2,20.0,6.0,2022-01-10
2022.0,Jan,11,20.8,963.3,1.0,4.199999999999999,5.5,27.2,13.7,0.0,17.0,21.4,7.1,20.0,5.0,2022-01-11
2022.0,Jan,12,22.2,963.8,2.0,5.800000000000001,5.5,29.3,13.6,0.0,18.0,21.5,7.8,70.0,4.0,2022-01-12
2022.0,Jan,13,22.7,964.7,1.0,5.5,5.9,32.4,13.6,0.0,14.0,21.7,8.4,90.0,4.0,2022-01-13
2022.0,Jan,14,22.9,964.8,3.0,5.5,5.9,32.2,13.4,0.0,13.0,21.7,9.2,40.0,5.0,2022-01-14
2022.0,Jan,15,22.6,964.0,7.0,5.800000000000001,6.0,33.3,14.0,0.0,16.0,21.6,6.6,30.0,5.0,2022-01-15
2022.0,Jan,16,21.8,965.2,2.0,5.800000000000001,6.1,32.0,15.9,0.0,20.0,21.9,7.5,30.0,6.0,2022-01-16
2022.0,Jan,17,20.2,967.7,6.0,4.799999999999999,5.9,29.9,13.5,0.0,23.0,22.0,5.7,30.0,7.0,2022-01-17
2022.0,Jan,18,19.0,969.0,3.0,4.199999999999999,5.8,27.0,12.5,0.0,26.0,22.1,8.0,30.0,7.0,2022-01-18
2022.0,Jan,19,18.9,968.7,1.0,3.4999999999999982,6.1,27.0,11.9,0.0,23.0,22.6,9.5,40.0,8.0,2022-01-19
2022.0,Jan,20,18.4,967.8,5.0,3.599999999999998,5.7,27.2,12.0,0.0,26.0,22.7,9.4,40.0,7.0,2022-01-20
2022.0,Jan,21,18.5,966.8,4.0,3.3000000000000007,5.7,27.5,12.2,0.0,24.0,22.3,5.8,30.0,6.0,2022-01-21
2022.0,Jan,22,19.5,966.1,2.0,3.6999999999999993,6.0,28.5,12.8,0.0,21.0,22.4,6.3,30.0,6.0,2022-01-22
2022.0,Jan,23,20.3,965.6,0.0,4.5,6.2,29.5,12.6,0.0,21.0,22.4,8.8,30.0,6.0,2022-01-23
2022.0,Jan,24,20.4,965.1,0.0,4.0,6.3,29.4,12.4,0.0,18.0,22.7,7.2,30.0,7.0,2022-01-24
2022.0,Jan,25,20.0,965.3,0.0,3.8000000000000007,6.1,28.5,12.4,0.0,19.0,22.8,8.1,30.0,7.0,2022-01-25
2022.0,Jan,26,20.3,965.1,2.0,4.300000000000001,6.4,28.6,12.5,0.0,20.0,22.7,7.8,40.0,7.0,2022-01-26
2022.0,Jan,27,20.7,965.3,2.0,5.1,6.3,26.8,15.5,0.0,22.0,22.8,6.9,40.0,7.0,2022-01-27
2022.0,Jan,28,20.2,966.5,2.0,4.6,6.2,25.7,14.6,0.0,22.0,22.9,7.0,40.0,7.0,2022-01-28
2022.0,Jan,29,19.7,966.8,5.0,2.8999999999999986,6.7,27.3,13.4,0.0,16.0,23.2,8.4,30.0,7.0,2022-01-29
2022.0,Jan,30,19.7,966.7,4.0,3.3000000000000007,6.6,28.4,12.9,0.0,18.0,23.4,6.8,30.0,8.0,2022-01-30
2022.0,Jan,31,19.4,965.6,0.0,3.3999999999999986,6.5,28.1,16.2,0.0,20.0,23.4,7.1,40.0,7.0,2022-01-31
2022.0,July,1,28.0,964.6,5.0,21.4,5.1,33.0,24.0,7.4,67.0,24.4,5.800000000000001,200.0,4.0,2022-07-01
2022.0,July,2,28.4,963.5,7.0,21.4,3.5,32.2,21.6,5.2,65.0,20.0,3.4,220.0,4.0,2022-07-02
2022.0,July,3,28.8,962.7,6.0,20.8,5.1,32.5,25.2,0.0,60.0,22.5,6.300000000000001,230.0,5.0,2022-07-03
2022.0,July,4,29.9,964.0,4.0,22.099999999999998,5.4,34.0,22.5,0.4,61.0,23.7,7.799999999999999,210.0,5.0,2022-07-04
2022.0,July,5,28.2,963.7,7.0,20.799999999999997,4.9,33.2,24.0,1.3,63.0,23.6,4.800000000000001,210.0,5.0,2022-07-05
2022.0,July,6,29.1,962.9,4.0,21.3,4.5,35.8,24.5,0.0,61.0,23.1,3.0000000000000004,250.0,5.0,2022-07-06
2022.0,July,7,30.2,962.3,5.0,21.2,6.1,36.3,25.3,10.3,55.0,25.3,4.9,220.0,5.0,2022-07-07
2022.0,July,8,30.5,963.1,7.0,19.8,4.3,29.5,21.3,6.1,54.0,23.3,1.2000000000000002,210.0,7.0,2022-07-08
2022.0,July,9,30.0,962.0,6.0,21.2,4.9,30.1,21.3,0.0,56.0,22.1,6.699999999999999,250.0,6.0,2022-07-09
2022.0,July,10,29.5,960.9,3.0,20.3,5.7,34.0,21.5,2.3,54.0,24.8,8.1,230.0,4.0,2022-07-10
2022.0,July,11,29.9,962.4,5.0,20.299999999999997,5.6,36.2,25.2,14.5,52.0,22.2,8.0,250.0,6.0,2022-07-11
2022.0,July,12,30.2,962.4,6.0,22.1,5.0,37.0,22.6,0.0,62.0,23.8,2.1,240.0,7.0,2022-07-12
2022.0,July,13,29.2,960.9,8.0,22.4,4.7,32.7,24.3,15.0,66.0,19.7,2.8000000000000003,240.0,7.0,2022-07-13
2022.0,July,14,29.3,961.4,8.0,22.9,2.5,29.2,23.3,7.4,68.0,12.9,0.0,230.0,5.0,2022-07-14
2022.0,July,15,25.9,962.3,8.0,22.099999999999998,2.5,31.5,22.4,16.0,81.0,13.2,0.0,220.0,4.0,2022-07-15
2022.0,July,16,25.6,964.5,7.0,22.400000000000002,1.5,25.9,22.9,0.9,84.0,5.1,0.0,230.0,4.0,2022-07-16
2022.0,July,17,23.4,963.6,5.0,22.0,4.4,30.5,22.0,0.0,93.0,17.0,4.4,240.0,5.0,2022-07-17
2022.0,July,18,25.5,962.5,2.0,21.3,4.8,32.0,23.0,8.6,79.0,23.4,5.0,250.0,6.0,2022-07-18
2022.0,July,19,26.8,962.7,8.0,21.6,2.5,24.5,21.7,12.5,74.0,12.2,0.0,230.0,4.0,2022-07-19
2022.0,July,20,24.8,962.1,7.0,20.6,4.1,24.5,21.6,4.4,84.0,22.0,5.6,200.0,3.0,2022-07-20
2022.0,July,21,26.5,961.9,6.0,20.6,4.2,29.6,20.7,9.0,71.0,23.5,5.1,170.0,4.0,2022-07-21
2022.0,July,22,27.0,962.8,7.0,21.6,4.1,31.2,23.4,0.0,73.0,22.0,5.4,180.0,4.0,2022-07-22
2022.0,July,23,26.7,962.8,6.0,21.1,4.8,30.1,21.3,0.0,72.0,25.2,7.699999999999999,230.0,4.0,2022-07-23
2022.0,July,24,27.4,960.8,7.0,21.0,5.3,32.8,22.8,0.0,68.0,24.2,6.799999999999999,240.0,6.0,2022-07-24
2022.0,July,25,28.7,960.3,7.0,22.1,5.2,34.7,24.7,14.5,67.0,23.8,6.799999999999999,220.0,8.0,2022-07-25
2022.0,July,26,28.9,961.6,7.0,23.099999999999998,3.0,35.0,24.5,16.6,71.0,15.9,0.30000000000000004,210.0,5.0,2022-07-26
2022.0,July,27,26.9,962.5,7.0,22.9,2.8,27.6,24.0,0.0,80.0,17.0,2.6999999999999997,250.0,5.0,2022-07-27
2022.0,July,28,26.3,963.3,5.0,19.6,4.7,28.0,22.3,8.3,80.0,21.9,5.199999999999999,240.0,5.0,2022-07-28
2022.0,July,29,26.7,963.6,8.0,20.2,1.8,32.0,20.5,10.8,69.0,5.3,0.0,210.0,6.0,2022-07-29
2022.0,July,30,24.0,963.0,5.0,19.4,5.0,26.6,20.4,0.4,82.0,19.9,6.4,220.0,5.0,2022-07-30
2022.0,July,31,25.3,962.6,8.0,19.1,3.7,31.8,20.2,25.5,69.0,20.4,0.8999999999999999,220.0,4.0,2022-07-31
2022.0,June,1,31.2,958.2,1.0,19.6,7.1,41.2,25.0,1.2,42.0,26.5,7.299999999999999,190.0,5.0,2022-06-01
2022.0,June,2,32.0,958.7,4.0,19.4,6.6,40.0,25.0,0.0,37.0,25.9,5.5,210.0,4.0,2022-06-02
2022.0,June,3,31.2,959.6,8.0,19.2,6.3,37.6,28.0,7.5,40.0,19.9,1.2000000000000002,210.0,7.0,2022-06-03
2022.0,June,4,32.0,962.3,6.0,21.2,3.6,35.0,26.4,0.0,46.0,15.9,0.0,170.0,6.0,2022-06-04
2022.0,June,5,28.6,962.4,5.0,19.400000000000002,5.7,39.0,26.4,3.4,54.0,24.5,7.9,140.0,4.0,2022-06-05
2022.0,June,6,30.1,960.6,3.0,18.5,7.6,37.2,22.9,0.0,42.0,25.7,6.0,250.0,6.0,2022-06-06
2022.0,June,7,31.4,959.5,1.0,18.4,7.4,39.5,27.0,0.0,35.0,24.9,7.1,240.0,5.0,2022-06-07
2022.0,June,8,31.7,959.5,4.0,18.5,6.8,38.2,26.4,0.0,34.0,25.2,6.799999999999999,200.0,5.0,2022-06-08
2022.0,June,9,31.0,961.0,5.0,20.6,3.2,27.4,26.8,13.7,48.0,20.1,0.6000000000000001,150.0,5.0,2022-06-09
2022.0,June,10,30.8,962.5,6.0,18.4,4.9,31.0,21.6,8.3,54.0,24.2,6.5,200.0,3.0,2022-06-10
2022.0,June,11,29.6,962.9,6.0,21.0,5.5,33.5,23.9,1.2,57.0,20.9,7.0,230.0,6.0,2022-06-11
2022.0,June,12,28.1,961.3,7.0,20.700000000000003,6.2,33.2,24.4,0.0,63.0,22.0,5.4,200.0,7.0,2022-06-12
2022.0,June,13,28.9,961.0,5.0,20.299999999999997,6.4,36.0,25.8,0.0,57.0,17.0,7.5,170.0,5.0,2022-06-13
2022.0,June,14,28.2,961.5,6.0,19.0,4.4,37.0,26.4,4.7,54.0,24.4,3.5000000000000004,180.0,4.0,2022-06-14
2022.0,June,15,29.9,961.0,7.0,23.099999999999998,4.6,34.0,23.6,3.3,66.0,20.5,4.699999999999999,260.0,4.0,2022-06-15
2022.0,June,16,28.5,962.7,7.0,20.0,3.3,26.5,21.3,8.2,64.0,20.7,0.0,220.0,5.0,2022-06-16
2022.0,June,17,28.2,963.2,6.0,21.0,5.4,31.0,21.5,0.0,64.0,23.1,3.9,200.0,6.0,2022-06-17
2022.0,June,18,28.3,962.5,4.0,19.9,5.8,35.0,23.5,0.0,58.0,25.1,7.799999999999999,240.0,5.0,2022-06-18
2022.0,June,19,29.2,962.0,2.0,19.6,6.4,36.5,24.3,12.1,52.0,25.7,7.6,200.0,5.0,2022-06-19
2022.0,June,20,30.4,961.8,7.0,20.4,4.4,34.2,24.0,1.9,50.0,22.3,4.0,200.0,5.0,2022-06-20
2022.0,June,21,29.7,961.6,3.0,20.9,5.5,33.8,24.3,0.3,56.0,23.7,5.5,180.0,4.0,2022-06-21
2022.0,June,22,30.1,961.6,6.0,20.900000000000002,5.9,35.6,25.5,11.6,54.0,24.4,3.6,240.0,6.0,2022-06-22
2022.0,June,23,30.0,960.5,6.0,21.4,5.8,35.0,22.8,0.0,57.0,22.6,5.5,240.0,7.0,2022-06-23
2022.0,June,24,30.0,961.2,5.0,21.4,5.3,35.0,23.0,10.9,57.0,24.7,5.9,210.0,6.0,2022-06-24
2022.0,June,25,30.0,962.5,7.0,20.8,5.3,31.0,21.0,7.9,54.0,22.9,6.1,250.0,4.0,2022-06-25
2022.0,June,26,29.8,962.5,7.0,20.0,4.6,33.0,24.5,0.3,51.0,20.1,3.4,220.0,5.0,2022-06-26
2022.0,June,27,29.2,962.2,6.0,20.6,5.2,33.7,23.4,2.1,57.0,24.6,4.1,200.0,6.0,2022-06-27
2022.0,June,28,29.8,962.3,5.0,21.200000000000003,5.4,36.0,24.9,2.4,57.0,23.1,3.5000000000000004,210.0,5.0,2022-06-28
2022.0,June,29,29.8,962.4,6.0,21.4,4.7,31.7,22.0,10.3,58.0,23.5,5.199999999999999,200.0,5.0,2022-06-29
2022.0,June,30,28.7,963.6,8.0,20.0,4.3,29.8,22.9,1.3,71.0,20.3,4.699999999999999,170.0,3.0,2022-06-30
2022.0,Mar,1,26.5,960.4,3.0,9.100000000000001,7.2,37.7,16.1,0.0,13.0,25.8,7.4,50.0,5.0,2022-03-01
2022.0,Mar,3,26.85,959.7,6.5,8.750000000000002,7.5,39.2,15.350000000000001,0.0,9.5,25.9,7.0,40.0,5.0,2022-03-03
2022.0,Mar,4,27.9,958.2,4.0,10.099999999999998,7.1,41.0,16.5,0.0,11.0,25.7,8.3,140.0,4.0,2022-03-04
2022.0,Mar,5,28.8,957.6,5.0,11.400000000000002,7.1,41.0,15.1,0.0,13.0,25.2,6.4,120.0,3.0,2022-03-05
2022.0,Mar,6,29.4,957.2,6.0,11.799999999999997,7.3,41.1,14.9,0.0,12.0,25.7,6.2,260.0,4.0,2022-03-06
2022.0,Mar,7,30.2,956.4,6.0,12.599999999999998,7.6,40.1,19.5,0.0,12.0,26.0,8.8,220.0,4.0,2022-03-07
2022.0,Mar,8,30.9,957.3,4.0,13.5,7.8,39.0,21.2,0.0,13.0,25.6,6.4,40.0,5.0,2022-03-08
2022.0,Mar,9,30.2,958.7,7.0,12.599999999999998,8.6,38.0,21.0,0.0,12.0,25.8,7.3,20.0,7.0,2022-03-09
2022.0,Mar,10,30.5,959.9,7.0,13.100000000000001,7.6,34.5,22.5,0.0,13.0,25.6,9.0,30.0,6.0,2022-03-10
2022.0,Mar,11,29.5,960.8,6.0,13.100000000000001,7.5,34.0,14.3,0.0,18.0,25.7,7.2,30.0,6.0,2022-03-11
2022.0,Mar,12,28.5,961.4,7.0,11.7,7.8,33.0,17.7,0.0,16.0,25.6,8.9,30.0,7.0,2022-03-12
2022.0,Mar,13,27.9,961.4,5.0,10.5,8.2,32.2,14.4,0.0,13.0,26.3,6.0,30.0,7.0,2022-03-13
2022.0,Mar,14,28.1,962.3,2.0,10.3,8.7,29.6,14.2,0.0,11.0,26.2,9.4,40.0,7.0,2022-03-14
2022.0,Mar,15,28.8,962.6,4.0,11.0,8.0,29.8,12.5,0.0,11.0,26.4,7.9,50.0,7.0,2022-03-15
2022.0,Mar,16,27.9,961.9,7.0,10.099999999999998,7.7,27.8,14.5,0.0,11.0,26.5,5.6,40.0,6.0,2022-03-16
2022.0,Mar,17,27.1,961.4,8.0,9.100000000000001,7.5,27.7,15.3,0.0,10.0,26.8,7.2,40.0,6.0,2022-03-17
2022.0,Mar,18,27.3,960.8,6.0,9.3,7.4,27.1,14.5,0.0,10.0,27.0,8.4,30.0,5.0,2022-03-18
2022.0,Mar,19,27.0,959.7,5.0,8.8,7.4,28.8,14.7,0.0,9.0,27.1,8.0,80.0,4.0,2022-03-19
2022.0,Mar,20,28.0,958.9,8.0,10.399999999999999,7.6,41.0,14.0,0.0,12.0,27.1,8.4,220.0,4.0,2022-03-20
2022.0,Mar,21,29.6,958.5,8.0,12.0,7.0,41.1,20.8,0.0,12.0,26.7,5.6,140.0,3.0,2022-03-21
2022.0,Mar,22,31.0,960.4,6.0,14.0,8.0,37.4,23.8,0.0,15.0,26.5,6.1,30.0,6.0,2022-03-22
2022.0,Mar,23,30.1,961.1,6.0,12.700000000000003,8.6,37.0,24.0,0.0,13.0,26.8,8.3,40.0,7.0,2022-03-23
2022.0,Mar,24,29.8,961.5,6.0,12.600000000000001,9.1,37.8,22.5,0.0,14.0,27.1,6.1,50.0,8.0,2022-03-24
2022.0,Mar,25,29.3,962.1,2.0,11.900000000000002,9.3,37.2,22.0,0.0,13.0,27.5,9.4,40.0,9.0,2022-03-25
2022.0,Mar,26,28.9,963.5,6.0,10.899999999999999,8.9,36.3,21.7,0.0,10.0,27.5,8.9,40.0,8.0,2022-03-26
2022.0,Mar,27,28.1,963.3,6.0,9.900000000000002,8.5,35.0,21.4,0.0,9.0,27.8,8.6,40.0,7.0,2022-03-27
2022.0,Mar,28,27.0,961.4,2.0,8.399999999999999,7.9,35.5,19.2,0.0,7.0,28.1,8.9,40.0,6.0,2022-03-28
2022.0,Mar,29,26.3,959.2,2.0,7.5,7.7,37.7,19.2,0.0,6.0,28.1,7.0,30.0,5.0,2022-03-29
2022.0,Mar,30,27.0,958.7,3.0,8.399999999999999,7.8,39.5,16.3,0.0,7.0,28.1,7.7,30.0,5.0,2022-03-30
2022.0,Mar,31,28.3,958.7,3.0,9.7,8.3,39.5,17.4,0.0,7.0,28.0,5.5,30.0,5.0,2022-03-31
2022.0,May,1,33.7,958.9,4.0,20.700000000000003,7.9,42.3,27.7,0.0,35.0,25.6,7.9,220.0,6.0,2022-05-01
2022.0,May,2,34.1,959.6,6.0,20.3,7.1,40.2,28.5,1.3,31.0,24.5,4.9,200.0,6.0,2022-05-02
2022.0,May,3,33.5,960.4,7.0,21.9,7.6,41.6,26.8,0.0,42.0,25.6,3.1,160.0,5.0,2022-05-03
2022.0,May,4,33.9,960.5,7.0,20.9,7.9,41.2,27.0,2.7,35.0,25.1,8.3,160.0,5.0,2022-05-04
2022.0,May,5,33.8,960.4,5.0,21.599999999999998,7.3,40.6,27.2,0.0,39.0,25.0,5.8,180.0,5.0,2022-05-05
2022.0,May,6,33.6,959.4,3.0,22.200000000000003,7.8,41.7,26.1,0.3,43.0,25.1,7.5,200.0,4.0,2022-05-06
2022.0,May,7,33.9,958.8,5.0,21.299999999999997,7.1,41.0,27.0,0.6,37.0,22.4,5.2,170.0,4.0,2022-05-07
2022.0,May,8,34.3,959.7,4.0,21.099999999999998,6.6,40.1,28.1,5.6,34.0,24.0,6.2,210.0,6.0,2022-05-08
2022.0,May,9,34.0,960.2,7.0,23.0,4.7,37.1,25.2,0.9,45.0,17.9,0.4,230.0,5.0,2022-05-09
2022.0,May,10,32.9,960.2,4.0,22.299999999999997,7.4,40.4,25.6,0.0,47.0,24.9,7.9,240.0,4.0,2022-05-10
2022.0,May,11,33.4,960.8,5.0,21.2,5.6,41.0,27.8,0.0,39.0,18.7,2.8,230.0,5.0,2022-05-11
2022.0,May,12,32.8,960.2,4.0,21.799999999999997,6.7,39.0,28.9,1.9,45.0,25.6,5.3,160.0,5.0,2022-05-12
2022.0,May,13,33.6,961.3,5.0,20.8,6.4,40.0,26.5,0.0,36.0,24.6,6.0,140.0,4.0,2022-05-13
2022.0,May,14,32.1,961.8,3.0,20.3,7.8,40.3,25.6,0.0,41.0,26.0,6.0,130.0,4.0,2022-05-14
2022.0,May,15,31.3,961.6,3.0,18.3,7.3,40.0,28.0,0.5,35.0,26.1,8.1,100.0,5.0,2022-05-15
2022.0,May,16,31.0,961.2,6.0,16.6,6.7,37.7,26.8,1.2,28.0,24.1,6.9,140.0,4.0,2022-05-16
2022.0,May,17,31.4,960.3,6.0,18.799999999999997,6.6,37.1,26.4,0.0,37.0,23.8,5.6,160.0,6.0,2022-05-17
2022.0,May,18,31.8,961.7,6.0,20.8,4.7,35.7,26.2,1.0,45.0,14.8,4.9,150.0,4.0,2022-05-18
2022.0,May,19,30.0,961.5,7.0,19.4,7.3,41.2,27.4,0.0,47.0,25.1,7.3,230.0,5.0,2022-05-19
2022.0,May,20,31.3,961.3,7.0,18.1,6.7,40.5,28.2,0.0,34.0,24.3,5.8,170.0,4.0,2022-05-20
2022.0,May,21,31.5,961.9,3.0,18.9,7.3,40.1,26.9,0.0,37.0,26.9,6.8,170.0,4.0,2022-05-21
2022.0,May,22,30.9,961.0,6.0,18.099999999999998,6.9,39.0,26.0,0.0,36.0,27.1,7.6,150.0,3.0,2022-05-22
2022.0,May,23,30.6,961.8,3.0,15.600000000000001,7.1,40.1,26.0,0.0,25.0,26.7,8.0,180.0,4.0,2022-05-23
2022.0,May,24,31.3,963.3,1.0,18.1,7.0,40.0,26.2,0.0,34.0,26.6,6.6,210.0,5.0,2022-05-24
2022.0,May,25,31.3,963.5,3.0,18.9,6.3,39.0,26.3,2.4,38.0,26.6,8.8,160.0,5.0,2022-05-25
2022.0,May,26,30.7,962.9,7.0,18.9,7.2,39.7,25.0,0.0,41.0,25.4,7.4,170.0,5.0,2022-05-26
2022.0,May,27,31.6,961.1,1.0,20.200000000000003,7.3,40.2,25.3,0.0,43.0,26.4,7.3,180.0,4.0,2022-05-27
2022.0,May,28,31.7,960.2,1.0,19.9,7.0,40.0,25.3,0.0,41.0,26.7,9.2,160.0,4.0,2022-05-28
2022.0,May,29,31.7,960.4,4.0,18.5,7.3,40.3,25.0,0.0,34.0,26.6,8.5,170.0,4.0,2022-05-29
2022.0,May,30,31.2,960.9,5.0,18.0,7.4,38.8,26.0,0.0,34.0,25.3,9.0,180.0,5.0,2022-05-30
2022.0,May,31,31.6,959.8,3.0,19.200000000000003,6.5,39.3,24.3,0.0,38.0,25.4,5.8,190.0,4.0,2022-05-31
2022.0,Nov,1,26.5,963.2,6.0,11.9,5.8,35.5,19.4,0.0,27.0,23.2,7.4,30.0,6.0,2022-11-01
2022.0,Nov,2,26.8,963.8,4.0,12.600000000000001,6.0,33.8,20.7,0.0,29.0,23.5,8.8,50.0,7.0,2022-11-02
2022.0,Nov,3,26.4,963.8,3.0,11.799999999999999,5.9,33.3,19.9,0.0,27.0,23.4,5.6,40.0,6.0,2022-11-03
2022.0,Nov,4,25.4,964.2,4.0,10.2,5.8,33.0,16.3,0.0,24.0,23.8,6.5,40.0,5.0,2022-11-04
2022.0,Nov,5,24.4,964.4,7.0,9.599999999999998,5.4,33.3,16.0,0.0,26.0,22.3,5.8,30.0,5.0,2022-11-05
2022.0,Nov,6,24.5,964.4,1.0,9.7,5.5,34.4,14.8,0.0,26.0,23.4,9.2,30.0,5.0,2022-11-06
2022.0,Nov,7,24.9,963.3,6.0,10.299999999999999,5.7,35.4,17.4,0.0,27.0,23.1,9.2,30.0,5.0,2022-11-07
2022.0,Nov,8,25.8,963.2,1.0,11.4,5.8,35.2,17.9,0.0,28.0,22.5,7.4,30.0,6.0,2022-11-08
2022.0,Nov,9,26.2,962.2,5.0,11.6,5.7,35.0,17.0,0.0,27.0,22.9,5.7,40.0,5.0,2022-11-09
2022.0,Nov,10,26.3,963.2,7.0,11.9,5.7,35.3,17.7,0.0,28.0,22.4,6.8,50.0,6.0,2022-11-10
2022.0,Nov,11,26.4,964.3,2.0,12.399999999999999,6.1,35.0,20.0,0.0,30.0,23.1,5.8,50.0,7.0,2022-11-11
2022.0,Nov,12,25.7,965.4,2.0,11.5,6.3,33.8,21.0,0.0,29.0,23.1,5.6,40.0,7.0,2022-11-12
2022.0,Nov,13,24.9,965.2,5.0,10.099999999999998,5.9,32.6,17.2,0.0,26.0,23.1,7.1,30.0,6.0,2022-11-13
2022.0,Nov,14,23.8,964.6,3.0,9.200000000000001,5.5,32.5,12.5,0.0,27.0,22.9,7.3,30.0,6.0,2022-11-14
2022.0,Nov,15,23.6,963.8,4.0,9.600000000000001,5.5,33.0,16.3,0.0,30.0,22.7,8.4,30.0,6.0,2022-11-15
2022.0,Nov,16,24.3,963.5,2.0,10.3,5.7,33.2,18.0,0.0,30.0,22.8,7.3,30.0,6.0,2022-11-16
2022.0,Nov,17,24.5,963.4,1.0,10.3,5.7,33.0,17.2,0.0,29.0,22.9,8.8,40.0,6.0,2022-11-17
2022.0,Nov,18,24.4,963.7,2.0,10.2,5.6,33.2,15.8,0.0,29.0,22.7,6.0,30.0,6.0,2022-11-18
2022.0,Nov,19,24.3,963.8,6.0,10.100000000000001,5.7,33.4,15.9,0.0,29.0,22.0,5.5,30.0,5.0,2022-11-19
2022.0,Nov,20,25.0,963.8,2.0,10.6,5.9,33.9,16.0,0.0,28.0,22.6,7.2,30.0,6.0,2022-11-20
2022.0,Nov,21,24.5,963.8,1.0,9.5,6.1,34.3,17.5,0.0,25.0,23.0,7.9,40.0,6.0,2022-11-21
2022.0,Nov,22,23.4,963.5,4.0,7.799999999999999,6.4,33.3,13.9,1.7,22.0,23.0,5.9,40.0,7.0,2022-11-22
2022.0,Nov,23,22.9,963.1,2.0,6.899999999999999,6.3,32.6,16.4,0.0,20.0,22.5,6.6,30.0,7.0,2022-11-23
2022.0,Nov,24,23.3,963.5,0.0,8.100000000000001,6.1,32.8,17.8,0.0,24.0,22.4,6.0,30.0,6.0,2022-11-24
2022.0,Nov,25,23.0,963.1,2.0,8.0,5.9,32.0,15.5,0.0,25.0,22.4,7.2,30.0,5.0,2022-11-25
2022.0,Nov,26,22.8,961.5,6.0,7.800000000000001,5.3,31.6,13.3,1.8,25.0,22.4,7.5,40.0,5.0,2022-11-26
2022.0,Nov,27,22.0,960.9,5.0,7.4,5.4,32.8,10.8,0.0,27.0,22.5,7.8,30.0,5.0,2022-11-27
2022.0,Nov,28,21.7,961.3,6.0,7.299999999999999,5.3,31.6,16.2,0.0,28.0,22.3,6.2,30.0,5.0,2022-11-28
2022.0,Nov,29,21.7,961.9,5.0,8.1,5.3,31.1,11.8,0.0,32.0,22.5,5.5,30.0,5.0,2022-11-29
2022.0,Nov,30,21.3,962.0,7.0,7.700000000000001,5.2,31.1,17.5,0.0,32.0,21.8,6.8,30.0,4.0,2022-11-30
2022.0,Oct,1,27.7,962.7,6.0,21.299999999999997,5.6,33.8,23.3,0.0,68.0,24.9,9.1,240.0,6.0,2022-10-01
2022.0,Oct,2,28.9,961.4,6.0,22.5,5.4,33.4,23.7,0.0,68.0,24.0,7.5,240.0,5.0,2022-10-02
2022.0,Oct,3,28.8,961.0,4.0,21.5,5.0,33.6,22.6,6.7,69.0,23.1,7.0,210.0,4.0,2022-10-03
2022.0,Oct,4,28.7,962.3,7.0,23.5,4.9,33.9,23.9,1.2,74.0,17.2,8.1,150.0,4.0,2022-10-04
2022.0,Oct,5,27.6,962.7,8.0,20.7,3.9,33.7,21.6,3.7,70.0,16.0,5.2,190.0,4.0,2022-10-05
2022.0,Oct,6,27.4,962.4,7.0,20.5,3.0,31.9,22.599999999999998,4.1,76.0,22.1,0.0,170.0,3.0,2022-10-06
2022.0,Oct,7,27.9,962.5,6.0,21.5,4.3,33.7,22.8,0.0,68.0,23.8,5.0,180.0,4.0,2022-10-07
2022.0,Oct,8,29.0,962.5,2.0,22.4,5.1,33.7,23.2,0.0,67.0,24.0,9.5,140.0,3.0,2022-10-08
2022.0,Oct,9,28.7,963.3,1.0,20.7,5.3,35.2,22.5,0.0,60.0,24.9,7.9,150.0,4.0,2022-10-09
2022.0,Oct,10,27.9,962.7,1.0,18.299999999999997,5.4,35.3,21.4,0.0,52.0,24.0,6.3,140.0,4.0,2022-10-10
2022.0,Oct,11,27.7,961.9,6.0,17.7,4.6,34.2,21.6,0.0,50.0,22.2,7.4,150.0,4.0,2022-10-11
2022.0,Oct,12,27.9,962.4,3.0,19.9,5.0,36.0,24.1,4.6,60.0,21.1,6.0,150.0,4.0,2022-10-12
2022.0,Oct,13,29.1,962.1,7.0,21.9,5.8,35.2,22.1,0.0,65.0,24.1,8.0,180.0,4.0,2022-10-13
2022.0,Oct,14,28.3,961.8,6.0,18.5,5.9,34.4,21.0,0.0,51.0,24.9,6.5,100.0,4.0,2022-10-14
2022.0,Oct,15,26.5,962.4,4.0,12.7,5.7,35.0,22.0,0.0,31.0,25.0,7.8,150.0,4.0,2022-10-15
2022.0,Oct,16,26.3,963.5,0.0,12.9,5.6,30.5,17.4,0.0,33.0,24.9,7.0,120.0,5.0,2022-10-16
2022.0,Oct,17,26.8,963.3,0.0,13.600000000000001,6.2,36.2,19.2,0.0,34.0,24.9,7.6,60.0,6.0,2022-10-17
2022.0,Oct,18,27.6,962.4,4.0,14.200000000000001,5.8,34.6,19.0,0.0,33.0,24.6,8.6,50.0,6.0,2022-10-18
2022.0,Oct,19,27.5,961.7,7.0,13.9,5.4,34.5,19.4,1.5,32.0,23.6,6.8,50.0,5.0,2022-10-19
2022.0,Oct,20,27.2,962.6,5.0,13.799999999999999,5.4,34.6,19.6,0.0,33.0,23.6,8.6,50.0,5.0,2022-10-20
2022.0,Oct,21,26.8,963.2,6.0,13.4,5.6,35.4,18.5,1.3,33.0,22.4,8.8,30.0,5.0,2022-10-21
2022.0,Oct,22,27.1,963.9,5.0,13.100000000000001,5.6,35.7,18.4,0.6,30.0,22.0,6.6,70.0,4.0,2022-10-22
2022.0,Oct,23,28.1,963.0,7.0,15.100000000000001,4.2,36.2,23.3,0.3,35.0,19.2,5.2,70.0,5.0,2022-10-23
2022.0,Oct,24,29.4,962.7,2.0,19.2,6.3,35.6,24.0,0.0,49.0,22.9,8.4,50.0,7.0,2022-10-24
2022.0,Oct,25,28.2,963.2,1.0,13.799999999999999,5.6,35.0,21.6,0.0,28.0,24.0,9.3,50.0,6.0,2022-10-25
2022.0,Oct,26,27.8,963.7,0.0,13.0,5.7,34.0,17.7,0.0,26.0,24.3,7.9,30.0,6.0,2022-10-26
2022.0,Oct,27,26.3,963.4,3.0,11.5,5.6,35.2,15.5,0.0,26.0,22.7,8.6,30.0,6.0,2022-10-27
2022.0,Oct,28,26.3,962.6,7.0,11.9,5.3,34.3,17.0,1.8,28.0,22.1,7.1,40.0,6.0,2022-10-28
2022.0,Oct,29,26.5,962.3,8.0,12.1,5.4,34.3,17.4,0.0,28.0,22.2,8.2,30.0,6.0,2022-10-29
2022.0,Oct,30,26.9,962.8,4.0,12.499999999999998,5.9,33.4,18.4,0.0,28.0,23.7,8.9,30.0,7.0,2022-10-30
2022.0,Oct,31,27.0,963.8,5.0,12.4,5.8,34.6,20.6,0.0,27.0,23.4,8.7,30.0,6.0,2022-10-31
2022.0,Sep,1,25.4,964.0,6.0,21.4,4.6,31.0,22.5,8.8,80.0,19.3,6.4,210.0,4.0,2022-09-01
2022.0,Sep,2,25.7,964.7,7.0,21.5,3.8,29.6,22.9,8.5,86.0,23.9,3.6,190.0,3.0,2022-09-02
2022.0,Sep,3,26.6,964.5,6.0,22.0,4.9,32.8,22.9,9.5,77.0,24.7,4.300000000000001,190.0,3.0,2022-09-03
2022.0,Sep,4,27.8,964.4,6.0,20.9,4.6,32.1,22.8,2.0,75.0,22.2,7.699999999999999,180.0,4.0,2022-09-04
2022.0,Sep,5,27.1,963.7,7.0,22.5,4.6,31.8,22.9,13.5,77.0,18.9,4.1,180.0,2.0,2022-09-05
2022.0,Sep,6,26.9,962.4,8.0,22.2,2.7,32.1,23.099999999999998,3.5,81.0,21.0,0.0,220.0,3.0,2022-09-06
2022.0,Sep,7,26.4,962.1,7.0,22.4,4.6,33.3,23.0,10.6,80.0,23.1,7.1,190.0,4.0,2022-09-07
2022.0,Sep,8,26.8,963.4,8.0,20.2,3.8,30.5,23.6,6.5,84.0,21.8,0.8999999999999999,210.0,3.0,2022-09-08
2022.0,Sep,9,26.8,964.0,8.0,21.6,3.9,30.0,23.8,2.1,85.0,17.3,4.4,200.0,3.0,2022-09-09
2022.0,Sep,10,25.9,963.3,5.0,22.099999999999998,4.5,31.5,22.6,0.0,81.0,21.7,5.1,190.0,3.0,2022-09-10
2022.0,Sep,11,26.8,962.0,4.0,22.200000000000003,5.2,33.5,23.0,9.6,77.0,25.4,5.1,220.0,5.0,2022-09-11
2022.0,Sep,12,27.5,962.2,8.0,20.5,3.6,30.0,21.7,0.0,71.0,21.2,0.0,220.0,5.0,2022-09-12
2022.0,Sep,13,27.9,961.8,5.0,21.5,4.9,33.0,22.4,0.0,68.0,22.1,5.9,180.0,3.0,2022-09-13
2022.0,Sep,14,28.0,962.0,7.0,21.8,5.2,34.0,23.6,11.3,69.0,23.7,5.5,190.0,4.0,2022-09-14
2022.0,Sep,15,28.5,962.3,8.0,21.0,2.8,33.2,22.9,12.4,72.0,16.9,0.30000000000000004,220.0,5.0,2022-09-15
2022.0,Sep,16,27.3,962.0,8.0,20.8,1.9,29.8,23.3,0.7,80.0,10.9,0.0,260.0,3.0,2022-09-16
2022.0,Sep,17,25.6,961.5,8.0,21.400000000000002,3.6,31.0,22.4,7.3,79.0,18.2,5.800000000000001,190.0,4.0,2022-09-17
2022.0,Sep,18,26.1,962.9,7.0,22.5,3.4,29.8,22.8,0.8,82.0,17.0,3.1,170.0,4.0,2022-09-18
2022.0,Sep,19,25.6,963.3,5.0,20.5,4.7,30.5,22.400000000000002,7.9,84.0,24.3,5.6,200.0,4.0,2022-09-19
2022.0,Sep,20,25.9,962.7,6.0,20.5,3.6,29.6,20.6,0.0,73.0,17.2,4.199999999999999,220.0,3.0,2022-09-20
2022.0,Sep,21,27.9,961.8,3.0,22.5,4.8,34.0,22.5,1.1,73.0,24.0,5.4,170.0,3.0,2022-09-21
2022.0,Sep,22,27.3,962.4,7.0,21.700000000000003,4.9,33.0,24.1,7.1,72.0,22.6,8.0,200.0,5.0,2022-09-22
2022.0,Sep,23,27.7,961.7,6.0,22.7,4.5,34.2,23.299999999999997,0.0,78.0,22.2,8.4,190.0,3.0,2022-09-23
2022.0,Sep,24,27.7,961.0,4.0,21.5,5.2,34.2,23.4,0.0,69.0,24.9,7.299999999999999,150.0,3.0,2022-09-24
2022.0,Sep,25,28.1,961.6,7.0,21.1,4.8,33.8,22.6,1.5,65.0,24.0,4.1,210.0,4.0,2022-09-25
2022.0,Sep,26,28.3,962.6,7.0,22.1,4.6,33.7,23.6,7.2,69.0,23.9,4.5,190.0,4.0,2022-09-26
2022.0,Sep,27,27.9,962.6,7.0,21.3,4.6,31.8,22.5,0.0,73.0,23.2,5.699999999999999,210.0,4.0,2022-09-27
2022.0,Sep,28,28.0,963.1,6.0,23.0,4.3,32.8,24.3,6.0,75.0,20.0,5.1,170.0,4.0,2022-09-28
2022.0,Sep,29,26.5,962.0,4.0,21.3,4.7,32.0,21.9,0.0,77.0,23.3,6.6,180.0,3.0,2022-09-29
2022.0,Sep,30,26.9,963.1,6.0,21.299999999999997,5.0,32.0,23.3,0.0,72.0,23.4,8.4,220.0,2.0,2022-09-30
2023.0,April,1,29.5,961.0,2.0,12.100000000000001,8.5,38.0,22.1,0.0,13.0,27.2,9.4,20.0,6.0,2023-04-01
2023.0,April,2,29.1,959.2,2.0,11.3,8.1,38.2,21.4,0.0,11.0,27.3,9.3,20.0,6.0,2023-04-02
2023.0,April,3,29.4,958.9,7.0,11.599999999999998,7.2,39.9,21.9,0.0,11.0,25.0,7.0,30.0,4.0,2023-04-03
2023.0,April,4,30.3,958.9,5.0,12.100000000000001,8.2,40.1,22.2,0.0,9.0,27.3,9.2,30.0,5.0,2023-04-04
2023.0,April,5,30.6,958.0,3.0,12.400000000000002,8.5,41.8,18.6,0.0,9.0,27.7,6.1,80.0,5.0,2023-04-05
2023.0,April,6,30.8,957.1,8.0,13.0,6.9,42.2,22.2,0.0,11.0,27.3,8.8,150.0,3.0,2023-04-06
2023.0,April,7,31.6,957.3,5.0,14.8,7.7,41.5,29.0,0.0,16.0,24.4,6.0,250.0,5.0,2023-04-07
2023.0,April,8,33.1,958.4,6.0,17.900000000000002,7.5,41.5,28.2,0.0,24.0,24.8,6.8,210.0,5.0,2023-04-08
2023.0,April,9,33.7,959.0,8.0,20.1,5.7,39.0,28.0,0.0,32.0,25.4,2.2,260.0,5.0,2023-04-09
2023.0,April,10,32.6,958.9,7.0,19.6,6.8,39.5,25.4,0.0,35.0,25.1,7.5,150.0,4.0,2023-04-10
2023.0,April,11,31.5,960.5,5.0,16.9,7.8,37.5,26.0,0.0,27.0,27.2,7.4,40.0,6.0,2023-04-11
2023.0,April,12,30.0,960.7,5.0,13.8,8.3,36.2,25.1,0.0,19.0,27.6,7.2,40.0,6.0,2023-04-12
2023.0,April,13,30.1,960.6,5.0,13.100000000000001,8.6,39.0,21.8,0.0,15.0,27.8,7.8,50.0,6.0,2023-04-13
2023.0,April,14,30.4,960.3,8.0,13.0,7.7,39.6,24.5,0.0,13.0,25.2,4.9,50.0,5.0,2023-04-14
2023.0,April,15,30.4,959.0,7.0,13.0,7.4,39.5,23.9,0.0,13.0,26.1,5.2,110.0,4.0,2023-04-15
2023.0,April,16,30.6,957.5,7.0,14.400000000000002,6.5,41.0,23.4,0.0,19.0,26.7,8.1,150.0,4.0,2023-04-16
2023.0,April,17,32.4,957.9,4.0,19.799999999999997,6.7,42.0,27.8,0.0,37.0,24.3,8.3,160.0,4.0,2023-04-17
2023.0,April,18,32.8,957.9,3.0,18.799999999999997,7.8,42.6,26.8,0.0,30.0,25.4,9.0,180.0,4.0,2023-04-18
2023.0,April,19,34.2,956.6,4.0,19.800000000000004,7.4,41.9,27.5,0.0,28.0,25.4,6.5,180.0,5.0,2023-04-19
2023.0,April,20,33.1,955.4,6.0,20.900000000000002,7.5,41.6,27.8,0.0,39.0,24.7,7.1,250.0,6.0,2023-04-20
2023.0,April,21,34.2,956.0,3.0,20.400000000000002,7.4,41.7,26.9,0.0,31.0,25.8,6.3,220.0,5.0,2023-04-21
2023.0,April,22,33.8,957.1,5.0,21.4,7.5,40.0,28.0,0.0,38.0,23.7,6.1,230.0,6.0,2023-04-22
2023.0,April,23,34.1,961.3,8.0,21.700000000000003,3.8,34.1,26.5,0.0,38.0,17.0,0.0,180.0,7.0,2023-04-23
2023.0,April,24,31.4,959.5,5.0,22.0,6.1,40.0,22.4,0.0,55.0,24.4,4.8,260.0,4.0,2023-04-24
2023.0,April,25,31.8,957.9,4.0,19.6,7.0,41.5,26.4,0.0,39.0,25.2,8.1,210.0,4.0,2023-04-25
2023.0,April,26,33.1,959.1,8.0,19.3,5.2,40.0,27.3,0.0,31.0,20.8,2.6,260.0,5.0,2023-04-26
2023.0,April,27,32.7,960.8,7.0,21.300000000000004,6.9,40.0,26.0,0.0,43.0,21.8,5.1,230.0,6.0,2023-04-27
2023.0,April,28,32.4,960.1,6.0,20.599999999999998,6.8,41.9,29.0,0.0,41.0,23.9,5.9,200.0,5.0,2023-04-28
2023.0,April,29,34.0,960.1,4.0,19.2,7.1,40.0,28.4,0.0,26.0,25.9,7.4,160.0,5.0,2023-04-29
2023.0,April,30,32.2,960.5,1.0,18.200000000000003,6.8,39.0,25.2,0.0,30.0,24.8,7.2,150.0,5.0,2023-04-30
2023.0,Aug,1,29.8,964.1,6.0,22.6,5.3,33.1,23.5,0.0,64.0,19.6,5.0,230.0,6.0,2023-08-01
2023.0,Aug,2,28.5,964.2,7.0,21.3,3.8,33.1,25.4,23.3,64.0,21.3,3.3000000000000003,230.0,6.0,2023-08-02
2023.0,Aug,3,28.3,964.3,6.0,21.9,4.2,32.5,22.700000000000003,0.0,72.0,16.8,5.0,210.0,5.0,2023-08-03
2023.0,Aug,4,27.0,965.1,8.0,22.4,2.8,32.6,23.5,42.1,77.0,17.0,0.8000000000000003,230.0,3.0,2023-08-04
2023.0,Aug,5,26.7,965.3,8.0,21.7,2.9,30.1,23.9,0.0,86.0,5.8,0.0,250.0,4.0,2023-08-05
2023.0,Aug,6,24.9,964.9,8.0,21.299999999999997,2.2,27.7,23.2,0.8,82.0,8.8,0.0,250.0,5.0,2023-08-06
2023.0,Aug,7,25.1,963.4,6.0,21.900000000000002,3.8,29.4,23.3,7.9,84.0,16.5,3.9,230.0,6.0,2023-08-07
2023.0,Aug,8,26.4,963.8,7.0,21.2,4.4,30.0,21.599999999999998,37.8,76.0,16.8,3.3000000000000003,240.0,6.0,2023-08-08
2023.0,Aug,9,26.0,963.9,8.0,20.5,2.1,30.0,21.6,0.0,78.0,5.4,0.0,240.0,4.0,2023-08-09
2023.0,Aug,10,24.5,963.5,4.0,20.5,4.6,30.0,22.1,0.0,88.0,19.3,7.0,210.0,4.0,2023-08-10
2023.0,Aug,11,26.0,962.1,6.0,22.0,5.0,27.2,22.7,23.4,80.0,21.1,5.5,220.0,3.0,2023-08-11
2023.0,Aug,12,26.6,962.3,8.0,21.2,3.2,29.2,22.0,0.0,77.0,8.8,1.1,210.0,5.0,2023-08-12
2023.0,Aug,13,24.8,964.6,8.0,21.6,4.6,32.5,22.1,1.6,84.0,21.3,4.1,190.0,4.0,2023-08-13
2023.0,Aug,14,26.2,965.2,6.0,21.6,4.3,29.5,23.2,0.0,77.0,22.6,5.1,180.0,3.0,2023-08-14
2023.0,Aug,15,27.3,963.4,7.0,22.1,5.1,29.0,24.0,0.0,74.0,24.7,8.5,140.0,2.0,2023-08-15
2023.0,Aug,16,27.9,961.8,6.0,22.099999999999998,5.3,31.0,26.0,7.3,71.0,24.6,4.4,240.0,3.0,2023-08-16
2023.0,Aug,17,28.8,961.2,7.0,21.8,5.3,33.2,23.4,0.0,65.0,26.0,4.199999999999999,240.0,4.0,2023-08-17
2023.0,Aug,18,29.6,961.1,8.0,22.7,4.2,35.0,22.8,0.0,66.0,22.5,5.199999999999999,240.0,5.0,2023-08-18
2023.0,Aug,19,29.1,962.4,7.0,22.7,4.1,33.2,24.1,0.0,75.0,13.5,4.6,170.0,5.0,2023-08-19
2023.0,Aug,20,27.0,962.1,5.0,22.2,4.4,34.0,24.5,0.0,76.0,23.0,6.4,220.0,2.0,2023-08-20
2023.0,Aug,21,27.4,960.4,4.0,22.4,4.6,35.2,24.8,0.0,75.0,23.1,4.9,220.0,4.0,2023-08-21
2023.0,Aug,22,29.0,959.6,6.0,22.8,5.3,34.2,23.3,0.0,69.0,25.1,6.5,240.0,6.0,2023-08-22
2023.0,Aug,23,29.7,961.5,8.0,21.7,3.1,25.2,24.9,16.0,76.0,14.6,0.0,210.0,5.0,2023-08-23
2023.0,Aug,24,26.8,961.5,3.0,20.2,4.9,31.0,23.6,0.0,84.0,20.1,5.9,220.0,3.0,2023-08-24
2023.0,Aug,25,26.9,961.6,6.0,21.9,5.2,33.6,23.4,17.7,75.0,23.9,6.5,220.0,3.0,2023-08-25
2023.0,Aug,26,28.4,964.2,8.0,20.6,1.6,25.6,22.0,14.1,68.0,12.0,0.0,230.0,4.0,2023-08-26
2023.0,Aug,27,25.8,964.3,4.0,20.4,5.3,31.8,21.0,0.0,73.0,25.8,7.5,260.0,4.0,2023-08-27
2023.0,Aug,28,27.6,963.0,6.0,19.5,4.0,31.5,21.0,12.1,67.0,23.4,0.5,220.0,5.0,2023-08-28
2023.0,Aug,29,28.6,963.2,6.0,20.0,4.2,31.6,22.8,0.0,71.0,21.2,2.8000000000000003,190.0,4.0,2023-08-29
2023.0,Aug,30,28.1,963.9,6.0,20.0,4.8,32.9,23.1,0.0,75.0,24.6,6.6,230.0,4.0,2023-08-30
2023.0,Aug,31,28.5,962.6,8.0,23.1,4.0,30.1,24.0,28.0,73.0,21.1,2.9,200.0,4.0,2023-08-31
2023.0,Dec,1,27.1,963.2,0.0,10.5,5.9,36.0,18.6,0.0,17.0,22.0,8.3,30.0,5.0,2023-12-01
2023.0,Dec,2,25.6,962.3,5.0,9.600000000000001,5.7,36.5,18.5,0.0,20.0,22.0,5.7,30.0,5.0,2023-12-02
2023.0,Dec,3,25.5,963.2,6.0,10.1,6.0,36.6,16.0,0.0,23.0,21.6,6.5,30.0,5.0,2023-12-03
2023.0,Dec,4,25.8,963.9,4.0,10.200000000000001,6.3,36.5,14.4,0.0,22.0,21.4,6.1,40.0,6.0,2023-12-04
2023.0,Dec,5,25.7,964.4,2.0,9.899999999999999,6.1,34.5,20.5,0.0,21.0,21.8,8.5,30.0,6.0,2023-12-05
2023.0,Dec,6,24.9,965.0,4.0,9.099999999999998,6.0,34.1,16.7,0.0,21.0,21.5,7.2,30.0,6.0,2023-12-06
2023.0,Dec,7,24.6,965.0,8.0,9.000000000000002,5.9,33.6,16.0,0.0,22.0,20.7,7.1,20.0,6.0,2023-12-07
2023.0,Dec,8,23.8,962.9,8.0,8.4,5.7,32.5,15.7,0.0,23.0,21.8,7.4,20.0,4.0,2023-12-08
2023.0,Dec,9,22.4,963.7,2.0,6.999999999999998,5.9,33.0,15.2,0.0,23.0,21.7,7.7,30.0,5.0,2023-12-09
2023.0,Dec,10,22.2,966.2,2.0,7.399999999999999,5.6,28.0,11.5,0.0,26.0,21.8,9.0,20.0,7.0,2023-12-10
2023.0,Dec,11,21.4,966.7,1.0,7.599999999999998,5.6,29.5,13.3,0.0,31.0,21.9,8.3,40.0,6.0,2023-12-11
2023.0,Dec,12,20.5,965.7,5.0,6.9,5.5,29.1,15.6,0.0,32.0,21.9,6.6,40.0,6.0,2023-12-12
2023.0,Dec,13,20.9,964.8,2.0,7.299999999999999,5.4,29.2,15.0,0.0,32.0,21.4,6.2,30.0,5.0,2023-12-13
2023.0,Dec,14,21.6,964.0,2.0,8.200000000000001,5.6,31.0,15.6,0.0,33.0,21.3,6.4,30.0,5.0,2023-12-14
2023.0,Dec,15,22.1,963.2,0.0,8.500000000000002,5.7,31.6,15.6,0.0,32.0,21.1,6.5,30.0,6.0,2023-12-15
2023.0,Dec,16,22.1,963.1,1.0,7.500000000000002,5.5,33.0,15.3,0.0,27.0,21.2,6.3,30.0,5.0,2023-12-16
2023.0,Dec,17,22.3,962.8,0.0,7.5,5.5,33.5,15.0,0.0,26.0,21.3,9.0,30.0,5.0,2023-12-17
2023.0,Dec,18,23.5,962.8,1.0,9.3,5.4,34.6,14.2,0.0,29.0,21.3,6.8,20.0,5.0,2023-12-18
2023.0,Dec,19,23.8,963.6,0.0,10.200000000000001,5.3,34.0,13.7,0.0,32.0,21.2,9.2,80.0,5.0,2023-12-19
2023.0,Dec,20,24.0,963.9,2.0,11.0,5.8,34.3,15.3,0.0,35.0,21.4,5.9,30.0,6.0,2023-12-20
2023.0,Dec,21,23.9,965.8,6.0,10.299999999999999,6.1,30.7,15.3,0.0,32.0,21.5,5.7,20.0,6.0,2023-12-21
2023.0,Dec,22,22.6,966.5,2.0,7.600000000000001,5.7,30.2,14.9,0.0,25.0,21.5,5.8,30.0,6.0,2023-12-22
2023.0,Dec,23,21.5,966.5,4.0,6.9,5.9,29.3,15.0,0.0,27.0,21.5,8.8,30.0,6.0,2023-12-23
2023.0,Dec,24,21.4,965.9,0.0,6.799999999999999,5.8,29.2,13.7,0.0,27.0,21.7,7.9,30.0,6.0,2023-12-24
2023.0,Dec,25,20.4,965.8,0.0,5.199999999999999,5.4,27.2,13.5,0.0,24.0,21.7,5.4,30.0,6.0,2023-12-25
2023.0,Dec,26,19.9,966.2,0.0,5.099999999999998,5.2,28.5,12.2,0.0,26.0,21.8,7.7,30.0,5.0,2023-12-26
2023.0,Dec,27,19.9,966.7,0.0,6.099999999999998,5.2,30.5,13.7,0.0,31.0,21.5,7.6,30.0,5.0,2023-12-27
2023.0,Dec,28,20.8,965.5,0.0,7.4,5.2,32.0,12.4,0.0,33.0,21.5,8.9,30.0,5.0,2023-12-28
2023.0,Dec,29,21.9,965.0,1.0,7.899999999999999,5.5,33.0,13.0,0.0,30.0,21.6,7.3,40.0,5.0,2023-12-29
2023.0,Dec,30,22.7,965.0,1.0,8.5,5.7,32.5,15.5,0.0,29.0,21.6,9.5,30.0,5.0,2023-12-30
2023.0,Dec,31,22.9,,,8.499999999999998,,,15.7,,28.0,,7.7,,,2023-12-31
2023.0,Feb,1,25.5,963.9,7.0,9.5,7.3,32.3,18.6,0.0,20.0,22.7,6.9,30.0,7.0,2023-02-01
2023.0,Feb,2,24.2,964.4,4.0,8.399999999999999,6.9,31.9,16.5,0.0,21.0,23.0,6.7,40.0,6.0,2023-02-02
2023.0,Feb,3,24.2,964.4,6.0,9.2,6.7,33.8,18.1,0.0,25.0,23.3,6.6,40.0,5.0,2023-02-03
2023.0,Feb,4,25.2,963.4,5.0,9.799999999999999,7.0,36.1,19.5,0.0,23.0,22.8,9.2,40.0,6.0,2023-02-04
2023.0,Feb,5,25.4,963.1,6.0,9.799999999999999,6.9,36.2,15.1,0.0,22.0,22.4,7.0,30.0,5.0,2023-02-05
2023.0,Feb,6,25.3,963.3,5.0,9.100000000000001,7.7,33.0,19.8,0.0,19.0,23.5,7.0,30.0,7.0,2023-02-06
2023.0,Feb,7,24.1,963.5,1.0,7.900000000000002,7.3,33.0,18.0,0.0,19.0,23.8,7.5,40.0,7.0,2023-02-07
2023.0,Feb,8,24.0,963.7,2.0,8.6,6.9,33.2,16.7,0.0,23.0,23.7,7.6,30.0,6.0,2023-02-08
2023.0,Feb,9,24.1,963.6,2.0,7.700000000000003,7.0,33.5,16.3,0.0,18.0,23.9,8.3,40.0,6.0,2023-02-09
2023.0,Feb,10,23.7,963.9,1.0,6.5,7.5,34.9,17.8,0.0,14.0,24.4,8.5,30.0,7.0,2023-02-10
2023.0,Feb,11,23.7,963.9,0.0,6.699999999999999,8.1,34.0,12.0,0.0,15.0,24.5,7.7,30.0,7.0,2023-02-11
2023.0,Feb,12,24.3,964.0,0.0,8.100000000000001,7.9,32.5,17.2,0.0,19.0,24.3,6.6,30.0,8.0,2023-02-12
2023.0,Feb,13,24.3,964.7,1.0,8.3,8.1,32.0,15.7,0.0,20.0,24.2,9.0,30.0,9.0,2023-02-13
2023.0,Feb,14,23.1,965.1,2.0,7.300000000000001,7.4,30.0,15.4,0.0,21.0,23.8,8.0,30.0,8.0,2023-02-14
2023.0,Feb,15,21.5,964.8,0.0,5.9,7.2,29.8,16.2,0.0,22.0,24.3,5.8,30.0,8.0,2023-02-15
2023.0,Feb,16,21.0,965.1,3.0,5.0,7.1,27.2,15.7,0.0,20.0,24.4,8.7,40.0,8.0,2023-02-16
2023.0,Feb,17,20.8,965.5,3.0,5.0,7.0,27.8,15.8,0.0,21.0,24.3,6.2,40.0,7.0,2023-02-17
2023.0,Feb,18,21.7,964.8,3.0,5.699999999999999,7.1,29.5,16.5,0.0,20.0,24.3,8.3,40.0,8.0,2023-02-18
2023.0,Feb,19,22.4,964.2,0.0,6.199999999999999,7.1,30.5,17.4,0.0,19.0,24.3,6.5,30.0,7.0,2023-02-19
2023.0,Feb,20,22.9,964.2,0.0,6.899999999999999,7.0,31.0,17.5,0.0,20.0,24.4,7.1,30.0,6.0,2023-02-20
2023.0,Feb,21,23.8,963.2,0.0,7.800000000000001,7.0,32.0,16.7,0.0,20.0,24.5,6.2,30.0,6.0,2023-02-21
2023.0,Feb,22,24.4,963.0,0.0,8.399999999999999,6.9,33.1,13.8,0.0,20.0,24.5,7.6,20.0,6.0,2023-02-22
2023.0,Feb,23,24.6,962.4,0.0,8.400000000000002,6.9,34.4,14.2,0.0,19.0,24.7,7.2,30.0,5.0,2023-02-23
2023.0,Feb,24,25.4,962.1,3.0,9.0,7.2,35.6,18.0,0.0,18.0,24.8,6.9,30.0,5.0,2023-02-24
2023.0,Feb,25,25.9,962.2,6.0,9.099999999999998,7.4,36.1,18.0,0.0,16.0,25.0,6.2,30.0,6.0,2023-02-25
2023.0,Feb,26,26.2,962.9,6.0,9.2,7.6,37.5,16.4,0.0,15.0,25.3,7.9,50.0,5.0,2023-02-26
2023.0,Feb,27,26.9,963.0,7.0,10.099999999999998,7.7,38.8,18.0,0.0,16.0,24.9,7.4,60.0,5.0,2023-02-27
2023.0,Feb,28,27.8,963.0,6.0,11.2,8.0,39.8,18.5,0.0,17.0,25.2,6.9,60.0,5.0,2023-02-28
2023.0,Jan,1,19.4,966.1,1.0,5.199999999999999,5.7,27.0,15.2,0.0,29.0,21.3,6.0,40.0,7.0,2023-01-01
2023.0,Jan,2,19.9,966.1,1.0,6.499999999999998,5.6,26.6,14.6,0.0,33.0,21.3,6.7,40.0,7.0,2023-01-02
2023.0,Jan,3,20.2,966.7,0.0,6.399999999999999,5.7,27.3,14.5,0.0,31.0,21.1,9.3,40.0,7.0,2023-01-03
2023.0,Jan,4,21.1,966.2,1.0,7.500000000000002,6.0,27.6,14.4,0.0,32.0,21.2,7.0,40.0,7.0,2023-01-04
2023.0,Jan,5,21.0,965.9,2.0,7.0,6.1,27.6,14.1,0.0,30.0,21.4,7.8,40.0,7.0,2023-01-05
2023.0,Jan,6,21.1,966.7,6.0,7.300000000000001,5.9,29.1,13.0,0.0,31.0,21.1,8.1,30.0,6.0,2023-01-06
2023.0,Jan,7,20.6,966.2,1.0,6.800000000000001,5.9,30.9,11.6,0.0,31.0,21.9,5.6,30.0,6.0,2023-01-07
2023.0,Jan,8,20.3,966.3,3.0,6.100000000000001,6.0,30.6,12.0,0.0,29.0,22.1,9.2,30.0,6.0,2023-01-08
2023.0,Jan,9,20.4,966.8,6.0,5.999999999999998,6.1,29.5,14.8,0.0,28.0,21.6,7.4,30.0,6.0,2023-01-09
2023.0,Jan,10,20.4,967.9,4.0,6.199999999999999,6.1,28.3,14.2,0.0,29.0,21.7,8.1,30.0,7.0,2023-01-10
2023.0,Jan,11,19.7,967.5,3.0,5.5,5.7,28.0,15.0,0.0,29.0,21.9,7.9,30.0,6.0,2023-01-11
2023.0,Jan,12,19.6,966.4,6.0,5.000000000000002,5.9,28.1,13.1,0.0,27.0,22.0,6.3,40.0,6.0,2023-01-12
2023.0,Jan,13,19.0,965.5,7.0,4.4,5.8,28.2,12.6,0.0,27.0,22.1,6.2,30.0,6.0,2023-01-13
2023.0,Jan,14,19.4,965.1,5.0,4.599999999999998,5.9,29.1,13.4,0.0,26.0,22.2,7.4,30.0,6.0,2023-01-14
2023.0,Jan,15,19.9,965.7,5.0,5.699999999999999,5.9,29.1,14.9,0.0,29.0,22.2,8.0,30.0,6.0,2023-01-15
2023.0,Jan,16,20.1,965.3,7.0,5.700000000000001,5.9,29.0,14.0,0.0,28.0,22.0,7.7,30.0,6.0,2023-01-16
2023.0,Jan,17,20.7,965.1,4.0,6.5,6.0,29.0,13.0,0.0,29.0,22.0,8.9,30.0,6.0,2023-01-17
2023.0,Jan,18,20.7,964.7,0.0,6.899999999999999,5.6,30.0,11.8,0.0,31.0,22.0,8.5,40.0,6.0,2023-01-18
2023.0,Jan,19,21.5,964.2,2.0,7.699999999999999,5.5,32.0,16.5,0.0,31.0,22.1,6.0,30.0,4.0,2023-01-19
2023.0,Jan,20,22.4,964.0,0.0,7.799999999999999,6.0,32.8,16.8,0.0,27.0,22.3,6.6,40.0,5.0,2023-01-20
2023.0,Jan,21,22.4,963.5,1.0,7.399999999999999,6.1,32.8,17.5,0.0,25.0,22.4,6.9,30.0,5.0,2023-01-21
2023.0,Jan,22,22.6,962.9,7.0,7.800000000000001,6.0,32.5,13.3,0.0,26.0,22.2,5.8,30.0,5.0,2023-01-22
2023.0,Jan,23,22.9,962.8,4.0,7.899999999999999,6.3,33.7,12.2,0.0,25.0,22.3,7.9,30.0,5.0,2023-01-23
2023.0,Jan,24,22.8,962.7,3.0,7.600000000000001,6.4,34.5,12.5,0.0,24.0,22.6,9.1,30.0,5.0,2023-01-24
2023.0,Jan,25,23.4,961.6,2.0,7.599999999999998,6.6,34.6,12.6,0.0,21.0,22.7,8.4,30.0,5.0,2023-01-25
2023.0,Jan,26,23.6,961.0,4.0,7.800000000000001,6.4,36.3,13.0,0.0,21.0,22.2,8.4,30.0,5.0,2023-01-26
2023.0,Jan,27,24.6,960.1,4.0,9.200000000000001,6.4,37.5,15.5,0.0,23.0,22.8,9.5,40.0,4.0,2023-01-27
2023.0,Jan,28,25.6,959.7,7.0,10.200000000000001,6.1,37.8,17.5,0.0,23.0,21.9,9.4,60.0,4.0,2023-01-28
2023.0,Jan,29,26.8,960.2,8.0,12.0,6.1,37.5,17.2,0.0,26.0,22.1,9.4,150.0,4.0,2023-01-29
2023.0,Jan,30,26.9,961.2,4.0,11.899999999999999,6.6,37.0,14.2,0.0,25.0,22.5,6.0,90.0,5.0,2023-01-30
2023.0,Jan,31,26.1,962.5,7.0,9.900000000000002,7.0,36.0,18.6,0.0,19.0,22.7,6.7,20.0,6.0,2023-01-31
2023.0,July,1,30.8,963.6,5.0,21.8,5.7,35.0,25.5,0.0,55.0,24.7,7.0,210.0,5.0,2023-07-01
2023.0,July,2,31.1,963.6,7.0,22.700000000000003,5.7,36.0,25.5,0.0,58.0,23.3,5.6,190.0,4.0,2023-07-02
2023.0,July,3,30.2,963.0,6.0,21.4,4.8,33.5,24.3,0.0,56.0,23.2,4.0,230.0,5.0,2023-07-03
2023.0,July,4,31.0,963.8,7.0,21.4,5.0,32.5,23.5,0.0,52.0,24.5,6.6,230.0,5.0,2023-07-04
2023.0,July,5,30.1,962.2,3.0,21.700000000000003,5.8,36.0,24.7,0.0,58.0,21.0,5.800000000000001,190.0,4.0,2023-07-05
2023.0,July,6,29.5,962.4,6.0,20.1,5.5,36.8,23.6,0.0,53.0,18.8,4.9,220.0,4.0,2023-07-06
2023.0,July,7,29.8,963.2,7.0,21.6,4.8,36.0,26.5,0.0,59.0,23.8,4.9,180.0,4.0,2023-07-07
2023.0,July,8,30.0,964.9,7.0,22.6,3.5,33.4,24.0,17.2,63.0,21.3,2.0,220.0,5.0,2023-07-08
2023.0,July,9,28.8,963.0,6.0,22.4,5.3,33.1,24.0,0.0,68.0,24.2,5.6,250.0,4.0,2023-07-09
2023.0,July,10,29.8,961.6,6.0,20.9,5.1,33.3,22.4,0.0,63.0,24.0,5.699999999999999,200.0,4.0,2023-07-10
2023.0,July,11,29.6,961.9,4.0,22.6,4.9,35.5,25.2,1.3,65.0,23.1,7.0,190.0,4.0,2023-07-11
2023.0,July,12,29.2,963.0,7.0,24.2,4.8,33.1,26.4,18.0,75.0,24.2,5.699999999999999,210.0,4.0,2023-07-12
2023.0,July,13,29.0,963.5,7.0,22.6,3.9,32.5,22.9,1.6,68.0,22.3,2.8000000000000003,170.0,3.0,2023-07-13
2023.0,July,14,29.3,963.2,4.0,20.700000000000003,5.1,32.3,22.2,0.0,57.0,25.1,7.299999999999999,180.0,3.0,2023-07-14
2023.0,July,15,29.6,962.8,5.0,20.8,4.4,36.0,24.4,0.0,56.0,22.9,4.9,220.0,3.0,2023-07-15
2023.0,July,16,30.1,962.9,3.0,21.900000000000002,5.5,34.6,24.8,0.0,59.0,25.8,8.5,230.0,4.0,2023-07-16
2023.0,July,17,31.0,963.4,7.0,21.6,4.1,37.1,25.0,2.0,53.0,24.2,2.8000000000000003,210.0,5.0,2023-07-17
2023.0,July,18,30.4,962.8,7.0,21.2,6.0,30.5,24.0,0.0,54.0,25.0,6.699999999999999,220.0,6.0,2023-07-18
2023.0,July,19,31.4,963.0,6.0,22.799999999999997,5.5,34.8,24.6,0.0,57.0,23.5,5.0,220.0,6.0,2023-07-19
2023.0,July,20,30.4,963.4,7.0,23.799999999999997,5.0,33.2,24.5,0.0,67.0,23.5,6.0,250.0,4.0,2023-07-20
2023.0,July,21,29.4,964.8,7.0,24.0,4.5,33.5,25.4,0.0,73.0,22.0,3.5000000000000004,190.0,4.0,2023-07-21
2023.0,July,22,28.3,965.7,6.0,22.9,3.4,29.1,23.3,28.4,73.0,19.4,3.0000000000000004,220.0,3.0,2023-07-22
2023.0,July,23,27.9,964.2,4.0,19.6,5.0,30.5,23.9,0.0,80.0,22.4,7.299999999999999,210.0,5.0,2023-07-23
2023.0,July,24,28.5,963.4,2.0,22.1,5.6,32.8,24.0,0.0,68.0,25.3,6.699999999999999,230.0,6.0,2023-07-24
2023.0,July,25,29.1,962.7,4.0,22.1,5.6,34.0,24.2,0.0,65.0,24.2,6.9,220.0,6.0,2023-07-25
2023.0,July,26,29.7,963.0,7.0,22.299999999999997,5.4,32.5,24.8,0.5,63.0,24.3,5.6,230.0,5.0,2023-07-26
2023.0,July,27,29.9,963.9,7.0,22.299999999999997,4.3,33.0,23.7,0.0,62.0,23.1,2.6999999999999997,220.0,4.0,2023-07-27
2023.0,July,28,29.7,964.2,7.0,22.5,4.6,34.5,23.7,0.0,70.0,23.6,6.199999999999999,230.0,4.0,2023-07-28
2023.0,July,29,28.4,964.1,6.0,22.2,5.4,25.5,25.5,0.0,69.0,24.4,6.1,230.0,5.0,2023-07-29
2023.0,July,30,29.8,963.3,5.0,23.200000000000003,5.0,25.0,25.0,0.0,67.0,22.1,6.799999999999999,220.0,7.0,2023-07-30
2023.0,July,31,28.7,962.7,6.0,23.299999999999997,5.6,33.3,23.8,0.0,73.0,24.6,6.799999999999999,230.0,8.0,2023-07-31
2023.0,June,1,32.3,960.5,7.0,21.699999999999996,6.4,39.3,27.0,6.1,47.0,24.5,7.9,200.0,4.0,2023-06-01
2023.0,June,2,32.3,962.2,6.0,21.299999999999997,5.3,31.8,26.0,5.4,45.0,21.7,3.1999999999999997,210.0,5.0,2023-06-02
2023.0,June,3,31.9,962.3,6.0,23.7,4.9,37.8,24.0,0.0,59.0,23.3,3.4,170.0,4.0,2023-06-03
2023.0,June,4,30.3,961.0,6.0,21.9,6.1,39.4,27.0,22.6,58.0,25.7,8.6,180.0,4.0,2023-06-04
2023.0,June,5,31.2,961.6,7.0,21.799999999999997,6.6,32.7,22.4,36.4,53.0,22.6,4.4,210.0,6.0,2023-06-05
2023.0,June,6,30.7,963.1,8.0,21.5,3.1,28.6,23.1,0.0,62.0,20.6,0.10000000000000009,200.0,5.0,2023-06-06
2023.0,June,7,29.2,963.7,8.0,22.0,3.7,30.5,22.8,0.0,64.0,13.1,1.6,190.0,6.0,2023-06-07
2023.0,June,8,26.1,963.0,6.0,19.5,5.2,34.1,23.5,13.0,67.0,24.8,7.1,210.0,4.0,2023-06-08
2023.0,June,9,29.0,962.4,7.0,21.0,4.8,30.9,21.9,12.7,60.0,21.1,4.199999999999999,240.0,4.0,2023-06-09
2023.0,June,10,28.7,964.1,8.0,20.7,3.9,30.6,21.2,3.3,60.0,14.2,3.4,220.0,4.0,2023-06-10
2023.0,June,11,26.7,964.2,5.0,21.9,4.3,32.4,22.8,0.0,76.0,14.9,4.5,240.0,4.0,2023-06-11
2023.0,June,12,27.0,963.8,8.0,21.0,1.5,30.2,22.2,33.2,70.0,21.3,0.0,250.0,4.0,2023-06-12
2023.0,June,13,28.5,963.1,4.0,20.6,5.1,31.8,24.1,37.2,78.0,21.6,5.5,170.0,3.0,2023-06-13
2023.0,June,14,27.8,963.7,7.0,21.6,4.8,31.7,21.6,0.0,69.0,23.7,6.699999999999999,180.0,4.0,2023-06-14
2023.0,June,15,28.8,962.5,3.0,21.0,5.7,34.2,24.4,0.0,61.0,25.2,8.0,230.0,4.0,2023-06-15
2023.0,June,16,29.9,961.1,7.0,21.299999999999997,6.0,38.8,25.4,0.0,57.0,24.6,7.1,240.0,5.0,2023-06-16
2023.0,June,17,31.0,961.2,8.0,21.8,4.9,34.0,26.5,0.0,54.0,21.7,2.9,210.0,5.0,2023-06-17
2023.0,June,18,30.9,961.5,6.0,23.5,5.6,37.5,25.2,0.0,63.0,24.6,7.4,200.0,5.0,2023-06-18
2023.0,June,19,31.0,961.4,8.0,22.2,5.6,36.0,25.5,0.0,56.0,25.1,5.0,240.0,6.0,2023-06-19
2023.0,June,20,31.0,962.3,8.0,22.2,4.3,30.6,25.5,5.6,56.0,23.2,3.9,210.0,5.0,2023-06-20
2023.0,June,21,30.2,962.3,6.0,24.2,3.7,30.6,25.5,0.0,70.0,20.2,1.2000000000000002,240.0,4.0,2023-06-21
2023.0,June,22,29.2,962.7,6.0,20.8,4.9,30.5,21.2,12.5,60.0,22.9,8.4,200.0,5.0,2023-06-22
2023.0,June,23,28.2,963.4,6.0,21.2,4.2,29.5,23.2,0.0,65.0,13.8,3.0000000000000004,210.0,4.0,2023-06-23
2023.0,June,24,28.3,963.9,7.0,21.5,3.9,31.9,21.5,26.7,66.0,19.6,4.199999999999999,220.0,4.0,2023-06-24
2023.0,June,25,28.5,962.7,4.0,22.9,5.4,30.5,24.0,1.6,72.0,23.1,5.6,230.0,3.0,2023-06-25
2023.0,June,26,28.8,961.5,7.0,20.9,5.0,31.4,21.4,0.0,63.0,23.9,3.0000000000000004,210.0,4.0,2023-06-26
2023.0,June,27,29.2,963.1,7.0,21.4,5.0,34.6,25.0,16.9,61.0,23.5,4.699999999999999,200.0,5.0,2023-06-27
2023.0,June,28,30.1,964.9,7.0,22.3,3.9,33.8,22.6,0.0,61.0,20.6,6.199999999999999,190.0,3.0,2023-06-28
2023.0,June,29,29.4,963.1,6.0,21.0,5.8,31.0,22.2,0.0,58.0,24.9,3.5000000000000004,220.0,4.0,2023-06-29
2023.0,June,30,30.3,962.4,4.0,21.3,6.1,35.0,24.2,0.0,55.0,24.7,7.4,190.0,5.0,2023-06-30
2023.0,Mar,1,28.6,961.0,6.0,12.0,8.1,40.5,18.9,0.0,17.0,24.5,9.1,40.0,6.0,2023-03-01
2023.0,Mar,3,29.9,960.45,3.5,13.4,8.0,40.7,19.9,0.0,17.5,24.450000000000003,8.8,50.0,5.5,2023-03-03
2023.0,Mar,4,29.4,959.5,3.0,13.0,8.0,41.1,25.2,0.0,18.0,23.5,4.7,60.0,7.0,2023-03-04
2023.0,Mar,5,30.3,959.1,4.0,13.5,8.7,41.8,26.0,0.0,16.0,25.3,8.9,60.0,7.0,2023-03-05
2023.0,Mar,6,31.6,959.0,8.0,14.400000000000002,7.6,38.3,24.0,0.0,14.0,22.2,7.7,60.0,5.0,2023-03-06
2023.0,Mar,7,30.0,959.2,6.0,13.0,8.4,40.6,18.2,0.0,15.0,24.3,7.1,40.0,6.0,2023-03-07
2023.0,Mar,8,30.0,959.9,7.0,13.399999999999999,8.6,40.0,19.1,0.0,17.0,25.2,8.8,50.0,7.0,2023-03-08
2023.0,Mar,9,30.3,960.5,8.0,13.3,9.0,39.0,24.2,0.0,15.0,21.3,5.1,60.0,7.0,2023-03-09
2023.0,Mar,10,30.9,961.4,7.0,13.7,8.2,38.0,22.2,0.0,14.0,23.2,4.9,40.0,7.0,2023-03-10
2023.0,Mar,11,29.8,961.5,7.0,12.8,8.1,36.7,23.3,0.0,15.0,25.2,6.6,40.0,6.0,2023-03-11
2023.0,Mar,12,27.4,961.5,7.0,10.0,7.2,36.5,18.6,0.0,13.0,24.1,6.3,30.0,6.0,2023-03-12
2023.0,Mar,13,26.4,960.5,1.0,9.399999999999999,7.8,36.7,15.8,0.0,15.0,26.9,7.2,30.0,6.0,2023-03-13
2023.0,Mar,14,26.7,959.8,0.0,9.5,7.7,36.8,15.6,0.0,14.0,26.8,8.2,40.0,6.0,2023-03-14
2023.0,Mar,15,27.0,959.7,1.0,10.0,7.6,37.3,16.2,0.0,15.0,26.8,7.3,50.0,6.0,2023-03-15
2023.0,Mar,16,27.3,960.4,4.0,10.3,7.6,37.6,16.9,0.0,15.0,27.0,9.4,50.0,6.0,2023-03-16
2023.0,Mar,17,26.9,960.2,8.0,9.7,7.3,38.0,20.8,0.0,14.0,26.8,6.1,40.0,5.0,2023-03-17
2023.0,Mar,18,26.6,960.9,8.0,9.400000000000002,5.6,40.0,18.7,0.0,14.0,22.1,2.9,160.0,4.0,2023-03-18
2023.0,Mar,19,29.0,960.6,7.0,11.600000000000001,6.4,39.0,25.2,0.0,13.0,25.0,6.5,140.0,3.0,2023-03-19
2023.0,Mar,20,29.4,960.3,6.0,13.0,8.5,38.5,23.6,0.0,18.0,24.6,7.7,290.0,5.0,2023-03-20
2023.0,Mar,21,29.6,961.4,6.0,14.400000000000002,6.1,37.2,23.5,0.0,24.0,25.4,8.7,210.0,3.0,2023-03-21
2023.0,Mar,22,28.8,960.0,3.0,16.4,6.7,37.9,25.3,0.0,38.0,23.9,5.7,260.0,4.0,2023-03-22
2023.0,Mar,23,30.3,960.1,5.0,16.5,7.0,38.6,24.3,0.0,31.0,24.6,6.8,80.0,5.0,2023-03-23
2023.0,Mar,24,30.2,962.2,5.0,14.799999999999999,7.3,36.5,23.2,0.0,23.0,26.7,7.3,70.0,5.0,2023-03-24
2023.0,Mar,25,27.9,962.9,6.0,12.299999999999999,7.5,35.2,24.5,0.0,22.0,27.0,7.7,40.0,5.0,2023-03-25
2023.0,Mar,26,27.1,962.2,8.0,10.5,7.8,35.4,22.9,0.0,17.0,26.3,8.6,40.0,6.0,2023-03-26
2023.0,Mar,27,27.8,962.0,5.0,11.2,7.7,36.5,21.1,0.0,17.0,26.4,7.3,30.0,6.0,2023-03-27
2023.0,Mar,28,27.7,962.2,7.0,10.5,7.8,36.9,18.3,0.0,14.0,27.4,5.6,20.0,6.0,2023-03-28
2023.0,Mar,29,27.1,962.1,2.0,9.900000000000002,8.1,38.0,19.2,0.0,14.0,27.4,9.4,20.0,6.0,2023-03-29
2023.0,Mar,30,28.4,961.4,6.0,10.799999999999997,7.6,37.0,22.5,0.0,12.0,26.0,5.1,20.0,6.0,2023-03-30
2023.0,Mar,31,28.5,961.9,5.0,11.100000000000001,8.5,37.0,24.4,0.0,13.0,26.9,6.4,30.0,7.0,2023-03-31
2023.0,May,1,30.7,961.1,3.0,18.9,7.0,39.2,26.0,0.0,41.0,23.2,6.7,150.0,4.0,2023-05-01
2023.0,May,2,31.2,962.6,4.0,19.6,7.1,39.4,25.6,0.0,42.0,24.8,8.0,160.0,5.0,2023-05-02
2023.0,May,3,31.4,962.6,4.0,19.799999999999997,6.9,41.0,26.5,0.0,42.0,24.6,7.0,150.0,5.0,2023-05-03
2023.0,May,4,31.5,961.5,6.0,19.3,5.4,40.2,23.7,8.5,39.0,16.3,1.8,200.0,4.0,2023-05-04
2023.0,May,5,31.8,960.5,6.0,19.4,7.0,38.9,24.0,0.0,38.0,24.2,8.5,180.0,5.0,2023-05-05
2023.0,May,6,32.9,960.0,2.0,19.5,7.7,41.0,24.5,0.0,33.0,27.5,7.6,120.0,4.0,2023-05-06
2023.0,May,7,31.8,960.7,6.0,17.6,6.9,41.0,25.0,0.0,29.0,27.3,9.7,130.0,3.0,2023-05-07
2023.0,May,8,31.7,959.4,7.0,15.899999999999999,6.8,40.5,24.7,0.0,21.0,27.0,10.1,200.0,3.0,2023-05-08
2023.0,May,9,31.4,958.1,7.0,17.4,7.3,40.8,25.5,0.0,30.0,26.3,9.3,200.0,4.0,2023-05-09
2023.0,May,10,32.5,959.4,3.0,17.5,6.9,40.0,28.8,20.1,25.0,24.0,6.5,180.0,5.0,2023-05-10
2023.0,May,11,33.3,961.3,6.0,21.299999999999997,6.6,38.0,21.3,0.0,40.0,26.1,8.0,170.0,4.0,2023-05-11
2023.0,May,12,33.4,961.7,6.0,21.2,7.2,40.4,27.2,0.0,39.0,26.1,7.4,160.0,4.0,2023-05-12
2023.0,May,13,32.9,961.3,8.0,19.9,7.7,40.2,29.5,0.0,35.0,26.3,6.6,140.0,5.0,2023-05-13
2023.0,May,14,33.1,960.3,7.0,19.3,7.3,40.2,24.0,0.0,31.0,24.9,8.5,220.0,5.0,2023-05-14
2023.0,May,15,33.9,960.4,7.0,22.5,7.1,39.0,29.0,0.0,43.0,24.7,8.4,230.0,6.0,2023-05-15
2023.0,May,16,34.0,960.3,7.0,23.0,6.7,40.2,27.0,0.0,45.0,23.7,7.0,220.0,6.0,2023-05-16
2023.0,May,17,34.4,960.6,8.0,24.2,6.3,40.4,26.4,0.0,49.0,23.8,9.2,200.0,5.0,2023-05-17
2023.0,May,18,33.5,960.4,7.0,23.7,7.1,39.0,28.5,0.0,51.0,23.4,7.4,220.0,5.0,2023-05-18
2023.0,May,19,34.0,960.0,8.0,22.8,6.3,37.1,23.5,8.3,44.0,22.1,8.1,220.0,5.0,2023-05-19
2023.0,May,20,34.4,960.2,6.0,23.0,6.6,39.5,27.4,0.0,43.0,24.1,8.4,220.0,6.0,2023-05-20
2023.0,May,21,33.3,961.2,8.0,24.8,4.9,37.0,24.9,0.0,58.0,21.4,5.0,240.0,4.0,2023-05-21
2023.0,May,22,31.6,960.6,2.0,23.8,6.6,38.9,27.0,0.0,61.0,25.3,8.9,240.0,5.0,2023-05-22
2023.0,May,23,32.5,959.8,4.0,23.1,7.2,36.5,26.2,0.0,53.0,26.0,7.3,230.0,4.0,2023-05-23
2023.0,May,24,33.3,959.4,6.0,22.499999999999996,7.1,40.1,27.8,0.0,46.0,25.8,6.7,240.0,4.0,2023-05-24
2023.0,May,25,33.2,959.0,4.0,22.200000000000003,6.7,36.9,28.8,0.0,45.0,24.8,6.1,230.0,5.0,2023-05-25
2023.0,May,26,33.7,959.1,7.0,22.900000000000002,6.7,39.7,25.2,0.0,46.0,25.9,6.3,240.0,7.0,2023-05-26
2023.0,May,27,33.3,959.4,7.0,22.9,7.2,38.7,25.4,0.0,48.0,26.2,9.4,250.0,7.0,2023-05-27
2023.0,May,28,33.4,960.4,8.0,22.4,6.0,36.5,25.3,0.0,45.0,25.5,6.1,220.0,6.0,2023-05-28
2023.0,May,29,32.2,961.6,5.0,21.400000000000002,6.7,39.8,26.7,0.0,46.0,25.9,6.9,220.0,5.0,2023-05-29
2023.0,May,30,32.4,961.0,4.0,21.599999999999998,6.8,39.5,27.0,0.0,46.0,25.4,7.2,200.0,5.0,2023-05-30
2023.0,May,31,33.4,960.5,4.0,22.4,6.2,39.5,26.3,0.0,45.0,25.2,9.2,170.0,5.0,2023-05-31
2023.0,Nov,1,27.3,961.3,4.0,13.100000000000001,5.9,38.0,19.2,0.0,29.0,23.8,6.6,40.0,5.0,2023-11-01
2023.0,Nov,2,28.1,961.1,5.0,14.3,5.8,37.0,22.0,0.0,31.0,22.8,6.8,50.0,5.0,2023-11-02
2023.0,Nov,3,28.5,961.8,7.0,14.5,4.2,35.8,22.0,0.0,30.0,19.7,6.5,160.0,3.0,2023-11-03
2023.0,Nov,4,27.3,962.3,4.0,17.5,5.4,37.0,24.6,0.0,51.0,21.4,6.9,90.0,4.0,2023-11-04
2023.0,Nov,5,28.6,962.7,5.0,17.400000000000002,5.9,37.4,19.4,0.0,44.0,23.0,6.4,40.0,6.0,2023-11-05
2023.0,Nov,6,28.1,962.2,7.0,13.500000000000002,6.0,35.6,21.6,0.0,27.0,22.6,8.7,40.0,5.0,2023-11-06
2023.0,Nov,7,27.5,961.3,3.0,12.3,6.1,37.6,16.6,0.0,24.0,23.4,7.5,70.0,5.0,2023-11-07
2023.0,Nov,8,27.2,961.2,5.0,12.399999999999999,6.3,38.0,17.0,0.0,26.0,23.3,6.4,40.0,5.0,2023-11-08
2023.0,Nov,9,27.0,961.7,6.0,12.4,5.9,36.6,18.5,0.0,27.0,22.4,8.1,40.0,5.0,2023-11-09
2023.0,Nov,10,28.1,962.2,7.0,13.3,6.0,36.6,17.0,0.0,26.0,22.9,6.4,60.0,5.0,2023-11-10
2023.0,Nov,11,27.7,962.9,5.0,13.1,6.2,37.5,17.0,0.0,27.0,22.9,8.2,40.0,6.0,2023-11-11
2023.0,Nov,12,27.5,963.6,7.0,13.1,5.8,37.7,17.5,0.0,28.0,19.7,5.0,30.0,5.0,2023-11-12
2023.0,Nov,13,27.8,962.5,5.0,12.8,6.5,35.8,20.5,0.0,25.0,20.6,4.7,40.0,7.0,2023-11-13
2023.0,Nov,14,28.4,963.7,8.0,13.799999999999999,3.4,36.6,24.5,0.0,27.0,13.4,0.0,120.0,7.0,2023-11-14
2023.0,Nov,15,27.3,963.7,5.0,14.9,5.9,31.1,25.1,0.0,38.0,21.2,6.8,30.0,8.0,2023-11-15
2023.0,Nov,16,27.4,963.4,7.0,14.2,6.4,34.4,23.5,0.0,34.0,20.7,6.9,40.0,7.0,2023-11-16
2023.0,Nov,17,28.0,964.1,7.0,12.2,5.6,34.9,25.3,0.0,21.0,21.3,8.1,30.0,6.0,2023-11-17
2023.0,Nov,18,26.3,963.8,7.0,10.5,6.0,34.1,20.0,0.0,21.0,21.7,5.3,40.0,6.0,2023-11-18
2023.0,Nov,19,25.1,963.5,8.0,10.100000000000001,5.6,34.5,16.3,0.0,25.0,22.0,5.6,40.0,6.0,2023-11-19
2023.0,Nov,20,25.1,963.1,8.0,11.100000000000001,5.3,33.0,19.9,0.0,30.0,21.6,6.6,30.0,5.0,2023-11-20
2023.0,Nov,21,24.3,961.9,5.0,10.700000000000001,5.1,35.6,13.6,0.0,32.0,22.0,7.7,100.0,3.0,2023-11-21
2023.0,Nov,22,23.7,962.2,4.0,9.899999999999999,5.0,35.9,16.7,0.0,31.0,22.2,7.7,130.0,3.0,2023-11-22
2023.0,Nov,23,26.1,961.0,5.0,11.900000000000002,5.3,37.1,20.3,0.0,29.0,21.6,8.3,140.0,3.0,2023-11-23
2023.0,Nov,24,26.6,960.6,6.0,13.000000000000002,5.2,36.2,22.2,0.0,32.0,20.3,8.4,100.0,4.0,2023-11-24
2023.0,Nov,25,28.1,962.3,4.0,14.900000000000002,5.4,38.1,21.6,0.0,34.0,20.2,6.0,110.0,3.0,2023-11-25
2023.0,Nov,26,28.4,963.1,1.0,14.799999999999999,6.4,36.7,17.5,0.0,32.0,21.6,8.9,40.0,6.0,2023-11-26
2023.0,Nov,27,27.5,962.2,2.0,12.7,6.4,35.5,22.4,0.0,26.0,21.7,8.6,40.0,6.0,2023-11-27
2023.0,Nov,28,27.0,962.2,2.0,11.6,6.1,35.5,14.8,0.0,23.0,21.7,9.1,30.0,5.0,2023-11-28
2023.0,Nov,29,26.1,963.0,1.0,10.500000000000002,6.5,37.5,17.8,0.0,22.0,21.6,6.2,30.0,6.0,2023-11-29
2023.0,Nov,30,26.8,963.6,0.0,10.8,6.8,36.6,18.6,0.0,20.0,21.9,7.0,20.0,7.0,2023-11-30
2023.0,Oct,1,26.4,962.8,6.0,22.599999999999998,3.7,32.0,23.1,0.0,81.0,17.7,5.8,290.0,4.0,2023-10-01
2023.0,Oct,2,27.3,962.4,4.0,21.700000000000003,5.2,30.6,24.0,0.0,72.0,23.4,9.0,170.0,4.0,2023-10-02
2023.0,Oct,3,28.3,962.1,5.0,19.1,5.7,32.9,24.2,0.0,54.0,24.5,9.5,160.0,3.0,2023-10-03
2023.0,Oct,4,27.9,962.2,6.0,17.9,5.1,34.0,24.8,0.0,50.0,21.7,6.3,160.0,2.0,2023-10-04
2023.0,Oct,5,28.3,963.1,6.0,19.3,3.1,29.8,26.2,0.0,55.0,22.5,2.6,140.0,3.0,2023-10-05
2023.0,Oct,6,28.9,963.0,6.0,21.099999999999998,4.7,33.6,22.3,0.0,61.0,23.4,8.2,100.0,4.0,2023-10-06
2023.0,Oct,7,28.1,962.9,4.0,18.3,5.7,33.9,23.4,0.0,51.0,24.5,8.0,120.0,4.0,2023-10-07
2023.0,Oct,8,28.2,963.2,0.0,18.2,5.6,35.6,22.9,0.0,50.0,24.8,8.9,160.0,4.0,2023-10-08
2023.0,Oct,9,28.6,962.5,2.0,18.200000000000003,5.9,36.5,22.1,0.0,48.0,24.4,6.4,180.0,4.0,2023-10-09
2023.0,Oct,10,29.1,961.9,3.0,17.5,5.7,35.6,22.2,0.0,42.0,24.9,7.0,160.0,3.0,2023-10-10
2023.0,Oct,11,29.3,962.7,4.0,17.3,5.0,35.5,22.8,0.0,40.0,23.5,9.2,170.0,3.0,2023-10-11
2023.0,Oct,12,28.9,962.6,1.0,20.099999999999998,5.6,35.0,23.0,0.0,56.0,24.4,9.7,150.0,3.0,2023-10-12
2023.0,Oct,13,29.3,962.3,3.0,19.3,5.4,36.6,21.5,0.0,50.0,23.8,5.7,180.0,3.0,2023-10-13
2023.0,Oct,14,28.7,961.3,5.0,17.1,5.8,36.4,20.0,0.0,42.0,24.8,9.6,150.0,4.0,2023-10-14
2023.0,Oct,15,28.6,962.0,7.0,16.6,5.0,36.0,23.6,2.2,40.0,22.6,6.2,170.0,4.0,2023-10-15
2023.0,Oct,16,29.4,962.9,7.0,22.0,4.5,35.6,23.8,3.4,63.0,20.6,5.7,180.0,3.0,2023-10-16
2023.0,Oct,17,30.2,962.8,5.0,21.6,5.6,36.7,22.2,0.0,60.0,23.5,8.1,130.0,4.0,2023-10-17
2023.0,Oct,18,29.4,963.0,6.0,18.8,5.6,36.6,19.2,0.0,49.0,24.7,8.4,80.0,4.0,2023-10-18
2023.0,Oct,19,29.0,962.9,5.0,15.4,5.2,36.2,20.3,0.0,32.0,23.5,8.8,120.0,4.0,2023-10-19
2023.0,Oct,20,28.3,962.7,1.0,17.1,5.7,37.0,19.0,0.0,44.0,24.7,9.4,70.0,5.0,2023-10-20
2023.0,Oct,21,27.7,961.9,1.0,13.299999999999999,6.1,37.4,17.0,0.0,28.0,24.5,9.7,50.0,6.0,2023-10-21
2023.0,Oct,22,27.7,961.6,2.0,12.5,6.0,37.0,18.0,0.0,24.0,24.6,5.9,60.0,6.0,2023-10-22
2023.0,Oct,23,27.8,961.3,4.0,12.8,6.2,36.8,19.5,0.0,25.0,24.5,7.4,40.0,5.0,2023-10-23
2023.0,Oct,24,28.8,961.1,8.0,13.200000000000001,5.8,36.7,17.4,0.0,22.0,24.5,5.8,80.0,4.0,2023-10-24
2023.0,Oct,25,27.9,961.8,3.0,13.099999999999998,5.4,37.6,17.4,0.0,26.0,24.6,8.0,110.0,3.0,2023-10-25
2023.0,Oct,26,27.7,962.1,4.0,13.899999999999999,5.3,37.2,19.2,0.0,31.0,24.3,6.3,100.0,3.0,2023-10-26
2023.0,Oct,27,26.9,960.9,3.0,13.499999999999998,5.5,37.6,18.5,0.0,33.0,23.8,9.5,100.0,4.0,2023-10-27
2023.0,Oct,28,28.7,960.0,1.0,14.899999999999999,6.1,38.4,18.8,0.0,31.0,21.9,7.9,40.0,6.0,2023-10-28
2023.0,Oct,29,29.2,959.8,5.0,15.0,6.3,38.4,23.2,0.0,29.0,22.6,5.5,50.0,6.0,2023-10-29
2023.0,Oct,30,29.5,960.2,4.0,14.5,6.0,36.9,20.8,0.0,25.0,23.1,8.4,50.0,6.0,2023-10-30
2023.0,Oct,31,28.5,961.5,8.0,13.5,5.7,35.0,18.2,0.0,25.0,23.1,7.3,110.0,5.0,2023-10-31
2023.0,Sep,1,28.3,962.5,5.0,23.3,4.2,30.8,24.0,0.0,75.0,23.3,5.4,160.0,4.0,2023-09-01
2023.0,Sep,2,27.6,963.7,4.0,19.0,5.2,37.5,21.400000000000002,11.9,69.0,23.1,5.0,200.0,4.0,2023-09-02
2023.0,Sep,3,27.7,964.0,8.0,22.299999999999997,2.9,28.0,22.7,0.0,73.0,16.1,0.40000000000000013,240.0,5.0,2023-09-03
2023.0,Sep,4,26.3,963.6,6.0,21.7,3.4,30.0,22.3,0.0,80.0,19.6,1.9,210.0,4.0,2023-09-04
2023.0,Sep,5,27.4,963.5,1.0,23.0,5.3,33.5,23.0,0.0,78.0,25.0,8.0,210.0,3.0,2023-09-05
2023.0,Sep,6,27.8,962.7,1.0,23.0,5.1,35.0,24.2,0.0,76.0,22.5,6.799999999999999,210.0,2.0,2023-09-06
2023.0,Sep,7,28.3,962.1,7.0,24.1,5.1,35.0,24.2,0.0,79.0,23.9,6.699999999999999,200.0,4.0,2023-09-07
2023.0,Sep,8,29.1,963.4,6.0,19.0,5.3,35.2,24.1,10.9,75.0,24.6,6.199999999999999,230.0,6.0,2023-09-08
2023.0,Sep,9,28.8,963.4,2.0,23.0,5.2,35.2,23.5,0.0,71.0,25.8,6.300000000000001,250.0,6.0,2023-09-09
2023.0,Sep,10,29.0,961.0,7.0,22.4,4.8,32.0,24.0,19.0,67.0,24.3,3.0000000000000004,220.0,5.0,2023-09-10
2023.0,Sep,11,29.4,960.7,4.0,24.0,5.3,34.0,24.4,0.0,75.0,21.9,6.9,180.0,4.0,2023-09-11
2023.0,Sep,12,28.9,961.9,4.0,21.0,5.1,33.0,23.5,0.0,73.0,24.2,6.6,180.0,4.0,2023-09-12
2023.0,Sep,13,28.3,961.8,7.0,22.700000000000003,3.9,32.0,23.0,6.5,72.0,18.3,3.0000000000000004,220.0,5.0,2023-09-13
2023.0,Sep,14,27.7,961.9,7.0,23.9,4.4,32.8,24.3,0.0,81.0,21.3,3.9,210.0,3.0,2023-09-14
2023.0,Sep,15,27.5,962.7,7.0,21.7,3.6,31.6,22.9,0.0,77.0,18.2,4.5,180.0,3.0,2023-09-15
2023.0,Sep,16,26.8,962.5,7.0,23.0,4.6,33.0,23.8,1.3,81.0,22.2,3.6,210.0,4.0,2023-09-16
2023.0,Sep,17,27.7,962.8,7.0,23.1,4.8,33.0,24.5,0.0,77.0,23.3,7.4,220.0,4.0,2023-09-17
2023.0,Sep,18,27.7,962.9,6.0,21.5,3.0,32.1,22.5,0.0,74.0,17.1,1.2000000000000002,190.0,4.0,2023-09-18
2023.0,Sep,19,28.4,962.8,6.0,22.0,5.2,33.2,23.2,0.0,74.0,22.5,4.699999999999999,160.0,3.0,2023-09-19
2023.0,Sep,20,27.9,961.4,6.0,21.5,5.1,36.4,22.4,0.0,68.0,23.4,3.0000000000000004,180.0,3.0,2023-09-20
2023.0,Sep,21,28.9,961.1,8.0,22.299999999999997,5.2,34.0,22.3,0.0,67.0,24.3,6.300000000000001,200.0,4.0,2023-09-21
2023.0,Sep,22,29.5,962.6,8.0,23.3,3.6,34.0,23.5,0.0,69.0,23.0,2.3000000000000003,190.0,4.0,2023-09-22
2023.0,Sep,23,28.9,963.6,7.0,23.0,4.0,34.0,24.299999999999997,16.5,77.0,19.5,3.6999999999999997,240.0,3.0,2023-09-23
2023.0,Sep,24,27.8,963.3,6.0,20.0,4.8,33.6,22.8,0.0,75.0,23.8,6.1,230.0,5.0,2023-09-24
2023.0,Sep,25,29.1,961.7,4.0,23.1,5.6,34.0,24.7,0.0,70.0,24.7,7.199999999999999,250.0,5.0,2023-09-25
2023.0,Sep,26,29.9,960.1,4.0,23.099999999999998,5.8,35.0,24.8,0.0,66.0,24.7,8.7,220.0,5.0,2023-09-26
2023.0,Sep,27,30.2,960.2,4.0,23.2,5.7,35.0,23.4,32.2,65.0,24.3,4.800000000000001,230.0,4.0,2023-09-27
2023.0,Sep,28,29.9,962.6,7.0,20.1,3.7,31.0,22.299999999999997,0.0,62.0,17.9,0.10000000000000009,200.0,4.0,2023-09-28
2023.0,Sep,29,28.4,963.2,6.0,23.0,3.8,31.6,23.2,6.5,74.0,13.7,2.9,150.0,2.0,2023-09-29
2023.0,Sep,30,26.6,963.0,7.0,21.6,3.8,29.9,23.6,0.0,85.0,17.4,1.9,170.0,2.0,2023-09-30
2024.0,April,1,33.8,959.8,8.0,16.4,8.6,43.0,24.3,0.0,13.0,25.4,5.5,50.0,6.0,2024-04-01
2024.0,April,2,33.4,958.7,6.0,16.799999999999997,6.9,43.2,23.5,0.0,17.0,26.4,7.7,80.0,3.0,2024-04-02
2024.0,April,3,32.9,957.2,4.0,15.899999999999999,7.7,43.0,27.8,0.0,15.0,27.0,8.4,110.0,4.0,2024-04-03
2024.0,April,4,31.4,958.0,5.0,15.2,6.4,41.1,24.8,0.0,19.0,25.8,7.9,120.0,3.0,2024-04-04
2024.0,April,5,32.0,959.2,4.0,15.8,7.8,41.7,26.6,0.0,19.0,27.2,8.2,90.0,4.0,2024-04-05
2024.0,April,6,31.1,960.2,6.0,17.3,6.6,41.1,26.3,0.0,31.0,25.7,4.9,180.0,5.0,2024-04-06
2024.0,April,7,31.6,959.7,6.0,16.0,8.2,41.7,27.5,0.0,22.0,27.1,7.3,170.0,4.0,2024-04-07
2024.0,April,8,32.3,959.2,7.0,17.9,7.2,40.5,26.0,9.9,28.0,22.9,5.2,100.0,5.0,2024-04-08
2024.0,April,9,32.8,960.0,6.0,19.799999999999997,7.1,39.0,21.0,0.0,35.0,23.5,4.0,130.0,4.0,2024-04-09
2024.0,April,10,32.7,959.9,5.0,14.900000000000002,8.5,40.3,23.7,0.0,11.0,23.8,3.9,70.0,5.0,2024-04-10
2024.0,April,11,31.8,959.6,5.0,13.400000000000002,8.7,41.0,23.4,0.0,8.0,28.1,7.1,50.0,6.0,2024-04-11
2024.0,April,12,32.4,959.6,6.0,14.399999999999999,7.8,42.4,23.5,0.0,10.0,25.9,9.1,120.0,5.0,2024-04-12
2024.0,April,13,32.5,958.6,5.0,15.5,6.9,43.5,26.5,0.0,15.0,26.4,9.6,160.0,3.0,2024-04-13
2024.0,April,14,31.2,959.8,6.0,16.799999999999997,7.0,39.7,27.5,0.0,28.0,22.1,4.6,280.0,7.0,2024-04-14
2024.0,April,15,32.8,960.3,7.0,15.799999999999997,7.0,40.3,24.5,0.0,15.0,25.9,7.5,240.0,4.0,2024-04-15
2024.0,April,16,33.5,958.7,6.0,16.3,7.5,43.0,23.3,0.0,14.0,27.5,6.2,250.0,3.0,2024-04-16
2024.0,April,17,33.2,957.8,8.0,16.000000000000004,7.4,43.0,24.8,0.0,14.0,27.0,6.1,170.0,3.0,2024-04-17
2024.0,April,18,32.2,958.6,6.0,15.200000000000003,7.3,43.0,25.8,0.0,15.0,22.4,5.9,240.0,4.0,2024-04-18
2024.0,April,19,32.5,958.7,6.0,15.5,7.6,43.6,28.6,0.0,15.0,27.4,8.2,160.0,3.0,2024-04-19
2024.0,April,20,33.5,957.8,5.0,19.5,7.5,42.3,28.1,0.0,30.0,27.3,8.2,150.0,5.0,2024-04-20
2024.0,April,21,33.4,956.9,6.0,17.2,7.5,43.5,28.9,0.0,19.0,27.2,6.4,100.0,4.0,2024-04-21
2024.0,April,22,34.2,958.6,6.0,21.000000000000004,7.8,43.2,25.7,0.0,34.0,25.1,6.6,200.0,6.0,2024-04-22
2024.0,April,23,34.9,958.7,6.0,22.099999999999998,7.0,42.3,29.0,0.0,36.0,25.7,7.9,170.0,4.0,2024-04-23
2024.0,April,24,35.2,957.8,4.0,20.6,7.5,43.9,28.5,0.0,27.0,26.7,6.8,200.0,4.0,2024-04-24
2024.0,April,25,35.4,957.1,2.0,21.799999999999997,8.0,42.5,28.7,0.0,32.0,24.8,8.4,260.0,6.0,2024-04-25
2024.0,April,26,35.3,956.8,3.0,22.099999999999998,7.5,42.7,29.5,0.0,34.0,25.4,8.2,260.0,5.0,2024-04-26
2024.0,April,27,35.0,957.1,8.0,21.4,7.1,42.6,29.2,0.0,32.0,25.6,6.4,160.0,5.0,2024-04-27
2024.0,April,28,34.2,957.4,6.0,18.6,7.8,43.5,24.5,0.0,22.0,27.3,6.7,100.0,4.0,2024-04-28
2024.0,April,29,32.8,958.2,4.0,15.999999999999996,8.0,43.5,26.1,0.0,16.0,28.1,7.4,130.0,4.0,2024-04-29
2024.0,April,30,32.8,956.8,8.0,16.199999999999996,7.9,44.0,23.1,0.0,17.0,27.6,8.6,190.0,4.0,2024-04-30
2024.0,Aug,1,25.8,962.7,8.0,22.2,2.1,32.3,22.2,0.0,82.0,8.5,0.0,220.0,5.0,2024-08-01
2024.0,Aug,2,26.7,962.9,7.0,22.5,4.0,29.6,22.7,4.5,80.0,18.2,5.0,220.0,5.0,2024-08-02
2024.0,Aug,3,26.0,963.1,6.0,21.2,3.7,30.9,23.2,31.5,76.0,12.4,3.6999999999999997,240.0,5.0,2024-08-03
2024.0,Aug,4,27.7,963.8,7.0,21.5,4.5,28.8,24.0,0.0,69.0,21.4,1.9,240.0,7.0,2024-08-04
2024.0,Aug,5,27.4,962.9,8.0,20.799999999999997,4.6,31.0,24.7,0.0,67.0,18.4,4.9,250.0,7.0,2024-08-05
2024.0,Aug,6,24.8,961.4,8.0,20.2,1.9,30.8,23.0,86.3,91.0,5.3,0.0,250.0,6.0,2024-08-06
2024.0,Aug,7,24.7,961.1,8.0,22.0,3.3,31.9,22.5,0.0,89.0,6.9,2.0,220.0,5.0,2024-08-07
2024.0,Aug,8,26.3,961.9,8.0,19.8,3.6,29.3,22.5,30.3,81.0,18.1,4.300000000000001,240.0,6.0,2024-08-08
2024.0,Aug,9,24.0,962.8,8.0,20.6,1.2,29.0,22.4,29.8,92.0,6.4,0.0,250.0,5.0,2024-08-09
2024.0,Aug,10,26.9,961.8,6.0,22.7,4.2,26.7,23.3,0.0,79.0,19.3,5.199999999999999,240.0,4.0,2024-08-10
2024.0,Aug,11,26.6,962.3,7.0,23.0,3.6,31.6,23.3,0.0,82.0,19.4,0.8000000000000003,240.0,4.0,2024-08-11
2024.0,Aug,12,26.0,962.0,8.0,22.1,3.2,29.9,22.2,32.7,81.0,14.7,2.1,230.0,5.0,2024-08-12
2024.0,Aug,13,25.4,962.8,8.0,20.7,2.4,30.3,21.799999999999997,54.4,82.0,12.1,0.0,240.0,5.0,2024-08-13
2024.0,Aug,14,26.5,964.0,7.0,21.0,4.5,30.6,21.5,18.4,75.0,20.2,7.4,240.0,5.0,2024-08-14
2024.0,Aug,15,25.0,962.9,8.0,21.0,2.6,25.6,22.0,40.2,85.0,9.5,0.0,260.0,6.0,2024-08-15
2024.0,Aug,16,25.1,962.2,6.0,21.5,2.9,28.0,22.700000000000003,49.0,88.0,7.3,1.3000000000000003,220.0,5.0,2024-08-16
2024.0,Aug,17,26.3,964.1,4.0,22.0,4.4,31.0,22.1,0.0,79.0,22.6,6.300000000000001,220.0,4.0,2024-08-17
2024.0,Aug,18,26.5,963.5,7.0,21.7,4.1,30.5,22.3,0.0,76.0,16.7,4.800000000000001,260.0,6.0,2024-08-18
2024.0,Aug,19,25.8,962.4,8.0,20.0,2.3,27.0,21.8,21.0,80.0,11.8,0.0,260.0,6.0,2024-08-19
2024.0,Aug,20,25.4,963.7,4.0,20.599999999999998,4.6,30.5,21.7,0.0,76.0,16.7,5.6,220.0,5.0,2024-08-20
2024.0,Aug,21,26.2,963.9,7.0,22.599999999999998,3.9,29.8,23.5,0.0,82.0,15.6,5.5,260.0,5.0,2024-08-21
2024.0,Aug,22,26.5,961.7,8.0,23.3,2.6,31.5,23.6,14.0,84.0,18.2,2.6999999999999997,240.0,5.0,2024-08-22
2024.0,Aug,23,26.8,961.5,7.0,22.200000000000003,4.0,30.5,23.3,0.0,77.0,19.7,3.1999999999999997,200.0,5.0,2024-08-23
2024.0,Aug,24,26.9,964.2,8.0,21.5,3.7,30.6,24.1,0.0,73.0,16.1,3.5000000000000004,250.0,6.0,2024-08-24
2024.0,Aug,25,27.9,961.7,8.0,20.0,3.3,29.9,22.5,52.7,73.0,16.4,0.30000000000000004,250.0,7.0,2024-08-25
2024.0,Aug,26,24.4,960.9,7.0,21.599999999999998,3.3,29.0,22.6,0.0,86.0,5.1,1.8000000000000003,210.0,5.0,2024-08-26
2024.0,Aug,27,26.3,962.7,7.0,21.5,4.4,30.5,23.5,1.7,76.0,14.3,4.0,210.0,5.0,2024-08-27
2024.0,Aug,28,27.6,963.5,7.0,21.8,4.3,31.8,22.8,34.6,76.0,18.7,7.9,260.0,6.0,2024-08-28
2024.0,Aug,29,26.6,961.9,8.0,21.1,2.9,29.0,23.200000000000003,31.4,83.0,14.4,0.0,260.0,8.0,2024-08-29
2024.0,Aug,30,25.2,961.1,8.0,21.8,2.7,28.0,21.9,7.5,83.0,11.9,0.0,220.0,7.0,2024-08-30
2024.0,Aug,31,26.2,963.0,6.0,22.0,4.2,30.0,22.5,0.0,79.0,17.9,5.800000000000001,200.0,7.0,2024-08-31
2024.0,Dec,1,22.1,965.7,6.0,8.100000000000001,6.3,30.5,14.8,0.0,30.0,21.6,6.5,30.0,6.0,2024-12-01
2024.0,Dec,2,21.1,964.8,4.0,7.100000000000001,6.0,30.0,14.2,0.0,30.0,22.1,6.5,30.0,6.0,2024-12-02
2024.0,Dec,3,20.9,964.8,3.0,7.699999999999999,5.7,30.2,10.7,0.0,34.0,22.3,7.8,30.0,5.0,2024-12-03
2024.0,Dec,4,21.2,965.1,0.0,8.0,5.8,31.1,10.2,0.0,34.0,22.3,7.9,30.0,5.0,2024-12-04
2024.0,Dec,5,21.1,964.8,0.0,7.700000000000001,5.5,33.6,13.5,0.0,33.0,22.1,7.0,20.0,5.0,2024-12-05
2024.0,Dec,6,21.7,964.5,3.0,7.699999999999999,6.1,30.5,14.5,0.0,30.0,21.7,7.4,20.0,5.0,2024-12-06
2024.0,Dec,7,21.1,966.4,2.0,6.100000000000001,6.6,27.5,12.5,0.0,25.0,21.6,7.2,20.0,7.0,2024-12-07
2024.0,Dec,8,21.1,965.6,2.0,5.900000000000002,6.1,29.6,13.4,0.0,24.0,21.6,7.4,20.0,6.0,2024-12-08
2024.0,Dec,9,22.9,964.7,6.0,9.099999999999998,6.1,30.6,14.4,0.0,31.0,20.9,5.8,30.0,5.0,2024-12-09
2024.0,Dec,10,24.8,963.7,6.0,11.0,6.7,34.9,19.5,0.0,31.0,21.0,8.3,30.0,6.0,2024-12-10
2024.0,Dec,11,25.7,963.9,7.0,11.1,7.1,34.8,15.5,0.0,27.0,20.3,5.3,40.0,6.0,2024-12-11
2024.0,Dec,12,24.0,964.2,4.0,8.6,7.4,33.0,16.4,0.0,23.0,21.6,8.4,40.0,7.0,2024-12-12
2024.0,Dec,13,22.6,964.5,3.0,6.400000000000002,7.0,33.2,14.8,0.0,19.0,22.1,5.7,30.0,6.0,2024-12-13
2024.0,Dec,14,21.6,964.9,2.0,6.400000000000002,6.5,31.6,15.5,0.0,24.0,22.0,7.8,30.0,6.0,2024-12-14
2024.0,Dec,15,21.5,965.1,7.0,7.5,6.3,30.2,15.6,0.0,30.0,21.2,7.0,30.0,6.0,2024-12-15
2024.0,Dec,16,21.2,965.9,8.0,7.0,6.0,28.5,13.7,0.0,29.0,19.0,7.6,30.0,6.0,2024-12-16
2024.0,Dec,17,20.8,966.3,8.0,6.200000000000001,5.8,30.0,13.2,0.0,27.0,19.3,5.5,30.0,6.0,2024-12-17
2024.0,Dec,18,20.4,967.4,3.0,5.799999999999999,6.4,28.4,10.9,0.0,27.0,21.0,6.2,10.0,7.0,2024-12-18
2024.0,Dec,19,18.6,968.2,0.0,5.200000000000001,5.7,26.0,11.8,0.0,33.0,21.6,8.8,10.0,7.0,2024-12-19
2024.0,Dec,20,18.8,967.6,1.0,6.0,5.5,26.5,14.7,0.0,36.0,21.3,9.3,30.0,6.0,2024-12-20
2024.0,Dec,21,20.1,966.7,0.0,6.300000000000001,6.0,27.5,14.5,0.0,31.0,21.2,7.3,30.0,6.0,2024-12-21
2024.0,Dec,22,20.9,966.3,0.0,7.099999999999998,6.1,28.8,13.8,0.0,31.0,21.1,7.5,30.0,6.0,2024-12-22
2024.0,Dec,23,20.9,965.6,2.0,6.499999999999998,6.2,29.0,14.2,0.0,28.0,21.3,8.2,30.0,6.0,2024-12-23
2024.0,Dec,24,20.7,965.1,2.0,6.1,6.1,30.0,14.6,0.0,27.0,21.6,6.7,30.0,6.0,2024-12-24
2024.0,Dec,25,20.7,965.1,2.0,5.899999999999999,6.2,30.9,8.0,0.0,26.0,21.8,7.8,30.0,6.0,2024-12-25
2024.0,Dec,26,20.3,965.2,2.0,5.300000000000001,5.8,30.6,12.0,0.0,25.0,22.0,7.5,30.0,5.0,2024-12-26
2024.0,Dec,27,20.6,965.6,2.0,5.400000000000002,6.3,30.5,13.0,0.0,24.0,22.0,7.9,30.0,6.0,2024-12-27
2024.0,Dec,28,20.2,965.7,2.0,5.0,5.9,28.9,11.0,0.0,24.0,21.9,8.8,30.0,5.0,2024-12-28
2024.0,Dec,29,22.1,965.8,4.0,6.700000000000001,6.4,31.8,13.2,0.0,23.0,21.3,5.9,40.0,6.0,2024-12-29
2024.0,Dec,30,22.9,965.5,3.0,7.299999999999999,6.7,32.9,16.0,0.0,22.0,20.3,5.6,40.0,6.0,2024-12-30
2024.0,Dec,31,23.3,964.9,3.0,8.3,6.9,33.3,15.9,0.0,25.0,21.4,6.3,50.0,6.0,2024-12-31
2024.0,Feb,1,22.9,968.3,1.0,7.499999999999998,6.6,28.0,15.0,0.0,23.0,22.6,5.5,40.0,7.0,2024-02-01
2024.0,Feb,2,21.4,967.6,1.0,5.999999999999998,6.7,28.7,14.5,0.0,23.0,22.7,9.4,40.0,7.0,2024-02-02
2024.0,Feb,3,21.1,966.6,0.0,4.300000000000001,7.0,28.9,14.3,0.0,16.0,22.9,5.8,40.0,7.0,2024-02-03
2024.0,Feb,4,21.2,967.5,2.0,4.599999999999998,7.2,29.2,13.4,0.0,17.0,23.1,5.7,30.0,7.0,2024-02-04
2024.0,Feb,5,21.4,969.4,3.0,4.799999999999997,7.2,29.1,14.7,0.0,17.0,23.1,7.5,30.0,8.0,2024-02-05
2024.0,Feb,6,21.8,969.2,6.0,5.800000000000001,6.9,29.2,16.6,0.0,20.0,22.6,9.1,40.0,8.0,2024-02-06
2024.0,Feb,7,21.6,967.9,4.0,5.800000000000001,6.4,27.5,15.5,0.0,21.0,22.3,8.3,40.0,7.0,2024-02-07
2024.0,Feb,8,21.8,966.4,2.0,6.0,6.4,30.0,14.0,0.0,21.0,23.5,6.3,30.0,6.0,2024-02-08
2024.0,Feb,9,22.0,965.7,2.0,6.4,6.2,33.0,13.5,0.0,22.0,23.6,8.8,40.0,5.0,2024-02-09
2024.0,Feb,10,23.2,965.0,4.0,7.399999999999999,6.0,34.6,15.8,0.0,21.0,23.1,8.7,40.0,4.0,2024-02-10
2024.0,Feb,11,24.9,963.6,1.0,8.899999999999999,6.5,34.0,15.8,0.0,20.0,23.6,8.3,40.0,5.0,2024-02-11
2024.0,Feb,12,26.0,963.5,0.0,9.2,7.0,36.0,14.9,0.0,16.0,23.8,6.1,30.0,5.0,2024-02-12
2024.0,Feb,13,25.2,963.9,0.0,8.2,7.6,36.8,14.7,0.0,15.0,24.3,5.9,30.0,6.0,2024-02-13
2024.0,Feb,14,25.2,964.6,1.0,9.0,7.2,36.7,14.8,0.0,19.0,24.3,5.8,10.0,6.0,2024-02-14
2024.0,Feb,15,23.5,965.1,0.0,7.699999999999999,6.8,34.2,16.9,0.0,21.0,24.6,6.0,20.0,6.0,2024-02-15
2024.0,Feb,16,23.6,965.2,6.0,8.000000000000002,6.9,32.5,15.5,0.0,22.0,24.4,9.0,40.0,6.0,2024-02-16
2024.0,Feb,17,23.8,965.3,7.0,7.199999999999999,7.0,33.0,17.0,0.0,17.0,24.0,9.4,40.0,6.0,2024-02-17
2024.0,Feb,18,24.2,964.4,6.0,7.399999999999999,6.7,31.9,16.0,0.0,16.0,23.6,7.8,40.0,5.0,2024-02-18
2024.0,Feb,19,26.1,962.8,1.0,9.5,6.7,33.9,18.5,0.0,17.0,23.2,8.4,30.0,5.0,2024-02-19
2024.0,Feb,20,27.8,960.9,2.0,10.8,7.5,36.5,19.4,0.0,15.0,23.4,5.6,30.0,5.0,2024-02-20
2024.0,Feb,21,27.7,960.6,5.0,10.5,8.0,34.6,21.4,0.0,14.0,23.0,5.8,40.0,6.0,2024-02-21
2024.0,Feb,22,25.7,961.4,6.0,9.7,7.6,32.2,22.0,0.0,20.0,17.5,4.6,30.0,7.0,2024-02-22
2024.0,Feb,23,25.0,963.9,7.0,12.2,4.3,28.4,20.0,0.0,36.0,14.0,0.0,80.0,4.0,2024-02-23
2024.0,Feb,24,26.5,964.9,7.0,14.1,6.3,35.2,22.5,0.0,38.0,23.5,5.4,60.0,5.0,2024-02-24
2024.0,Feb,25,27.5,965.1,8.0,12.5,6.5,34.5,23.5,0.0,25.0,23.5,7.3,30.0,6.0,2024-02-25
2024.0,Feb,26,28.0,962.9,2.0,13.6,6.6,33.0,19.2,0.0,28.0,19.8,5.0,40.0,5.0,2024-02-26
2024.0,Feb,27,28.5,961.4,0.0,13.3,6.6,38.9,20.3,0.0,24.0,24.3,8.4,40.0,5.0,2024-02-27
2024.0,Feb,28,29.7,959.9,0.0,14.1,6.9,40.6,20.6,0.0,22.0,24.5,7.9,30.0,4.0,2024-02-28
2024.0,Feb,29,30.2,958.6,4.0,14.2,7.5,40.8,20.8,0.0,20.0,24.6,7.1,30.0,5.0,2024-02-29
2024.0,Jan,1,22.9,965.3,2.0,8.499999999999998,5.7,32.5,13.4,0.0,28.0,21.5,6.2,30.0,5.0,2024-01-01
2024.0,Jan,2,22.2,966.0,7.0,8.0,5.4,33.5,10.2,0.0,29.0,21.6,7.1,20.0,5.0,2024-01-02
2024.0,Jan,3,22.0,965.3,4.0,7.199999999999999,5.6,33.2,11.5,0.0,26.0,21.8,5.8,20.0,4.0,2024-01-03
2024.0,Jan,4,22.1,965.5,2.0,7.100000000000001,5.8,33.2,10.5,0.0,25.0,21.8,6.0,30.0,5.0,2024-01-04
2024.0,Jan,5,22.4,965.1,7.0,7.199999999999999,5.7,33.6,12.3,0.0,24.0,21.7,9.4,40.0,5.0,2024-01-05
2024.0,Jan,6,23.1,965.3,0.0,7.900000000000002,5.9,33.7,13.4,0.0,24.0,21.8,8.6,40.0,5.0,2024-01-06
2024.0,Jan,7,22.1,964.8,0.0,6.900000000000002,6.0,33.2,12.5,0.0,24.0,22.1,7.7,30.0,5.0,2024-01-07
2024.0,Jan,8,21.4,964.1,0.0,5.599999999999998,5.8,33.0,9.4,0.0,21.0,22.2,6.6,30.0,5.0,2024-01-08
2024.0,Jan,9,21.4,963.9,1.0,5.399999999999999,6.1,33.8,12.0,0.0,20.0,22.4,6.2,30.0,5.0,2024-01-09
2024.0,Jan,10,21.6,965.1,0.0,5.600000000000001,6.2,33.4,13.3,0.0,20.0,22.4,9.4,20.0,6.0,2024-01-10
2024.0,Jan,11,21.1,964.8,1.0,5.500000000000002,6.0,33.2,13.3,0.0,22.0,22.4,9.1,30.0,5.0,2024-01-11
2024.0,Jan,12,21.4,964.6,1.0,5.799999999999999,6.1,32.8,12.8,0.0,22.0,22.4,9.5,30.0,5.0,2024-01-12
2024.0,Jan,13,21.0,965.3,0.0,5.0,6.2,32.9,10.4,0.0,20.0,22.4,8.1,30.0,6.0,2024-01-13
2024.0,Jan,14,20.3,966.3,0.0,3.6999999999999993,6.2,32.6,11.0,0.0,17.0,22.6,6.6,20.0,6.0,2024-01-14
2024.0,Jan,15,20.6,967.9,1.0,5.000000000000002,6.3,32.2,10.0,0.0,22.0,22.5,9.1,30.0,6.0,2024-01-15
2024.0,Jan,16,20.4,968.2,0.0,5.799999999999999,5.9,30.2,9.4,0.0,27.0,22.7,6.0,40.0,6.0,2024-01-16
2024.0,Jan,17,19.9,968.0,0.0,5.299999999999999,5.8,30.3,10.5,0.0,27.0,22.8,8.6,40.0,6.0,2024-01-17
2024.0,Jan,18,20.2,966.9,0.0,5.0,5.8,31.0,11.2,0.0,24.0,22.9,6.2,40.0,6.0,2024-01-18
2024.0,Jan,19,20.6,966.2,0.0,5.200000000000001,5.9,32.0,12.8,0.0,23.0,22.9,8.6,30.0,5.0,2024-01-19
2024.0,Jan,20,21.1,966.7,0.0,5.700000000000001,6.0,32.0,12.8,0.0,23.0,22.9,8.6,30.0,5.0,2024-01-20
2024.0,Jan,21,20.8,966.1,0.0,5.200000000000001,6.3,33.2,10.7,0.0,22.0,23.1,6.8,30.0,5.0,2024-01-21
2024.0,Jan,22,22.3,965.7,2.0,6.300000000000001,6.2,34.8,14.2,0.0,20.0,23.2,6.3,40.0,5.0,2024-01-22
2024.0,Jan,23,22.2,966.0,0.0,6.399999999999999,6.2,34.7,15.3,0.0,21.0,23.1,6.7,30.0,5.0,2024-01-23
2024.0,Jan,24,22.4,968.0,1.0,7.799999999999999,6.5,29.1,12.7,0.0,27.0,22.6,7.7,30.0,7.0,2024-01-24
2024.0,Jan,25,20.5,968.6,4.0,6.5,6.1,27.6,15.5,0.0,30.0,22.6,7.2,30.0,7.0,2024-01-25
2024.0,Jan,26,21.0,968.5,2.0,6.4,6.5,28.1,15.5,0.0,27.0,22.5,9.2,40.0,7.0,2024-01-26
2024.0,Jan,27,20.8,968.1,6.0,5.600000000000001,5.9,26.8,14.3,0.0,24.0,21.9,6.0,40.0,7.0,2024-01-27
2024.0,Jan,28,21.5,966.9,1.0,6.1,6.3,28.5,14.5,0.0,23.0,22.4,8.5,40.0,6.0,2024-01-28
2024.0,Jan,29,21.5,966.4,0.0,6.5,6.0,30.5,16.0,0.0,25.0,22.6,5.9,30.0,6.0,2024-01-29
2024.0,Jan,30,23.0,966.1,0.0,8.0,6.5,31.0,17.0,0.0,25.0,22.4,7.3,40.0,6.0,2024-01-30
2024.0,Jan,31,23.0,967.1,2.0,8.0,6.7,30.0,16.9,0.0,25.0,22.4,5.9,30.0,7.0,2024-01-31
2024.0,July,1,30.2,962.6,7.0,21.0,4.0,31.8,21.799999999999997,0.0,58.0,22.9,0.8000000000000003,210.0,5.0,2024-07-01
2024.0,July,2,30.3,962.0,3.0,22.5,5.2,32.8,24.2,0.0,61.0,22.9,6.300000000000001,210.0,5.0,2024-07-02
2024.0,July,3,29.3,962.0,2.0,21.5,5.3,34.0,25.0,0.0,61.0,22.2,8.2,230.0,4.0,2024-07-03
2024.0,July,4,27.9,963.1,7.0,22.099999999999998,4.5,34.0,26.8,0.0,71.0,19.6,3.8000000000000003,230.0,5.0,2024-07-04
2024.0,July,5,28.5,962.8,7.0,22.1,4.3,33.5,24.5,0.0,68.0,21.5,1.2000000000000002,260.0,5.0,2024-07-05
2024.0,July,6,28.9,962.8,7.0,23.099999999999998,5.0,33.2,23.2,0.0,71.0,23.8,3.8000000000000003,220.0,5.0,2024-07-06
2024.0,July,7,29.1,962.2,8.0,21.700000000000003,4.6,33.2,25.4,9.9,63.0,21.9,4.800000000000001,230.0,4.0,2024-07-07
2024.0,July,8,29.6,961.5,4.0,21.8,5.3,35.1,25.8,0.0,61.0,23.3,6.9,240.0,6.0,2024-07-08
2024.0,July,9,29.7,961.2,7.0,22.5,4.3,33.5,26.1,0.0,64.0,22.4,0.0,220.0,6.0,2024-07-09
2024.0,July,10,29.1,962.4,8.0,21.7,3.6,30.3,23.1,7.7,70.0,20.7,0.10000000000000009,180.0,4.0,2024-07-10
2024.0,July,11,28.7,962.6,8.0,22.299999999999997,4.3,31.6,24.8,0.0,68.0,19.6,3.8000000000000003,220.0,5.0,2024-07-11
2024.0,July,12,28.9,963.1,5.0,23.099999999999998,4.9,34.5,24.4,5.2,71.0,21.9,2.9,200.0,5.0,2024-07-12
2024.0,July,13,27.0,963.7,8.0,21.3,3.8,30.0,22.4,1.4,77.0,14.3,4.1,210.0,3.0,2024-07-13
2024.0,July,14,27.9,963.6,7.0,21.9,4.8,33.2,24.3,11.5,70.0,21.8,5.800000000000001,220.0,4.0,2024-07-14
2024.0,July,15,26.9,964.4,8.0,21.6,3.3,28.5,23.7,14.0,84.0,15.0,0.0,230.0,4.0,2024-07-15
2024.0,July,16,27.3,963.6,7.0,22.5,4.2,29.0,24.0,0.0,76.0,17.9,4.5,260.0,4.0,2024-07-16
2024.0,July,17,28.6,963.0,6.0,22.400000000000002,4.5,31.0,24.7,0.0,69.0,20.2,3.8000000000000003,250.0,5.0,2024-07-17
2024.0,July,18,28.5,963.3,7.0,23.5,4.5,33.5,24.3,0.0,75.0,19.8,5.0,210.0,5.0,2024-07-18
2024.0,July,19,27.8,962.9,7.0,23.0,4.2,29.2,24.400000000000002,3.8,83.0,20.2,2.2,230.0,4.0,2024-07-19
2024.0,July,20,24.8,963.0,8.0,21.8,3.2,30.9,23.4,0.0,85.0,9.9,0.0,210.0,4.0,2024-07-20
2024.0,July,21,25.9,964.6,7.0,22.5,3.8,29.0,22.5,12.3,83.0,16.4,4.300000000000001,230.0,5.0,2024-07-21
2024.0,July,22,26.9,964.8,7.0,22.7,4.0,31.0,24.4,0.0,79.0,19.6,5.4,240.0,4.0,2024-07-22
2024.0,July,23,27.7,965.5,7.0,23.299999999999997,4.4,32.1,23.3,12.2,78.0,21.7,4.4,220.0,5.0,2024-07-23
2024.0,July,24,26.6,965.0,8.0,22.6,3.1,30.3,24.1,0.0,80.0,16.1,0.10000000000000009,240.0,4.0,2024-07-24
2024.0,July,25,27.4,963.2,4.0,21.4,4.7,31.8,24.2,0.0,70.0,20.8,7.5,240.0,6.0,2024-07-25
2024.0,July,26,27.7,963.0,6.0,22.9,4.7,33.1,24.0,0.0,76.0,22.1,8.4,230.0,6.0,2024-07-26
2024.0,July,27,27.6,962.7,7.0,21.3,3.7,33.3,23.200000000000003,1.7,78.0,19.4,0.6000000000000001,240.0,5.0,2024-07-27
2024.0,July,28,25.0,963.6,8.0,23.0,2.4,29.4,23.0,0.0,90.0,7.9,0.0,230.0,6.0,2024-07-28
2024.0,July,29,26.3,963.2,8.0,21.1,4.0,30.6,23.6,0.0,74.0,16.7,3.4,260.0,6.0,2024-07-29
2024.0,July,30,27.6,961.6,7.0,22.0,4.9,31.5,23.5,0.0,72.0,23.5,4.5,250.0,7.0,2024-07-30
2024.0,July,31,27.2,960.9,8.0,22.0,3.8,32.5,23.5,0.0,74.0,16.7,4.5,240.0,8.0,2024-07-31
2024.0,June,1,32.9,962.5,4.0,21.5,7.1,35.7,29.4,0.0,43.0,24.5,5.199999999999999,210.0,6.0,2024-06-01
2024.0,June,2,32.1,961.7,7.0,22.1,6.1,37.8,24.0,0.0,50.0,24.4,6.199999999999999,240.0,6.0,2024-06-02
2024.0,June,3,32.7,961.8,3.0,21.700000000000003,6.9,40.0,26.5,8.7,45.0,25.4,6.5,230.0,6.0,2024-06-03
2024.0,June,4,32.7,960.5,5.0,21.900000000000002,6.3,35.6,23.0,0.0,46.0,25.3,6.1,240.0,5.0,2024-06-04
2024.0,June,5,33.2,960.5,4.0,21.400000000000002,7.0,38.2,26.4,0.0,41.0,25.7,6.699999999999999,240.0,6.0,2024-06-05
2024.0,June,6,31.9,962.2,7.0,21.5,5.5,37.8,25.0,3.1,48.0,22.4,0.6000000000000001,220.0,8.0,2024-06-06
2024.0,June,7,32.2,963.2,5.0,21.000000000000004,6.7,38.2,26.7,0.0,44.0,25.6,5.6,240.0,7.0,2024-06-07
2024.0,June,8,31.9,962.7,6.0,19.9,5.6,34.4,20.5,17.6,43.0,24.7,6.799999999999999,260.0,6.0,2024-06-08
2024.0,June,9,32.4,960.8,3.0,21.2,6.5,36.4,25.8,0.0,44.0,25.1,7.1,250.0,6.0,2024-06-09
2024.0,June,10,32.4,962.0,7.0,22.2,6.1,34.4,26.5,0.0,49.0,25.0,4.800000000000001,210.0,7.0,2024-06-10
2024.0,June,11,27.0,965.5,6.0,22.8,2.9,27.4,23.1,0.0,79.0,9.4,0.0,230.0,3.0,2024-06-11
2024.0,June,12,28.2,963.6,2.0,20.799999999999997,5.6,34.7,26.5,0.0,63.0,23.6,6.300000000000001,170.0,3.0,2024-06-12
2024.0,June,13,30.6,961.9,3.0,21.0,6.1,37.3,21.0,40.4,52.0,25.3,4.5,200.0,4.0,2024-06-13
2024.0,June,14,32.2,961.0,6.0,21.800000000000004,4.5,31.5,26.0,0.0,48.0,24.7,1.5,190.0,5.0,2024-06-14
2024.0,June,15,30.7,961.3,5.0,22.7,5.8,34.0,22.7,8.5,60.0,24.0,5.699999999999999,220.0,6.0,2024-06-15
2024.0,June,16,28.9,962.4,8.0,22.099999999999998,3.2,29.5,22.8,0.0,66.0,21.0,0.0,240.0,6.0,2024-06-16
2024.0,June,17,29.5,962.7,3.0,21.3,5.5,34.9,25.5,0.0,59.0,24.5,5.300000000000001,200.0,5.0,2024-06-17
2024.0,June,18,30.8,961.4,4.0,21.200000000000003,5.7,36.5,26.5,0.0,52.0,24.9,7.9,210.0,4.0,2024-06-18
2024.0,June,19,31.1,960.5,3.0,20.900000000000002,6.0,37.0,22.0,2.1,49.0,25.3,7.799999999999999,200.0,4.0,2024-06-19
2024.0,June,20,31.0,961.4,4.0,22.2,5.6,35.8,26.2,0.0,56.0,23.0,4.699999999999999,230.0,4.0,2024-06-20
2024.0,June,21,31.3,961.9,7.0,22.1,5.5,34.8,26.4,0.0,54.0,23.5,5.699999999999999,210.0,6.0,2024-06-21
2024.0,June,22,30.8,961.5,5.0,21.8,6.0,37.0,27.4,0.0,55.0,25.1,7.9,220.0,5.0,2024-06-22
2024.0,June,23,31.5,960.7,5.0,21.6,6.2,36.7,21.7,29.8,51.0,24.4,7.4,240.0,6.0,2024-06-23
2024.0,June,24,30.7,960.8,6.0,20.7,4.9,32.6,21.7,0.0,50.0,19.0,5.5,220.0,6.0,2024-06-24
2024.0,June,25,30.6,961.8,5.0,22.200000000000003,5.4,34.2,25.9,0.0,58.0,23.6,8.0,220.0,4.0,2024-06-25
2024.0,June,26,30.7,961.0,5.0,22.1,5.5,33.8,23.1,0.3,57.0,24.6,7.699999999999999,230.0,5.0,2024-06-26
2024.0,June,27,31.1,960.6,4.0,21.0,5.8,35.4,21.900000000000002,30.1,54.0,24.9,5.4,210.0,5.0,2024-06-27
2024.0,June,28,29.6,962.2,8.0,22.400000000000002,3.2,28.4,23.3,3.8,64.0,16.7,0.0,230.0,5.0,2024-06-28
2024.0,June,29,29.8,961.6,5.0,21.4,4.5,32.0,24.6,0.0,58.0,18.3,4.699999999999999,190.0,3.0,2024-06-29
2024.0,June,30,30.2,961.6,6.0,21.0,5.5,33.6,21.6,31.8,57.0,21.7,4.5,230.0,4.0,2024-06-30
2024.0,Mar,1,29.5,959.9,7.0,12.899999999999999,7.2,39.6,22.0,0.0,17.0,18.4,8.8,60.0,5.0,2024-03-01
2024.0,Mar,3,29.0,961.75,5.0,11.8,7.8,38.35,20.799999999999997,0.0,14.0,24.95,7.05,30.0,6.0,2024-03-03
2024.0,Mar,4,29.4,960.9,2.0,12.599999999999998,7.6,39.4,19.2,0.0,16.0,24.6,6.9,60.0,5.0,2024-03-04
2024.0,Mar,5,30.3,960.5,4.0,12.900000000000002,8.0,41.0,22.0,0.0,13.0,25.3,6.6,40.0,5.0,2024-03-05
2024.0,Mar,6,31.3,960.0,8.0,13.900000000000002,8.1,42.2,21.2,0.0,13.0,24.7,6.6,80.0,5.0,2024-03-06
2024.0,Mar,7,31.5,960.0,6.0,14.7,6.4,41.8,24.8,0.0,16.0,24.8,8.4,220.0,4.0,2024-03-07
2024.0,Mar,8,31.0,959.9,6.0,15.6,7.3,40.8,27.7,0.0,23.0,23.9,9.1,220.0,4.0,2024-03-08
2024.0,Mar,9,32.7,960.0,5.0,20.900000000000002,6.8,41.6,30.0,0.0,41.0,20.3,5.5,190.0,5.0,2024-03-09
2024.0,Mar,10,34.0,960.1,7.0,19.4,7.3,40.5,27.7,0.0,27.0,21.3,5.8,160.0,4.0,2024-03-10
2024.0,Mar,11,33.5,961.6,8.0,16.1,9.2,43.0,26.3,0.0,13.0,25.7,8.4,40.0,7.0,2024-03-11
2024.0,Mar,12,33.0,961.6,8.0,15.600000000000001,9.1,42.5,28.5,0.0,13.0,25.1,6.7,50.0,7.0,2024-03-12
2024.0,Mar,13,32.3,961.4,7.0,14.899999999999999,8.0,42.5,21.2,0.0,13.0,25.6,5.3,90.0,5.0,2024-03-13
2024.0,Mar,14,31.4,960.8,6.0,14.599999999999998,8.1,42.8,25.8,0.0,16.0,26.1,8.4,80.0,5.0,2024-03-14
2024.0,Mar,15,32.6,960.6,4.0,18.6,7.5,42.2,25.3,0.0,30.0,23.0,7.3,250.0,5.0,2024-03-15
2024.0,Mar,16,33.0,959.8,1.0,17.4,8.1,41.5,25.0,0.0,22.0,23.4,8.0,150.0,5.0,2024-03-16
2024.0,Mar,17,31.6,961.1,2.0,14.0,9.3,37.5,22.0,0.0,12.0,24.7,9.5,20.0,8.0,2024-03-17
2024.0,Mar,18,28.5,961.9,0.0,10.899999999999999,8.2,35.6,14.3,0.0,12.0,26.8,7.0,20.0,7.0,2024-03-18
2024.0,Mar,19,27.9,961.5,6.0,10.7,7.8,35.2,22.7,0.0,14.0,26.4,8.5,40.0,7.0,2024-03-19
2024.0,Mar,20,28.4,960.9,4.0,10.799999999999997,8.1,36.5,23.6,0.0,12.0,26.1,6.3,30.0,6.0,2024-03-20
2024.0,Mar,21,30.0,961.1,4.0,12.2,7.7,36.5,23.6,0.0,11.0,24.1,7.0,40.0,6.0,2024-03-21
2024.0,Mar,22,30.0,959.5,6.0,12.0,8.2,37.7,24.3,0.0,10.0,23.4,5.2,30.0,6.0,2024-03-22
2024.0,Mar,23,30.3,959.9,8.0,12.5,8.3,39.0,24.3,0.0,11.0,25.5,7.5,30.0,6.0,2024-03-23
2024.0,Mar,24,30.0,961.0,3.0,12.0,8.7,38.2,23.6,0.0,10.0,27.4,7.7,30.0,7.0,2024-03-24
2024.0,Mar,25,29.1,961.4,3.0,11.3,8.1,39.0,20.5,0.0,11.0,27.6,5.8,40.0,5.0,2024-03-25
2024.0,Mar,26,29.5,961.4,1.0,12.100000000000001,7.7,39.0,23.5,0.0,13.0,27.4,6.7,90.0,4.0,2024-03-26
2024.0,Mar,27,29.3,960.8,7.0,12.100000000000001,7.8,40.0,21.7,0.0,14.0,27.2,7.0,90.0,4.0,2024-03-27
2024.0,Mar,28,30.8,960.7,6.0,13.2,8.1,41.0,22.0,0.0,12.0,27.0,6.1,40.0,5.0,2024-03-28
2024.0,Mar,29,32.1,959.1,5.0,14.700000000000003,8.7,43.3,21.0,0.0,13.0,26.9,7.5,40.0,6.0,2024-03-29
2024.0,Mar,30,32.1,958.9,6.0,14.3,7.7,43.4,23.4,0.0,11.0,26.9,9.3,110.0,4.0,2024-03-30
2024.0,Mar,31,32.6,959.4,7.0,15.200000000000003,8.5,44.5,22.2,0.0,13.0,27.2,7.4,100.0,5.0,2024-03-31
2024.0,May,1,35.6,956.5,3.0,21.6,7.1,42.6,28.6,0.0,30.0,23.5,9.5,120.0,5.0,2024-05-01
2024.0,May,2,34.3,957.5,5.0,19.699999999999996,7.4,42.6,27.7,0.0,27.0,25.4,7.9,180.0,4.0,2024-05-02
2024.0,May,3,33.7,959.2,7.0,21.300000000000004,7.5,42.6,29.0,0.0,38.0,24.5,5.3,220.0,5.0,2024-05-03
2024.0,May,4,34.0,959.4,6.0,21.6,7.1,41.3,28.4,0.0,38.0,25.7,7.4,220.0,5.0,2024-05-04
2024.0,May,5,34.3,958.6,1.0,22.099999999999998,7.4,41.6,26.7,0.0,39.0,24.8,8.1,190.0,5.0,2024-05-05
2024.0,May,6,34.3,957.9,6.0,22.699999999999996,7.1,41.5,26.8,3.1,42.0,22.5,7.1,210.0,4.0,2024-05-06
2024.0,May,7,34.3,958.6,6.0,21.9,6.6,41.6,27.0,0.0,38.0,21.9,5.1,280.0,5.0,2024-05-07
2024.0,May,8,34.3,957.6,4.0,20.099999999999998,7.8,43.8,28.7,0.0,29.0,26.9,6.3,210.0,4.0,2024-05-08
2024.0,May,9,34.3,957.4,5.0,21.9,7.8,42.0,28.5,0.0,38.0,25.2,7.3,210.0,5.0,2024-05-09
2024.0,May,10,34.9,957.9,5.0,22.099999999999998,7.5,40.7,24.7,0.0,36.0,25.2,7.8,200.0,5.0,2024-05-10
2024.0,May,11,34.3,958.5,6.0,22.299999999999997,6.9,37.9,27.0,0.0,40.0,24.7,8.0,200.0,5.0,2024-05-11
2024.0,May,12,34.7,959.7,7.0,23.500000000000004,6.7,38.3,26.2,0.0,44.0,18.1,5.2,250.0,6.0,2024-05-12
2024.0,May,13,33.2,960.1,7.0,23.000000000000004,7.0,34.9,28.2,0.0,49.0,23.4,6.3,250.0,6.0,2024-05-13
2024.0,May,14,33.9,959.8,7.0,22.7,6.8,38.4,28.3,0.0,44.0,22.6,3.5,240.0,6.0,2024-05-14
2024.0,May,15,33.7,959.9,4.0,22.300000000000004,6.1,39.2,28.9,0.0,43.0,18.3,6.3,220.0,5.0,2024-05-15
2024.0,May,16,33.5,960.0,6.0,21.5,7.9,41.3,26.6,0.0,40.0,25.4,9.6,200.0,5.0,2024-05-16
2024.0,May,17,33.8,961.3,4.0,21.799999999999997,7.4,40.3,26.8,0.0,40.0,24.9,7.6,130.0,5.0,2024-05-17
2024.0,May,18,31.9,960.2,2.0,14.7,8.3,42.4,25.5,0.0,14.0,28.4,7.6,60.0,5.0,2024-05-18
2024.0,May,19,31.3,959.6,4.0,14.7,7.5,41.0,26.3,0.0,17.0,28.1,8.7,150.0,3.0,2024-05-19
2024.0,May,20,31.5,959.8,2.0,16.9,7.1,41.9,28.8,0.0,27.0,26.8,6.8,180.0,4.0,2024-05-20
2024.0,May,21,33.0,960.2,1.0,18.6,7.2,41.9,27.8,0.0,28.0,25.8,7.0,190.0,5.0,2024-05-21
2024.0,May,22,33.9,959.1,5.0,18.9,7.5,42.5,27.5,0.0,25.0,26.7,8.7,240.0,5.0,2024-05-22
2024.0,May,23,34.0,959.4,5.0,21.6,7.5,42.4,29.6,0.0,38.0,26.0,9.4,230.0,6.0,2024-05-23
2024.0,May,24,34.4,960.1,2.0,22.2,7.2,41.8,24.5,0.0,39.0,24.9,9.5,190.0,5.0,2024-05-24
2024.0,May,25,33.3,961.6,2.0,22.9,7.2,40.0,25.6,5.5,48.0,25.2,9.1,200.0,7.0,2024-05-25
2024.0,May,26,33.0,962.4,3.0,21.6,6.6,38.8,27.5,0.0,43.0,24.2,8.5,190.0,5.0,2024-05-26
2024.0,May,27,33.5,961.5,3.0,20.9,6.5,41.8,26.5,0.0,37.0,24.4,6.9,190.0,4.0,2024-05-27
2024.0,May,28,34.6,960.8,6.0,21.400000000000002,7.6,40.2,28.7,9.9,34.0,23.2,8.4,210.0,5.0,2024-05-28
2024.0,May,29,34.8,960.8,5.0,23.599999999999998,7.3,40.0,24.8,0.0,44.0,25.6,8.3,240.0,6.0,2024-05-29
2024.0,May,30,32.2,961.8,6.0,23.200000000000003,6.9,40.3,25.9,0.0,55.0,23.1,8.8,240.0,7.0,2024-05-30
2024.0,May,31,32.8,962.0,2.0,21.799999999999997,6.4,38.1,29.4,0.0,45.0,25.1,6.8,240.0,5.0,2024-05-31
2024.0,Nov,1,25.2,963.2,2.0,11.2,5.7,33.4,15.6,0.0,30.0,24.3,8.9,40.0,5.0,2024-11-01
2024.0,Nov,2,24.2,963.2,6.0,10.0,5.8,32.2,16.5,0.0,29.0,24.1,9.3,50.0,6.0,2024-11-02
2024.0,Nov,3,24.6,965.0,7.0,10.600000000000001,5.5,32.9,15.5,0.0,30.0,23.9,7.7,30.0,5.0,2024-11-03
2024.0,Nov,4,25.1,964.6,1.0,11.100000000000001,5.7,33.5,16.2,0.0,30.0,23.8,7.5,30.0,6.0,2024-11-04
2024.0,Nov,5,24.4,963.1,2.0,10.399999999999999,5.7,33.5,18.0,0.0,30.0,23.8,9.1,30.0,6.0,2024-11-05
2024.0,Nov,6,24.5,962.2,0.0,11.1,5.5,33.5,18.8,0.0,33.0,23.5,6.7,40.0,6.0,2024-11-06
2024.0,Nov,7,25.9,963.4,1.0,12.7,5.8,34.5,20.5,0.0,34.0,23.1,7.6,40.0,7.0,2024-11-07
2024.0,Nov,8,26.5,964.1,2.0,12.7,6.2,34.4,18.9,0.0,31.0,22.0,8.8,40.0,7.0,2024-11-08
2024.0,Nov,9,24.8,964.4,4.0,10.200000000000001,5.8,32.5,16.8,0.0,27.0,23.3,9.0,30.0,7.0,2024-11-09
2024.0,Nov,10,23.6,964.5,7.0,9.600000000000001,5.2,32.3,15.8,0.0,30.0,22.6,7.6,30.0,5.0,2024-11-10
2024.0,Nov,11,24.5,963.6,0.0,11.1,5.5,32.3,18.1,0.0,33.0,23.1,6.3,40.0,5.0,2024-11-11
2024.0,Nov,12,25.6,962.5,0.0,12.200000000000001,6.1,33.9,18.5,0.0,33.0,22.8,5.5,30.0,6.0,2024-11-12
2024.0,Nov,13,27.2,962.8,0.0,13.399999999999999,7.1,35.3,19.9,0.0,31.0,22.6,8.2,50.0,7.0,2024-11-13
2024.0,Nov,14,26.0,962.8,0.0,10.6,7.3,36.7,18.9,0.0,23.0,23.1,6.9,40.0,7.0,2024-11-14
2024.0,Nov,15,24.6,963.2,1.0,9.400000000000002,7.0,35.4,15.6,0.0,24.0,23.2,8.0,30.0,6.0,2024-11-15
2024.0,Nov,16,23.1,963.6,5.0,8.500000000000002,6.3,34.0,18.1,0.0,27.0,23.2,5.5,30.0,6.0,2024-11-16
2024.0,Nov,17,22.7,963.5,1.0,9.1,6.1,32.6,17.4,0.0,32.0,23.3,7.8,30.0,5.0,2024-11-17
2024.0,Nov,18,23.2,964.6,0.0,9.799999999999999,6.4,32.5,17.0,0.0,33.0,22.9,6.5,30.0,6.0,2024-11-18
2024.0,Nov,19,23.9,965.0,2.0,9.7,6.8,32.5,17.0,0.0,29.0,22.7,5.3,30.0,6.0,2024-11-19
2024.0,Nov,20,23.6,965.5,3.0,9.600000000000001,6.6,33.0,16.2,0.0,30.0,22.7,7.0,40.0,6.0,2024-11-20
2024.0,Nov,21,22.4,964.8,1.0,8.599999999999998,6.0,31.5,11.0,0.0,31.0,23.1,5.5,40.0,5.0,2024-11-21
2024.0,Nov,22,22.1,964.8,1.0,7.900000000000002,5.9,33.0,10.6,0.0,29.0,23.0,7.1,30.0,5.0,2024-11-22
2024.0,Nov,23,22.7,965.4,1.0,8.5,6.1,33.2,14.5,0.0,29.0,23.0,9.2,30.0,5.0,2024-11-23
2024.0,Nov,24,22.9,965.8,0.0,8.899999999999999,6.4,33.2,17.3,0.0,30.0,22.9,7.9,30.0,6.0,2024-11-24
2024.0,Nov,25,22.7,965.4,0.0,8.899999999999999,6.3,32.9,17.5,0.0,31.0,22.7,5.6,50.0,6.0,2024-11-25
2024.0,Nov,26,22.3,966.3,2.0,8.9,6.5,31.8,13.2,0.0,33.0,22.4,6.9,40.0,6.0,2024-11-26
2024.0,Nov,27,21.6,967.1,0.0,9.000000000000002,6.0,30.3,15.1,0.0,37.0,22.3,8.6,40.0,6.0,2024-11-27
2024.0,Nov,28,20.5,967.6,1.0,7.300000000000001,6.1,28.3,13.2,0.0,34.0,22.4,7.3,40.0,6.0,2024-11-28
2024.0,Nov,29,20.7,967.9,0.0,7.5,5.9,29.6,14.8,0.0,34.0,22.2,7.2,40.0,6.0,2024-11-29
2024.0,Nov,30,21.9,967.3,5.0,8.499999999999998,6.4,29.8,16.8,0.0,33.0,21.3,6.5,30.0,6.0,2024-11-30
2024.0,Oct,1,29.7,960.1,6.0,21.5,5.3,35.4,24.6,0.0,59.0,23.1,7.5,190.0,5.0,2024-10-01
2024.0,Oct,2,28.9,959.9,4.0,21.5,5.3,35.8,23.4,0.0,63.0,20.3,7.7,190.0,5.0,2024-10-02
2024.0,Oct,3,28.1,961.2,8.0,22.900000000000002,4.0,34.3,23.3,0.0,74.0,18.1,4.5,130.0,5.0,2024-10-03
2024.0,Oct,4,26.6,963.7,8.0,23.200000000000003,3.8,33.7,24.3,7.2,83.0,11.6,6.4,150.0,3.0,2024-10-04
2024.0,Oct,5,26.6,964.2,7.0,22.0,4.1,33.8,23.4,6.2,77.0,18.7,7.7,200.0,3.0,2024-10-05
2024.0,Oct,6,26.4,964.1,8.0,19.9,2.6,33.5,21.799999999999997,0.0,77.0,14.9,0.0,220.0,2.0,2024-10-06
2024.0,Oct,7,28.0,963.5,6.0,22.0,4.9,29.0,22.7,12.3,70.0,23.6,8.8,230.0,3.0,2024-10-07
2024.0,Oct,8,28.5,964.0,4.0,22.1,4.8,33.0,23.0,0.0,68.0,22.9,7.0,210.0,4.0,2024-10-08
2024.0,Oct,9,29.1,963.8,5.0,23.1,4.4,34.0,24.1,0.0,70.0,22.8,5.4,180.0,4.0,2024-10-09
2024.0,Oct,10,28.7,963.2,3.0,21.299999999999997,4.8,35.0,21.7,0.0,63.0,23.1,8.1,170.0,3.0,2024-10-10
2024.0,Oct,11,29.3,962.1,4.0,21.1,5.2,35.4,23.2,0.0,59.0,23.1,6.5,140.0,3.0,2024-10-11
2024.0,Oct,12,29.5,962.0,7.0,22.3,5.1,35.6,22.9,0.0,64.0,21.5,8.3,210.0,4.0,2024-10-12
2024.0,Oct,13,28.6,963.6,6.0,23.3,4.3,35.5,23.400000000000002,0.0,74.0,21.9,7.6,190.0,4.0,2024-10-13
2024.0,Oct,14,28.4,964.3,4.0,22.2,4.6,35.3,23.6,0.0,69.0,22.2,8.0,210.0,3.0,2024-10-14
2024.0,Oct,15,27.9,963.8,7.0,20.4,4.4,33.6,22.299999999999997,0.0,72.0,19.8,6.3,200.0,4.0,2024-10-15
2024.0,Oct,16,28.7,963.6,3.0,20.7,5.1,33.3,23.5,0.0,60.0,23.2,7.9,170.0,4.0,2024-10-16
2024.0,Oct,17,28.6,963.6,7.0,21.0,5.1,34.8,23.3,0.0,62.0,21.2,4.6,190.0,4.0,2024-10-17
2024.0,Oct,18,28.4,962.7,4.0,21.4,4.9,34.7,25.2,0.0,65.0,17.2,4.7,230.0,5.0,2024-10-18
2024.0,Oct,19,29.0,961.7,2.0,20.4,5.5,35.0,24.7,0.0,57.0,23.8,9.5,190.0,4.0,2024-10-19
2024.0,Oct,20,29.1,962.2,4.0,20.1,5.4,36.2,23.0,0.0,55.0,23.5,9.4,200.0,4.0,2024-10-20
2024.0,Oct,21,30.2,962.9,5.0,21.0,4.2,35.0,23.0,0.0,54.0,22.6,1.6,140.0,3.0,2024-10-21
2024.0,Oct,22,30.1,962.5,5.0,19.3,5.3,36.4,20.1,0.0,46.0,21.2,7.5,110.0,4.0,2024-10-22
2024.0,Oct,23,28.4,962.5,6.0,14.399999999999999,6.3,36.2,17.3,0.0,30.0,24.5,6.6,60.0,5.0,2024-10-23
2024.0,Oct,24,26.9,962.3,8.0,12.899999999999999,6.0,35.9,19.8,0.0,30.0,24.1,6.8,40.0,5.0,2024-10-24
2024.0,Oct,25,27.6,962.7,8.0,13.600000000000001,5.5,34.0,17.5,0.0,30.0,21.4,5.2,40.0,5.0,2024-10-25
2024.0,Oct,26,26.9,963.1,5.0,12.7,5.8,34.0,17.0,0.0,29.0,24.4,6.3,40.0,5.0,2024-10-26
2024.0,Oct,27,26.3,963.3,3.0,12.3,5.7,34.0,17.2,0.0,30.0,24.5,6.5,50.0,5.0,2024-10-27
2024.0,Oct,28,26.9,962.5,0.0,12.499999999999998,5.9,34.5,18.0,0.0,28.0,24.1,6.7,40.0,5.0,2024-10-28
2024.0,Oct,29,27.8,962.7,1.0,13.0,5.9,35.5,18.8,0.0,26.0,24.0,6.8,40.0,5.0,2024-10-29
2024.0,Oct,30,27.1,963.1,0.0,12.100000000000001,6.0,34.8,15.8,0.0,25.0,24.1,8.6,40.0,6.0,2024-10-30
2024.0,Oct,31,25.7,963.5,3.0,11.5,5.9,34.2,15.2,0.0,29.0,24.2,8.1,40.0,5.0,2024-10-31
2024.0,Sep,1,26.9,963.7,7.0,20.9,4.2,30.9,22.9,0.0,70.0,20.0,5.1,230.0,4.0,2024-09-01
2024.0,Sep,2,27.1,962.8,8.0,20.3,4.5,30.7,21.4,21.2,66.0,16.5,6.6,270.0,5.0,2024-09-02
2024.0,Sep,3,24.3,962.7,8.0,21.7,1.1,28.0,23.0,2.5,87.0,5.8,0.0,220.0,4.0,2024-09-03
2024.0,Sep,4,26.2,963.8,7.0,22.7,3.2,29.3,23.0,0.0,84.0,18.6,2.3000000000000003,170.0,3.0,2024-09-04
2024.0,Sep,5,26.3,963.9,7.0,21.6,3.4,30.1,23.3,22.2,85.0,18.8,0.8000000000000003,250.0,3.0,2024-09-05
2024.0,Sep,6,24.8,962.9,6.0,22.7,2.5,29.6,23.0,6.7,91.0,7.9,0.0,170.0,3.0,2024-09-06
2024.0,Sep,7,25.4,964.6,5.0,21.0,3.6,30.9,22.2,3.4,78.0,14.3,6.6,150.0,5.0,2024-09-07
2024.0,Sep,8,26.9,964.8,4.0,22.5,4.6,30.5,23.4,0.0,78.0,22.9,7.1,160.0,3.0,2024-09-08
2024.0,Sep,9,27.8,963.5,4.0,22.200000000000003,4.9,34.3,24.7,0.0,72.0,23.9,4.699999999999999,220.0,2.0,2024-09-09
2024.0,Sep,10,28.4,961.9,7.0,23.0,4.3,34.7,23.2,0.0,73.0,24.2,4.0,180.0,3.0,2024-09-10
2024.0,Sep,11,28.0,962.3,6.0,23.4,4.7,33.5,23.7,0.0,77.0,22.6,5.300000000000001,200.0,4.0,2024-09-11
2024.0,Sep,12,27.6,963.5,7.0,21.3,3.8,32.3,23.400000000000002,10.0,79.0,21.1,4.800000000000001,240.0,3.0,2024-09-12
2024.0,Sep,13,27.4,963.7,7.0,22.2,4.5,31.3,23.0,47.0,74.0,22.3,6.4,160.0,3.0,2024-09-13
2024.0,Sep,14,28.1,963.5,7.0,22.0,3.3,32.8,22.900000000000002,0.0,74.0,14.4,1.7000000000000002,150.0,3.0,2024-09-14
2024.0,Sep,15,28.5,963.4,3.0,21.9,5.1,34.2,22.9,0.0,72.0,24.2,7.6,210.0,4.0,2024-09-15
2024.0,Sep,16,28.8,963.0,7.0,22.0,4.8,31.5,22.3,7.0,66.0,22.7,7.0,250.0,4.0,2024-09-16
2024.0,Sep,17,28.1,962.7,5.0,21.2,4.9,33.3,21.5,0.0,67.0,19.7,3.4,240.0,3.0,2024-09-17
2024.0,Sep,18,27.4,963.0,7.0,22.599999999999998,4.2,32.1,24.1,0.0,76.0,18.7,4.4,160.0,3.0,2024-09-18
2024.0,Sep,19,28.2,962.4,7.0,23.3,4.1,32.1,23.6,0.0,77.0,21.8,5.5,220.0,4.0,2024-09-19
2024.0,Sep,20,27.9,962.0,4.0,23.0,5.0,33.5,23.099999999999998,0.0,76.0,22.4,6.6,220.0,4.0,2024-09-20
2024.0,Sep,21,26.5,961.6,6.0,22.1,4.2,33.5,22.8,0.0,78.0,20.9,2.5,160.0,3.0,2024-09-21
2024.0,Sep,22,26.7,962.1,4.0,22.1,4.5,32.5,24.3,0.0,77.0,20.7,5.9,180.0,3.0,2024-09-22
2024.0,Sep,23,27.3,962.4,7.0,19.9,4.1,32.5,23.7,0.0,82.0,21.6,5.5,210.0,3.0,2024-09-23
2024.0,Sep,24,27.0,963.6,4.0,20.3,4.7,26.5,22.2,0.0,76.0,20.9,5.699999999999999,170.0,4.0,2024-09-24
2024.0,Sep,25,27.6,963.4,7.0,20.3,5.1,31.8,21.400000000000002,0.0,69.0,22.8,4.699999999999999,130.0,3.0,2024-09-25
2024.0,Sep,26,28.7,962.5,2.0,22.1,5.2,34.1,23.2,7.0,67.0,24.7,5.6,140.0,3.0,2024-09-26
2024.0,Sep,27,29.0,961.5,3.0,23.9,4.7,34.8,24.0,0.0,75.0,22.6,6.5,190.0,4.0,2024-09-27
2024.0,Sep,28,27.8,962.7,7.0,22.6,4.9,34.0,23.4,0.0,78.0,20.8,7.1,210.0,4.0,2024-09-28
2024.0,Sep,29,28.1,962.6,6.0,22.8,5.0,34.4,23.3,0.0,76.0,22.4,7.1,230.0,4.0,2024-09-29
2024.0,Sep,30,28.4,960.8,2.0,22.0,5.2,34.3,24.2,0.0,68.0,24.1,6.799999999999999,210.0,4.0,2024-09-30
2025.0,April,1,34.4,960.2,7.0,17.2,7.3,38.2,25.9,0.0,14.0,26.3,7.7,70.0,4.0,2025-04-01
2025.0,April,2,33.7,961.2,8.0,15.900000000000002,8.6,37.0,24.6,0.0,11.0,27.2,8.5,20.0,6.0,2025-04-02
2025.0,April,3,35.4,961.2,5.0,17.599999999999998,9.0,38.8,22.0,0.0,11.0,27.5,5.9,20.0,6.0,2025-04-03
2025.0,April,4,34.2,960.5,7.0,16.200000000000003,8.1,39.5,19.3,0.0,10.0,27.6,6.3,30.0,5.0,2025-04-04
2025.0,April,5,34.1,959.2,6.0,16.1,8.1,40.4,25.2,0.0,10.0,28.1,7.7,90.0,4.0,2025-04-05
2025.0,April,6,34.1,959.2,6.0,16.3,7.8,41.6,18.0,0.0,11.0,27.6,5.7,140.0,4.0,2025-04-06
2025.0,April,7,35.2,960.5,2.0,18.200000000000003,7.6,42.4,21.5,0.0,15.0,27.8,8.8,130.0,3.0,2025-04-07
2025.0,April,8,35.7,961.0,7.0,18.900000000000002,7.1,37.0,22.5,0.0,16.0,26.4,8.4,160.0,4.0,2025-04-08
2025.0,April,9,34.3,960.3,7.0,19.499999999999996,7.0,41.8,24.6,0.0,26.0,22.2,6.7,160.0,5.0,2025-04-09
2025.0,April,10,35.2,961.1,5.0,24.200000000000003,7.5,37.6,27.0,0.0,45.0,25.6,8.5,70.0,5.0,2025-04-10
2025.0,April,11,34.9,961.1,4.0,21.9,8.7,38.8,23.0,0.0,35.0,25.9,6.9,20.0,6.0,2025-04-11
2025.0,April,12,34.1,961.6,3.0,16.700000000000003,8.6,39.1,22.6,0.0,13.0,28.1,7.9,50.0,6.0,2025-04-12
2025.0,April,13,33.7,961.0,5.0,16.500000000000004,8.6,40.4,23.9,0.0,14.0,28.2,8.2,40.0,6.0,2025-04-13
2025.0,April,14,34.3,960.4,2.0,16.9,8.9,40.9,25.2,0.0,13.0,25.6,6.0,60.0,6.0,2025-04-14
2025.0,April,15,34.6,960.3,5.0,18.0,8.6,40.7,26.7,0.0,17.0,27.0,7.0,60.0,6.0,2025-04-15
2025.0,April,16,36.0,960.5,7.0,19.6,8.1,41.2,26.1,5.7,18.0,27.3,8.7,140.0,4.0,2025-04-16
2025.0,April,17,34.8,960.0,3.0,20.4,8.3,41.6,22.3,0.0,28.0,28.4,7.9,60.0,5.0,2025-04-17
2025.0,April,18,36.8,959.2,3.0,19.4,9.0,41.7,22.2,0.0,13.0,28.7,8.5,60.0,5.0,2025-04-18
2025.0,April,19,34.3,958.1,1.0,16.299999999999997,8.2,42.3,22.4,0.0,10.0,28.6,9.5,90.0,4.0,2025-04-19
2025.0,April,20,35.0,957.4,2.0,17.6,7.8,42.1,21.9,0.0,13.0,27.2,8.7,100.0,5.0,2025-04-20
2025.0,April,21,35.4,958.2,5.0,19.0,7.5,42.5,27.4,0.0,18.0,26.8,8.5,100.0,4.0,2025-04-21
2025.0,April,22,36.2,958.5,5.0,20.200000000000003,7.5,42.4,25.9,0.0,20.0,27.1,6.2,140.0,4.0,2025-04-22
2025.0,April,23,35.1,958.3,3.0,19.700000000000003,7.7,42.8,22.7,0.0,23.0,27.9,9.9,170.0,5.0,2025-04-23
2025.0,April,24,35.2,957.3,5.0,18.6,8.2,43.1,25.7,0.0,17.0,27.9,9.0,130.0,5.0,2025-04-24
2025.0,April,25,36.3,958.7,4.0,19.299999999999997,7.1,41.2,29.5,0.0,15.0,27.5,8.4,110.0,4.0,2025-04-25
2025.0,April,26,34.7,958.9,6.0,18.500000000000004,7.6,42.1,27.2,0.0,19.0,26.4,7.8,150.0,4.0,2025-04-26
2025.0,April,27,34.2,958.2,4.0,22.400000000000002,6.3,41.4,28.6,0.0,41.0,24.5,8.2,160.0,4.0,2025-04-27
2025.0,April,28,35.8,957.9,7.0,23.4,7.0,39.7,27.5,0.0,38.0,25.2,7.8,180.0,5.0,2025-04-28
2025.0,April,29,34.3,957.4,3.0,22.9,7.7,42.9,26.3,0.0,43.0,24.5,6.3,180.0,5.0,2025-04-29
2025.0,April,30,35.0,958.6,4.0,22.2,7.3,40.4,29.2,0.0,36.0,24.4,8.4,180.0,6.0,2025-04-30
2025.0,Aug,1,25.0,964.3,7.0,19.8,5.0,32.5,23.5,0.1,74.0,18.8,6.300000000000001,230.0,5.0,2025-08-01
2025.0,Aug,2,26.9,963.5,7.0,21.299999999999997,3.5,32.5,24.3,0.0,72.0,15.1,3.1999999999999997,200.0,5.0,2025-08-02
2025.0,Aug,3,27.7,964.3,5.0,22.5,4.7,33.5,22.9,47.3,76.0,23.1,6.1,200.0,4.0,2025-08-03
2025.0,Aug,4,26.6,965.6,8.0,21.0,3.7,27.7,21.6,4.3,75.0,14.6,3.1,240.0,4.0,2025-08-04
2025.0,Aug,5,27.3,963.6,8.0,21.9,4.5,31.1,24.3,0.0,85.0,24.9,7.299999999999999,200.0,4.0,2025-08-05
2025.0,Aug,6,27.7,962.2,7.0,22.5,3.1,30.6,23.4,0.0,74.0,18.7,1.7000000000000002,180.0,4.0,2025-08-06
2025.0,Aug,7,27.4,962.2,7.0,23.4,4.3,32.8,23.5,0.0,80.0,19.9,6.4,190.0,4.0,2025-08-07
2025.0,Aug,8,26.6,963.1,7.0,21.400000000000002,3.9,26.9,24.2,0.0,74.0,20.5,4.6,210.0,5.0,2025-08-08
2025.0,Aug,9,26.0,963.1,5.0,20.5,5.0,32.0,20.6,7.6,73.0,25.0,5.5,190.0,4.0,2025-08-09
2025.0,Aug,10,27.1,962.6,7.0,21.3,3.9,32.5,21.7,0.0,71.0,21.5,2.0,190.0,4.0,2025-08-10
2025.0,Aug,11,28.2,962.6,8.0,22.799999999999997,4.0,33.0,23.2,0.0,73.0,20.1,6.799999999999999,230.0,4.0,2025-08-11
2025.0,Aug,12,25.0,964.2,8.0,19.8,2.7,26.7,24.5,3.0,74.0,10.9,0.0,290.0,4.0,2025-08-12
2025.0,Aug,13,26.9,964.7,8.0,21.9,3.5,32.0,22.7,114.9,79.0,15.7,0.10000000000000009,250.0,3.0,2025-08-13
2025.0,Aug,14,24.7,964.6,6.0,20.0,4.0,29.5,20.7,0.0,80.0,14.7,7.699999999999999,240.0,3.0,2025-08-14
2025.0,Aug,15,25.7,963.1,7.0,21.8,3.5,29.8,22.5,0.0,84.0,19.5,1.4,210.0,5.0,2025-08-15
2025.0,Aug,16,25.3,963.5,8.0,21.5,1.0,26.1,21.7,0.0,81.0,5.4,0.0,230.0,4.0,2025-08-16
2025.0,Aug,17,25.9,964.7,7.0,23.0,3.0,30.5,24.7,6.8,94.0,18.8,2.1,240.0,5.0,2025-08-17
2025.0,Aug,18,25.3,964.2,5.0,21.5,4.8,31.5,22.2,0.0,81.0,20.7,6.1,250.0,5.0,2025-08-18
2025.0,Aug,19,26.8,963.5,7.0,19.5,2.6,31.2,21.6,6.0,74.0,13.8,0.0,230.0,4.0,2025-08-19
2025.0,Aug,20,26.9,963.0,7.0,21.0,4.5,31.0,23.299999999999997,41.5,82.0,23.8,5.9,210.0,4.0,2025-08-20
2025.0,Aug,21,27.0,962.2,7.0,20.7,4.1,31.0,23.6,0.0,83.0,22.8,6.799999999999999,200.0,4.0,2025-08-21
2025.0,Aug,22,25.3,961.9,6.0,20.1,5.0,31.5,23.3,34.2,74.0,23.4,5.0,230.0,6.0,2025-08-22
2025.0,Aug,23,26.6,963.2,8.0,19.4,2.3,28.8,21.8,0.0,76.0,10.1,0.0,250.0,5.0,2025-08-23
2025.0,Aug,24,27.6,964.1,8.0,22.5,2.7,27.5,23.8,32.8,81.0,15.0,0.0,260.0,5.0,2025-08-24
2025.0,Aug,25,26.5,964.1,8.0,19.7,3.5,28.8,23.3,6.0,84.0,14.1,2.2,200.0,3.0,2025-08-25
2025.0,Aug,26,24.6,965.7,6.0,21.0,3.6,29.0,22.5,0.0,82.0,13.6,2.1,260.0,5.0,2025-08-26
2025.0,Aug,27,26.4,963.4,7.0,23.2,4.5,32.0,23.2,0.0,84.0,20.1,3.4,260.0,5.0,2025-08-27
2025.0,Aug,28,27.7,962.0,7.0,22.299999999999997,4.0,32.0,23.8,28.1,73.0,16.7,4.9,210.0,6.0,2025-08-28
2025.0,Aug,29,28.7,964.1,6.0,20.7,3.0,30.0,24.7,47.5,80.0,19.1,1.8000000000000003,210.0,5.0,2025-08-29
2025.0,Aug,30,26.5,965.2,7.0,21.5,3.6,30.1,22.9,0.0,82.0,19.8,3.1,230.0,4.0,2025-08-30
2025.0,Aug,31,27.0,963.9,6.0,21.4,4.7,30.1,23.0,11.0,80.0,21.7,7.4,240.0,4.0,2025-08-31
2025.0,Dec,1,28.2,959.9,3.0,13.6,5.7,37.4,18.2,0.0,27.0,21.5,7.0,30.0,5.0,2025-12-01
2025.0,Dec,2,27.7,960.3,1.0,13.5,5.4,37.0,16.8,0.0,29.0,21.1,6.9,30.0,4.0,2025-12-02
2025.0,Dec,3,28.4,960.9,3.0,14.399999999999999,5.6,36.0,17.8,0.0,30.0,21.3,6.4,40.0,4.0,2025-12-03
2025.0,Dec,4,27.8,961.8,6.0,13.4,5.8,33.5,18.5,0.0,28.0,21.2,5.2,30.0,5.0,2025-12-04
2025.0,Dec,5,27.9,962.9,4.0,13.7,6.8,31.0,18.2,0.0,29.0,21.2,5.8,20.0,6.0,2025-12-05
2025.0,Dec,6,28.3,963.7,7.0,13.3,6.6,31.0,16.1,0.0,25.0,21.4,8.3,20.0,6.0,2025-12-06
2025.0,Dec,7,28.7,964.8,7.0,12.5,6.4,30.0,15.2,0.0,19.0,21.3,5.5,20.0,6.0,2025-12-07
2025.0,Dec,8,27.8,965.5,8.0,12.600000000000001,6.0,30.0,15.2,0.0,24.0,21.3,6.1,30.0,5.0,2025-12-08
2025.0,Dec,9,27.3,964.8,8.0,12.5,5.1,32.5,13.8,0.0,26.0,18.6,7.3,20.0,5.0,2025-12-09
2025.0,Dec,10,26.9,963.9,8.0,12.899999999999999,5.5,34.0,13.5,0.0,30.0,21.0,5.7,30.0,4.0,2025-12-10
2025.0,Dec,11,27.2,962.9,6.0,13.2,5.6,36.0,14.2,0.0,30.0,21.1,6.7,50.0,4.0,2025-12-11
2025.0,Dec,12,27.7,962.6,6.0,13.899999999999999,6.5,36.4,19.7,0.0,31.0,21.0,6.0,40.0,6.0,2025-12-12
2025.0,Dec,13,29.6,962.6,5.0,16.0,7.6,32.8,19.0,0.0,32.0,21.2,7.5,40.0,7.0,2025-12-13
2025.0,Dec,14,30.3,963.3,6.0,15.3,6.9,31.7,19.3,0.0,25.0,21.6,6.7,40.0,7.0,2025-12-14
2025.0,Dec,15,27.5,963.8,7.0,12.7,6.5,32.2,17.0,0.0,26.0,21.3,8.1,40.0,6.0,2025-12-15
2025.0,Dec,16,27.3,963.6,6.0,13.3,5.5,32.0,13.8,0.0,30.0,21.7,9.4,40.0,5.0,2025-12-16
2025.0,Dec,17,26.9,964.4,4.0,12.7,5.1,33.4,13.299999999999999,0.0,32.0,21.4,6.7,40.0,4.0,2025-12-17
2025.0,Dec,18,28.3,963.8,4.0,15.100000000000001,5.4,34.3,16.8,0.0,34.0,21.3,7.3,40.0,4.0,2025-12-18
2025.0,Dec,19,28.2,962.2,1.0,11.7,5.4,33.6,15.2,0.0,35.0,21.3,8.5,20.0,4.0,2025-12-19
2025.0,Dec,20,28.6,961.2,2.0,14.1,5.3,35.3,15.000000000000002,0.0,32.0,21.6,6.5,30.0,4.0,2025-12-20
2025.0,Dec,21,28.5,961.3,4.0,11.5,5.1,35.9,14.5,0.0,30.0,21.7,6.9,40.0,4.0,2025-12-21
2025.0,Dec,22,27.8,961.6,3.0,12.7,5.6,36.4,13.4,0.0,28.0,21.5,7.4,60.0,4.0,2025-12-22
2025.0,Dec,23,28.3,961.8,3.0,13.5,5.6,36.8,14.0,0.0,26.0,21.4,6.7,90.0,4.0,2025-12-23
2025.0,Dec,24,28.2,962.1,0.0,13.799999999999999,5.4,37.4,14.9,0.0,28.0,21.1,7.6,60.0,5.0,2025-12-24
2025.0,Dec,25,28.9,962.3,3.0,13.8,6.1,37.3,14.7,0.0,29.0,21.2,6.5,40.0,5.0,2025-12-25
2025.0,Dec,26,28.7,962.1,3.0,14.299999999999999,6.1,37.8,15.1,0.0,28.0,21.2,5.7,50.0,5.0,2025-12-26
2025.0,Dec,27,29.5,962.4,2.0,15.3,6.3,37.6,16.0,0.0,29.0,21.1,6.8,40.0,5.0,2025-12-27
2025.0,Dec,28,28.3,963.8,1.0,13.700000000000001,6.5,37.5,14.6,0.0,27.0,21.2,9.1,50.0,5.0,2025-12-28
2025.0,Dec,29,30.0,964.1,0.0,15.4,6.7,37.7,16.8,0.0,27.0,21.2,5.8,50.0,5.0,2025-12-29
2025.0,Dec,30,28.4,963.6,0.0,13.799999999999999,6.5,38.0,19.7,0.0,27.0,21.2,7.3,40.0,5.0,2025-12-30
2025.0,Dec,31,30.2,,,15.2,,,16.2,,25.0,,8.4,,,2025-12-31
2025.0,Feb,1,28.9,963.1,4.0,12.9,6.3,33.2,13.499999999999998,0.0,23.0,23.5,8.1,40.0,5.0,2025-02-01
2025.0,Feb,2,29.5,962.8,1.0,12.0,6.4,34.0,13.5,0.0,20.0,23.6,5.8,30.0,5.0,2025-02-02
2025.0,Feb,3,30.2,961.7,3.0,11.5,6.9,34.5,14.399999999999999,0.0,21.0,23.4,9.2,20.0,6.0,2025-02-03
2025.0,Feb,4,30.2,961.6,5.0,13.8,7.4,34.8,15.8,0.0,18.0,23.6,7.5,30.0,6.0,2025-02-04
2025.0,Feb,5,29.5,962.3,3.0,12.899999999999999,7.3,34.4,17.0,0.0,17.0,24.2,6.0,30.0,6.0,2025-02-05
2025.0,Feb,6,29.6,961.6,0.0,13.0,7.1,32.2,18.3,0.0,17.0,23.6,6.1,30.0,6.0,2025-02-06
2025.0,Feb,7,29.6,962.0,5.0,13.600000000000001,6.7,32.2,16.8,0.0,20.0,23.1,8.5,40.0,6.0,2025-02-07
2025.0,Feb,8,30.3,962.4,1.0,14.9,7.0,34.1,17.7,0.0,23.0,23.5,9.1,30.0,6.0,2025-02-08
2025.0,Feb,9,30.4,962.7,4.0,13.9,7.7,33.8,14.0,0.0,18.0,23.6,8.3,30.0,6.0,2025-02-09
2025.0,Feb,10,30.9,960.9,4.0,13.899999999999999,8.0,34.4,17.2,0.0,15.0,23.6,9.1,30.0,6.0,2025-02-10
2025.0,Feb,11,30.7,961.7,2.0,14.099999999999998,8.2,33.6,17.8,0.0,17.0,23.6,9.0,30.0,7.0,2025-02-11
2025.0,Feb,12,30.9,963.3,1.0,14.899999999999999,7.7,32.0,16.0,0.0,20.0,23.8,5.9,30.0,7.0,2025-02-12
2025.0,Feb,13,29.6,964.4,6.0,13.8,7.0,31.0,15.2,0.0,21.0,24.4,7.0,40.0,6.0,2025-02-13
2025.0,Feb,14,29.6,964.7,4.0,13.400000000000002,6.8,31.7,17.4,0.0,19.0,24.6,8.8,40.0,6.0,2025-02-14
2025.0,Feb,15,30.4,964.0,4.0,14.0,7.2,33.4,18.7,0.0,18.0,24.5,8.6,50.0,5.0,2025-02-15
2025.0,Feb,16,31.2,962.6,2.0,14.399999999999999,7.9,34.1,18.2,0.0,16.0,24.3,8.5,40.0,6.0,2025-02-16
2025.0,Feb,17,31.0,962.2,2.0,13.8,7.5,34.2,20.4,0.0,14.0,24.4,5.9,50.0,6.0,2025-02-17
2025.0,Feb,18,31.3,962.4,4.0,14.100000000000001,7.6,35.8,15.8,0.0,14.0,24.4,8.4,50.0,5.0,2025-02-18
2025.0,Feb,19,31.2,962.5,4.0,14.399999999999999,7.3,37.2,22.7,0.0,16.0,24.4,7.4,50.0,5.0,2025-02-19
2025.0,Feb,20,31.2,962.1,3.0,14.599999999999998,8.1,37.1,15.3,0.0,17.0,24.4,8.4,50.0,6.0,2025-02-20
2025.0,Feb,21,31.2,960.7,2.0,14.399999999999999,6.9,38.6,17.1,0.0,16.0,24.5,5.9,40.0,4.0,2025-02-21
2025.0,Feb,22,32.2,960.3,6.0,15.600000000000001,7.2,37.6,22.3,0.0,17.0,24.2,6.5,40.0,4.0,2025-02-22
2025.0,Feb,23,30.3,961.1,7.0,13.5,7.6,36.7,21.0,0.0,16.0,23.1,7.2,50.0,5.0,2025-02-23
2025.0,Feb,24,32.2,961.8,7.0,15.600000000000001,7.0,36.2,20.0,0.0,17.0,16.3,7.6,20.0,5.0,2025-02-24
2025.0,Feb,25,32.0,961.8,6.0,15.600000000000001,7.5,36.5,22.2,0.0,18.0,23.2,7.7,110.0,4.0,2025-02-25
2025.0,Feb,26,30.6,963.7,8.0,13.600000000000001,8.0,32.6,18.8,0.0,15.0,23.6,6.5,20.0,7.0,2025-02-26
2025.0,Feb,27,31.2,964.7,4.0,14.399999999999999,7.5,32.5,18.0,0.0,16.0,23.8,6.0,30.0,7.0,2025-02-27
2025.0,Feb,28,31.8,963.5,0.0,15.0,7.7,34.2,19.0,0.0,16.0,24.8,7.2,20.0,6.0,2025-02-28
2025.0,Jan,1,28.0,963.7,1.0,13.2,6.9,33.4,15.9,0.0,26.0,21.6,7.2,50.0,6.0,2025-01-01
2025.0,Jan,2,28.4,963.2,4.0,13.999999999999998,6.3,34.4,14.2,0.0,28.0,21.8,6.0,50.0,5.0,2025-01-02
2025.0,Jan,3,28.4,963.5,4.0,13.599999999999998,6.0,34.3,16.5,0.0,26.0,21.4,5.9,40.0,5.0,2025-01-03
2025.0,Jan,4,28.0,963.7,4.0,12.4,6.7,34.1,13.2,0.0,26.0,21.3,9.0,30.0,5.0,2025-01-04
2025.0,Jan,5,28.2,964.7,3.0,12.6,6.9,30.5,14.4,0.0,22.0,21.6,8.9,30.0,7.0,2025-01-05
2025.0,Jan,6,27.6,964.7,0.0,12.600000000000001,6.4,30.5,14.5,0.0,25.0,21.7,6.5,30.0,6.0,2025-01-06
2025.0,Jan,7,27.6,965.3,5.0,13.400000000000002,6.4,29.5,14.7,0.0,29.0,21.7,9.3,30.0,6.0,2025-01-07
2025.0,Jan,8,27.3,965.5,1.0,11.4,6.6,30.0,13.3,0.0,30.0,21.9,6.5,30.0,6.0,2025-01-08
2025.0,Jan,9,26.8,965.5,0.0,12.4,6.5,29.5,13.3,0.0,28.0,21.9,7.8,30.0,6.0,2025-01-09
2025.0,Jan,10,26.0,966.2,0.0,10.8,6.5,29.3,11.4,0.0,27.0,22.0,6.2,30.0,6.0,2025-01-10
2025.0,Jan,11,26.1,966.5,0.0,11.3,6.6,28.4,12.6,0.0,26.0,22.1,6.5,40.0,7.0,2025-01-11
2025.0,Jan,12,25.8,965.5,1.0,11.600000000000001,6.1,28.5,13.9,0.0,29.0,21.9,6.8,30.0,6.0,2025-01-12
2025.0,Jan,13,26.4,963.6,3.0,12.2,5.8,30.3,12.7,0.0,29.0,22.0,8.6,40.0,5.0,2025-01-13
2025.0,Jan,14,27.1,962.1,1.0,12.1,5.9,32.0,12.500000000000002,0.0,27.0,21.8,6.8,40.0,4.0,2025-01-14
2025.0,Jan,15,27.4,962.5,4.0,12.399999999999999,6.1,33.4,14.2,0.0,25.0,22.0,5.5,40.0,4.0,2025-01-15
2025.0,Jan,16,29.0,962.7,6.0,12.2,6.5,34.0,13.2,0.0,21.0,22.1,6.9,40.0,5.0,2025-01-16
2025.0,Jan,17,28.6,962.8,4.0,13.000000000000002,7.1,35.5,13.6,0.0,22.0,21.7,8.1,30.0,6.0,2025-01-17
2025.0,Jan,18,28.1,963.1,4.0,13.500000000000002,6.5,35.5,13.8,0.0,27.0,22.1,6.1,30.0,5.0,2025-01-18
2025.0,Jan,19,27.8,962.6,6.0,14.4,5.7,35.4,14.7,0.0,33.0,22.0,9.5,90.0,4.0,2025-01-19
2025.0,Jan,20,27.6,963.1,2.0,13.8,5.9,35.8,14.2,0.0,31.0,22.0,7.6,110.0,4.0,2025-01-20
2025.0,Jan,21,29.0,964.0,1.0,14.2,7.0,35.6,17.2,0.0,26.0,22.2,6.6,20.0,5.0,2025-01-21
2025.0,Jan,22,30.0,964.6,1.0,14.6,7.6,33.2,17.3,0.0,23.0,22.3,9.4,20.0,7.0,2025-01-22
2025.0,Jan,23,29.7,964.3,0.0,14.5,7.2,33.9,18.2,0.0,24.0,22.4,7.5,30.0,6.0,2025-01-23
2025.0,Jan,24,30.0,964.6,5.0,14.8,7.3,33.6,15.5,0.0,24.0,21.5,5.6,30.0,7.0,2025-01-24
2025.0,Jan,25,29.5,964.9,0.0,14.1,7.1,32.4,15.0,0.0,23.0,23.3,9.0,30.0,6.0,2025-01-25
2025.0,Jan,26,27.8,965.2,2.0,12.4,7.0,32.7,14.5,0.0,23.0,23.2,8.1,30.0,6.0,2025-01-26
2025.0,Jan,27,28.2,965.2,7.0,12.399999999999999,7.0,32.4,16.8,0.0,21.0,23.2,6.1,30.0,6.0,2025-01-27
2025.0,Jan,28,29.1,965.6,6.0,11.4,7.0,31.8,13.500000000000002,0.0,22.0,22.2,7.6,30.0,7.0,2025-01-28
2025.0,Jan,29,28.0,965.9,1.0,12.4,6.7,32.4,16.2,0.0,22.0,23.2,8.4,40.0,6.0,2025-01-29
2025.0,Jan,30,28.4,965.4,8.0,12.999999999999998,7.0,31.6,16.2,0.0,23.0,23.1,8.8,50.0,7.0,2025-01-30
2025.0,Jan,31,28.5,964.1,1.0,13.5,6.6,32.9,17.0,0.0,25.0,23.1,7.1,50.0,6.0,2025-01-31
2025.0,July,1,27.6,963.8,7.0,21.7,4.8,31.7,22.8,0.0,76.0,21.3,4.4,210.0,4.0,2025-07-01
2025.0,July,2,28.0,963.3,7.0,23.2,4.4,34.0,24.3,0.0,76.0,23.7,6.699999999999999,190.0,4.0,2025-07-02
2025.0,July,3,28.3,963.9,8.0,23.1,3.1,32.5,24.6,0.0,74.0,18.3,0.0,230.0,4.0,2025-07-03
2025.0,July,4,26.6,964.4,8.0,20.6,4.0,32.0,22.2,0.0,70.0,17.1,4.699999999999999,200.0,4.0,2025-07-04
2025.0,July,5,28.0,963.8,6.0,23.6,4.8,34.1,24.0,37.1,80.0,22.9,5.4,210.0,4.0,2025-07-05
2025.0,July,6,25.3,964.2,8.0,19.5,2.3,25.3,20.1,0.0,71.0,14.8,0.0,220.0,4.0,2025-07-06
2025.0,July,7,26.4,964.4,6.0,20.4,5.3,30.0,21.4,0.0,75.0,20.8,3.6999999999999997,210.0,5.0,2025-07-07
2025.0,July,8,28.0,964.1,4.0,21.8,5.9,33.2,23.9,0.0,69.0,24.6,5.699999999999999,200.0,7.0,2025-07-08
2025.0,July,9,27.6,963.7,7.0,20.6,5.7,32.5,23.4,0.0,65.0,23.9,7.199999999999999,230.0,6.0,2025-07-09
2025.0,July,10,28.3,962.7,8.0,21.1,3.0,30.8,22.4,0.0,64.0,13.6,0.0,210.0,6.0,2025-07-10
2025.0,July,11,28.4,963.5,8.0,21.5,3.6,33.1,23.2,0.0,74.0,17.2,3.4,190.0,5.0,2025-07-11
2025.0,July,12,25.4,966.9,8.0,22.0,1.8,25.1,23.7,33.1,83.0,12.3,0.0,220.0,3.0,2025-07-12
2025.0,July,13,26.5,966.3,5.0,20.5,4.8,30.0,24.7,0.0,91.0,23.9,5.300000000000001,260.0,4.0,2025-07-13
2025.0,July,14,27.2,963.2,6.0,21.6,5.9,32.7,23.3,0.0,72.0,25.4,5.4,230.0,6.0,2025-07-14
2025.0,July,15,27.4,963.0,8.0,20.2,3.7,31.8,23.5,3.0,64.0,18.2,1.6,210.0,6.0,2025-07-15
2025.0,July,16,27.6,964.7,6.0,22.8,4.6,32.6,23.2,7.5,76.0,20.7,4.0,230.0,5.0,2025-07-16
2025.0,July,17,27.6,965.6,7.0,22.200000000000003,4.2,31.5,22.5,3.9,73.0,16.8,6.1,230.0,4.0,2025-07-17
2025.0,July,18,27.7,964.1,5.0,22.1,4.9,32.5,23.5,8.2,72.0,20.5,5.300000000000001,250.0,4.0,2025-07-18
2025.0,July,19,28.1,962.9,8.0,23.1,3.5,30.2,24.5,1.0,75.0,13.6,4.5,200.0,4.0,2025-07-19
2025.0,July,20,27.7,962.5,5.0,21.6,5.1,33.0,24.7,0.0,85.0,24.2,7.699999999999999,200.0,4.0,2025-07-20
2025.0,July,21,26.6,962.8,6.0,21.200000000000003,5.0,33.8,23.8,0.0,73.0,23.9,6.300000000000001,210.0,4.0,2025-07-21
2025.0,July,22,28.0,963.3,8.0,23.0,2.8,32.4,24.6,0.0,75.0,17.0,1.1,240.0,3.0,2025-07-22
2025.0,July,23,27.0,963.9,7.0,23.0,4.0,32.6,24.3,6.5,80.0,18.3,1.3000000000000003,210.0,4.0,2025-07-23
2025.0,July,24,27.5,963.6,8.0,22.6,3.3,32.1,23.7,50.2,81.0,17.6,3.8000000000000003,250.0,4.0,2025-07-24
2025.0,July,25,27.8,963.3,5.0,22.7,4.5,33.4,23.4,0.0,78.0,19.0,7.6,220.0,4.0,2025-07-25
2025.0,July,26,24.3,964.6,7.0,20.5,2.9,29.9,22.6,0.0,81.0,16.1,0.0,200.0,5.0,2025-07-26
2025.0,July,27,26.8,964.7,5.0,23.0,4.3,31.3,23.2,0.0,82.0,20.4,4.699999999999999,210.0,4.0,2025-07-27
2025.0,July,28,27.1,963.8,3.0,22.5,5.0,33.5,23.9,0.0,77.0,23.8,6.4,220.0,5.0,2025-07-28
2025.0,July,29,27.2,964.9,8.0,21.4,1.6,27.0,25.0,12.5,71.0,13.3,0.0,260.0,3.0,2025-07-29
2025.0,July,30,27.7,965.5,7.0,21.0,2.9,31.2,24.099999999999998,7.5,82.0,16.1,0.40000000000000013,190.0,4.0,2025-07-30
2025.0,July,31,25.6,965.8,7.0,22.0,3.9,30.5,22.200000000000003,0.0,83.0,20.6,4.300000000000001,240.0,5.0,2025-07-31
2025.0,June,1,30.2,964.4,5.0,19.6,5.8,38.8,27.9,40.8,47.0,19.7,5.1,200.0,5.0,2025-06-01
2025.0,June,2,29.8,965.1,6.0,24.200000000000003,2.8,38.0,26.2,6.8,72.0,20.1,0.0,210.0,3.0,2025-06-02
2025.0,June,3,27.9,963.6,6.0,21.0,6.0,31.5,21.099999999999998,0.0,66.0,23.1,7.299999999999999,220.0,4.0,2025-06-03
2025.0,June,4,28.4,962.8,3.0,17.799999999999997,7.5,35.5,24.8,0.0,47.0,23.6,4.9,210.0,6.0,2025-06-04
2025.0,June,5,30.7,962.4,1.0,18.5,6.9,39.5,25.7,0.0,39.0,25.1,6.1,180.0,5.0,2025-06-05
2025.0,June,6,31.2,962.6,3.0,19.4,7.2,38.0,29.4,0.0,41.0,24.9,7.699999999999999,170.0,5.0,2025-06-06
2025.0,June,7,31.1,963.5,5.0,19.5,6.6,37.5,25.8,0.0,42.0,23.5,7.799999999999999,210.0,4.0,2025-06-07
2025.0,June,8,30.3,962.5,6.0,19.700000000000003,5.2,38.3,25.8,0.0,47.0,22.8,3.4,150.0,4.0,2025-06-08
2025.0,June,9,29.4,961.4,5.0,18.2,6.9,38.0,27.0,0.0,44.0,24.6,7.4,190.0,4.0,2025-06-09
2025.0,June,10,29.0,960.2,4.0,16.2,7.6,40.2,28.4,0.0,36.0,25.3,6.9,240.0,4.0,2025-06-10
2025.0,June,11,27.8,960.5,7.0,15.0,7.6,40.2,26.5,3.5,36.0,24.9,4.6,240.0,6.0,2025-06-11
2025.0,June,12,30.4,961.7,5.0,19.799999999999997,5.9,38.0,22.0,0.0,47.0,15.8,1.7000000000000002,220.0,5.0,2025-06-12
2025.0,June,13,30.6,962.3,7.0,21.200000000000003,6.8,39.0,26.3,0.0,53.0,24.0,4.699999999999999,240.0,5.0,2025-06-13
2025.0,June,14,29.6,963.0,5.0,19.8,6.9,37.4,26.2,0.0,51.0,25.2,6.799999999999999,250.0,6.0,2025-06-14
2025.0,June,15,28.3,962.7,8.0,18.9,6.7,38.4,24.5,0.0,53.0,25.5,6.699999999999999,250.0,5.0,2025-06-15
2025.0,June,16,29.0,963.2,7.0,19.2,6.3,38.5,26.0,33.3,51.0,24.2,7.699999999999999,240.0,6.0,2025-06-16
2025.0,June,17,29.7,963.9,7.0,20.4,5.9,31.0,20.5,0.0,54.0,22.1,4.4,240.0,6.0,2025-06-17
2025.0,June,18,29.7,963.7,6.0,20.299999999999997,6.4,35.0,23.5,0.0,53.0,24.3,6.6,200.0,5.0,2025-06-18
2025.0,June,19,30.7,963.3,4.0,20.5,6.2,36.9,25.2,3.0,49.0,22.3,6.799999999999999,230.0,5.0,2025-06-19
2025.0,June,20,29.6,963.0,5.0,19.200000000000003,6.3,36.5,22.9,0.0,48.0,24.5,7.799999999999999,190.0,5.0,2025-06-20
2025.0,June,21,30.5,962.5,3.0,20.3,6.1,36.8,25.3,0.0,49.0,22.9,6.699999999999999,190.0,5.0,2025-06-21
2025.0,June,22,30.7,962.2,5.0,20.5,6.4,35.3,25.4,2.6,49.0,24.2,7.1,210.0,5.0,2025-06-22
2025.0,June,23,30.8,961.7,2.0,21.0,6.0,37.1,23.2,0.0,51.0,24.3,6.799999999999999,220.0,3.0,2025-06-23
2025.0,June,24,29.6,961.6,4.0,19.200000000000003,6.7,38.8,27.9,0.0,48.0,23.1,4.9,180.0,4.0,2025-06-24
2025.0,June,25,29.9,961.5,6.0,18.299999999999997,6.0,36.9,24.9,0.0,42.0,23.9,8.2,230.0,5.0,2025-06-25
2025.0,June,26,28.5,962.5,6.0,17.9,6.8,37.5,26.3,0.0,47.0,24.7,4.699999999999999,230.0,5.0,2025-06-26
2025.0,June,27,30.0,961.8,3.0,20.0,7.0,37.5,26.0,11.0,50.0,24.2,6.300000000000001,240.0,6.0,2025-06-27
2025.0,June,28,29.6,961.3,8.0,20.200000000000003,5.6,34.7,21.2,59.7,53.0,20.5,4.5,220.0,7.0,2025-06-28
2025.0,June,29,30.2,962.2,7.0,20.2,4.6,36.6,22.799999999999997,0.0,63.0,19.2,0.6000000000000001,220.0,6.0,2025-06-29
2025.0,June,30,30.8,963.8,7.0,22.7,3.8,31.8,24.0,10.5,66.0,16.7,1.9,230.0,5.0,2025-06-30
2025.0,Mar,1,32.3,961.3,5.0,15.899999999999999,8.2,37.8,20.6,0.0,18.0,25.2,7.5,40.0,6.0,2025-03-01
2025.0,Mar,3,34.1,959.6500000000001,4.0,17.9,8.95,38.9,22.35,0.0,19.0,25.3,7.5,40.0,7.0,2025-03-03
2025.0,Mar,4,34.1,959.8,1.0,17.1,8.9,40.2,20.7,0.0,15.0,25.7,8.3,40.0,7.0,2025-03-04
2025.0,Mar,5,33.5,961.4,6.0,15.7,8.5,38.6,21.5,0.0,11.0,25.9,6.8,50.0,6.0,2025-03-05
2025.0,Mar,6,32.5,961.9,5.0,15.3,8.2,38.3,20.5,0.0,14.0,25.1,8.7,50.0,6.0,2025-03-06
2025.0,Mar,7,32.1,960.8,6.0,15.5,7.8,38.6,22.7,0.0,17.0,25.9,6.1,50.0,6.0,2025-03-07
2025.0,Mar,8,33.4,960.0,8.0,17.599999999999998,8.2,40.8,23.4,0.0,21.0,25.8,8.1,60.0,6.0,2025-03-08
2025.0,Mar,9,33.5,960.6,7.0,17.7,8.9,41.0,20.0,0.0,21.0,25.1,6.8,60.0,6.0,2025-03-09
2025.0,Mar,10,33.7,960.8,3.0,17.900000000000002,9.0,41.0,21.0,0.0,21.0,25.7,8.3,70.0,7.0,2025-03-10
2025.0,Mar,11,32.9,960.1,4.0,16.7,8.9,40.5,20.2,0.0,19.0,26.2,8.7,70.0,7.0,2025-03-11
2025.0,Mar,12,33.3,959.5,6.0,16.499999999999996,8.2,41.2,24.2,0.0,16.0,26.1,6.8,70.0,6.0,2025-03-12
2025.0,Mar,13,33.9,960.5,8.0,17.5,8.4,41.0,21.2,0.0,18.0,26.2,5.7,60.0,6.0,2025-03-13
2025.0,Mar,14,34.6,962.0,8.0,17.8,8.9,40.8,22.2,0.0,16.0,24.6,6.4,50.0,7.0,2025-03-14
2025.0,Mar,15,34.2,962.1,3.0,17.400000000000002,9.1,40.6,24.2,0.0,16.0,26.8,5.8,40.0,7.0,2025-03-15
2025.0,Mar,16,34.5,960.9,2.0,17.3,8.7,39.5,22.0,0.0,14.0,27.5,7.8,40.0,6.0,2025-03-16
2025.0,Mar,17,33.1,960.2,6.0,15.5,7.9,39.5,18.0,0.0,12.0,27.8,6.8,40.0,5.0,2025-03-17
2025.0,Mar,18,32.3,961.3,3.0,14.299999999999997,8.1,39.5,16.5,0.0,10.0,27.2,8.5,40.0,5.0,2025-03-18
2025.0,Mar,19,32.5,962.1,3.0,14.7,8.8,42.4,20.0,0.0,11.0,26.5,8.7,50.0,7.0,2025-03-19
2025.0,Mar,20,31.6,962.6,2.0,14.400000000000002,10.5,27.5,26.0,0.0,14.0,24.5,8.1,70.0,9.0,2025-03-20
2025.0,Mar,21,34.2,962.4,6.0,14.5,9.8,28.8,16.800000000000004,0.0,13.0,26.1,4.7,50.0,9.0,2025-03-21
2025.0,Mar,22,33.1,962.8,3.0,13.8,8.7,29.0,16.3,0.0,16.0,27.6,6.4,50.0,7.0,2025-03-22
2025.0,Mar,23,33.2,963.3,3.0,14.2,8.4,30.0,16.000000000000004,0.0,14.0,27.0,9.1,50.0,6.0,2025-03-23
2025.0,Mar,24,32.0,962.3,1.0,14.600000000000001,8.5,30.9,14.6,0.0,13.0,27.0,9.2,50.0,6.0,2025-03-24
2025.0,Mar,25,33.8,959.3,1.0,8.0,7.8,30.6,16.4,0.0,13.0,27.2,6.1,60.0,4.0,2025-03-25
2025.0,Mar,26,34.1,958.8,8.0,12.0,6.7,30.5,16.900000000000002,0.0,14.0,26.9,8.8,160.0,4.0,2025-03-26
2025.0,Mar,27,34.1,958.4,4.0,13.0,6.5,28.9,17.1,0.0,15.0,26.8,6.0,190.0,3.0,2025-03-27
2025.0,Mar,28,35.0,957.9,4.0,11.0,7.7,31.8,18.0,0.0,15.0,27.7,6.4,70.0,3.0,2025-03-28
2025.0,Mar,29,34.4,957.4,3.0,13.2,8.1,32.9,17.2,0.0,14.0,27.5,5.9,210.0,3.0,2025-03-29
2025.0,Mar,30,36.3,956.9,6.0,16.0,8.0,33.3,19.299999999999997,0.0,15.0,27.0,5.6,280.0,5.0,2025-03-30
2025.0,Mar,31,35.8,958.9,7.0,15.9,8.5,41.3,19.599999999999998,0.0,19.0,27.4,6.9,70.0,5.0,2025-03-31
2025.0,May,1,31.6,960.3,6.0,19.400000000000002,7.0,40.1,29.2,0.0,39.0,25.4,7.1,160.0,4.0,2025-05-01
2025.0,May,2,33.3,961.9,8.0,20.9,6.8,39.5,26.8,0.0,38.0,26.6,6.9,120.0,4.0,2025-05-02
2025.0,May,3,33.9,961.3,7.0,18.299999999999997,7.5,39.2,26.8,0.0,22.0,26.1,8.4,70.0,5.0,2025-05-03
2025.0,May,4,34.3,961.4,1.0,17.499999999999996,8.1,40.5,26.0,0.0,16.0,28.1,9.0,50.0,5.0,2025-05-04
2025.0,May,5,35.6,961.0,1.0,18.400000000000002,8.1,41.6,22.0,0.0,14.0,27.9,6.9,50.0,4.0,2025-05-05
2025.0,May,6,34.9,960.8,3.0,17.9,8.4,42.2,22.2,0.0,15.0,24.7,7.7,100.0,5.0,2025-05-06
2025.0,May,7,36.0,960.1,2.0,21.4,7.0,40.9,28.0,0.0,27.0,27.4,10.0,110.0,4.0,2025-05-07
2025.0,May,8,33.9,959.8,2.0,22.299999999999997,7.4,41.5,23.6,0.0,42.0,27.9,10.1,120.0,3.0,2025-05-08
2025.0,May,9,35.3,961.8,5.0,19.299999999999997,7.1,41.5,24.8,0.0,20.0,27.9,7.9,150.0,4.0,2025-05-09
2025.0,May,10,33.5,962.1,6.0,19.1,7.4,41.5,26.2,0.0,28.0,27.0,8.2,180.0,5.0,2025-05-10
2025.0,May,11,34.1,960.6,2.0,20.5,8.0,43.0,26.5,0.0,32.0,27.2,9.3,160.0,5.0,2025-05-11
2025.0,May,12,34.9,958.9,1.0,21.299999999999997,8.2,42.5,26.6,0.0,32.0,26.0,9.4,180.0,5.0,2025-05-12
2025.0,May,13,35.1,959.0,1.0,21.700000000000003,7.6,40.6,28.0,8.0,33.0,25.0,6.1,200.0,5.0,2025-05-13
2025.0,May,14,32.8,960.3,5.0,20.4,6.5,35.5,23.7,0.0,38.0,24.5,8.1,220.0,4.0,2025-05-14
2025.0,May,15,33.4,960.1,5.0,22.599999999999998,6.0,39.6,26.5,4.0,46.0,24.4,4.1,180.0,4.0,2025-05-15
2025.0,May,16,33.0,961.3,7.0,22.8,4.5,32.1,24.0,0.3,49.0,20.9,1.3,270.0,5.0,2025-05-16
2025.0,May,17,29.0,959.8,5.0,21.0,7.1,38.4,23.9,0.0,60.0,26.2,7.2,240.0,5.0,2025-05-17
2025.0,May,18,29.8,959.8,4.0,19.0,7.6,39.0,26.5,0.0,46.0,25.8,8.2,250.0,6.0,2025-05-18
2025.0,May,19,32.1,960.6,7.0,20.900000000000002,7.2,38.4,24.8,0.0,44.0,25.7,5.9,210.0,7.0,2025-05-19
2025.0,May,20,31.0,961.4,2.0,20.8,7.0,39.6,26.4,2.0,49.0,25.9,7.4,200.0,4.0,2025-05-20
2025.0,May,21,31.1,961.8,1.0,21.1,7.8,39.8,24.8,0.0,50.0,26.0,9.3,180.0,4.0,2025-05-21
2025.0,May,22,32.3,960.3,1.0,20.499999999999996,7.4,41.5,24.6,0.0,41.0,25.2,6.4,160.0,5.0,2025-05-22
2025.0,May,23,33.8,960.5,4.0,20.4,7.5,41.5,27.3,0.0,33.0,25.6,9.3,190.0,5.0,2025-05-23
2025.0,May,24,32.5,961.5,5.0,21.1,7.3,39.5,26.8,0.0,43.0,25.4,6.3,260.0,6.0,2025-05-24
2025.0,May,25,32.2,961.4,6.0,20.6,7.7,39.0,27.7,0.0,42.0,23.6,9.1,220.0,7.0,2025-05-25
2025.0,May,26,32.6,962.0,5.0,21.400000000000002,6.0,37.5,28.5,0.0,44.0,19.9,3.6,190.0,5.0,2025-05-26
2025.0,May,27,30.1,963.4,4.0,19.5,6.7,39.5,27.7,0.8,47.0,24.0,7.9,200.0,4.0,2025-05-27
2025.0,May,28,31.1,963.6,8.0,21.700000000000003,6.5,38.1,24.6,0.0,53.0,25.1,6.3,180.0,4.0,2025-05-28
2025.0,May,29,26.9,963.2,6.0,16.299999999999997,6.9,40.0,26.0,0.0,47.0,24.0,6.2,210.0,5.0,2025-05-29
2025.0,May,30,29.6,961.4,1.0,18.8,7.6,40.6,27.1,2.8,46.0,25.3,8.3,250.0,6.0,2025-05-30
2025.0,May,31,31.1,961.5,3.0,19.5,7.7,40.6,27.9,0.0,42.0,24.0,7.7,210.0,6.0,2025-05-31
2025.0,Nov,1,27.8,963.2,1.0,12.8,6.0,36.5,13.3,0.0,25.0,24.3,7.1,50.0,4.0,2025-11-01
2025.0,Nov,2,27.6,963.5,7.0,12.400000000000002,5.8,36.8,16.1,0.0,24.0,23.6,6.5,70.0,4.0,2025-11-02
2025.0,Nov,3,27.1,964.0,5.0,12.500000000000002,5.8,37.0,18.2,0.0,27.0,22.0,6.9,70.0,5.0,2025-11-03
2025.0,Nov,4,27.7,963.8,2.0,12.899999999999999,6.7,37.2,20.5,0.0,26.0,22.0,7.8,40.0,6.0,2025-11-04
2025.0,Nov,5,29.0,962.5,3.0,13.4,6.7,37.6,22.0,0.0,22.0,23.4,5.6,40.0,5.0,2025-11-05
2025.0,Nov,6,28.2,962.4,7.0,12.799999999999999,6.6,36.0,18.7,0.0,23.0,22.9,8.5,30.0,5.0,2025-11-06
2025.0,Nov,7,28.2,963.1,5.0,13.0,6.0,36.1,14.9,0.0,24.0,23.3,5.8,20.0,5.0,2025-11-07
2025.0,Nov,8,27.8,963.2,6.0,12.600000000000001,6.1,36.6,16.1,0.0,24.0,23.3,8.9,40.0,5.0,2025-11-08
2025.0,Nov,9,27.4,963.2,4.0,12.999999999999998,7.1,36.9,16.6,0.0,28.0,22.7,8.2,50.0,6.0,2025-11-09
2025.0,Nov,10,27.7,962.8,3.0,13.299999999999999,7.0,35.9,21.0,0.0,28.0,23.2,5.4,40.0,6.0,2025-11-10
2025.0,Nov,11,28.4,963.0,7.0,13.399999999999999,6.5,35.6,20.8,0.0,25.0,23.6,8.3,30.0,6.0,2025-11-11
2025.0,Nov,12,27.9,964.4,8.0,12.299999999999999,6.0,35.1,16.2,0.0,22.0,22.8,7.7,30.0,5.0,2025-11-12
2025.0,Nov,13,26.8,965.0,3.0,12.600000000000001,6.5,35.1,16.7,0.0,29.0,22.9,5.3,30.0,6.0,2025-11-13
2025.0,Nov,14,27.5,964.7,2.0,13.5,7.3,33.8,19.5,0.0,30.0,23.0,5.4,40.0,7.0,2025-11-14
2025.0,Nov,15,28.1,965.0,5.0,13.500000000000002,6.7,32.5,17.5,0.0,27.0,23.2,7.0,40.0,6.0,2025-11-15
2025.0,Nov,16,28.3,965.5,2.0,13.5,6.2,32.5,17.5,0.0,26.0,23.1,6.2,40.0,6.0,2025-11-16
2025.0,Nov,17,27.4,963.8,1.0,12.799999999999999,6.1,33.6,14.2,0.0,27.0,22.5,6.7,40.0,5.0,2025-11-17
2025.0,Nov,18,27.2,963.0,1.0,13.0,6.1,36.5,15.2,0.0,29.0,22.4,7.1,40.0,5.0,2025-11-18
2025.0,Nov,19,28.1,962.8,2.0,13.700000000000001,6.1,36.7,15.8,0.0,28.0,22.5,7.9,40.0,5.0,2025-11-19
2025.0,Nov,20,29.3,962.8,5.0,14.700000000000001,6.4,36.8,17.5,0.0,27.0,22.5,7.5,40.0,5.0,2025-11-20
2025.0,Nov,21,28.6,963.6,5.0,13.600000000000001,6.3,35.5,20.7,0.0,25.0,22.6,7.4,30.0,5.0,2025-11-21
2025.0,Nov,22,28.2,963.8,7.0,12.2,6.2,35.5,12.6,0.0,22.0,22.6,8.0,40.0,4.0,2025-11-22
2025.0,Nov,23,27.3,964.0,5.0,11.5,6.2,35.2,13.0,0.0,21.0,22.4,7.0,30.0,5.0,2025-11-23
2025.0,Nov,24,27.8,963.0,0.0,12.200000000000001,6.4,34.5,15.3,0.0,22.0,22.2,8.7,40.0,6.0,2025-11-24
2025.0,Nov,25,28.4,962.2,0.0,13.999999999999998,6.3,34.7,15.7,0.0,28.0,21.8,5.1,30.0,6.0,2025-11-25
2025.0,Nov,26,28.4,961.9,0.0,14.999999999999998,6.3,37.0,16.3,0.0,33.0,21.8,7.6,40.0,5.0,2025-11-26
2025.0,Nov,27,29.6,962.0,1.0,16.200000000000003,6.4,37.5,19.5,0.0,33.0,21.8,7.9,40.0,5.0,2025-11-27
2025.0,Nov,28,28.8,960.6,3.0,14.8,6.7,37.3,15.7,0.0,30.0,21.8,9.1,40.0,6.0,2025-11-28
2025.0,Nov,29,29.4,960.4,0.0,14.599999999999998,7.0,36.8,20.2,0.0,26.0,21.9,8.6,40.0,7.0,2025-11-29
2025.0,Nov,30,28.1,960.2,0.0,12.900000000000002,6.3,35.5,19.4,0.0,24.0,21.6,7.0,40.0,6.0,2025-11-30
2025.0,Oct,1,28.0,963.4,6.0,21.0,4.3,33.7,21.9,0.0,65.0,24.3,6.1,230.0,5.0,2025-10-01
2025.0,Oct,2,26.8,962.6,0.0,19.6,5.4,36.0,22.9,0.0,64.0,24.6,9.5,200.0,4.0,2025-10-02
2025.0,Oct,3,28.4,961.9,3.0,20.599999999999998,5.2,36.0,24.0,0.0,61.0,24.4,6.9,170.0,4.0,2025-10-03
2025.0,Oct,4,29.7,962.8,7.0,21.9,4.5,32.0,22.8,14.8,61.0,22.7,6.6,170.0,5.0,2025-10-04
2025.0,Oct,5,26.7,963.9,7.0,19.299999999999997,3.6,32.4,23.0,9.8,63.0,19.2,4.7,180.0,3.0,2025-10-05
2025.0,Oct,6,26.5,963.5,1.0,21.9,5.2,33.4,22.0,0.0,77.0,23.5,9.8,170.0,4.0,2025-10-06
2025.0,Oct,7,28.5,962.7,5.0,21.3,5.3,33.5,23.0,0.0,64.0,21.1,8.0,170.0,4.0,2025-10-07
2025.0,Oct,8,27.8,963.2,5.0,19.6,4.5,33.3,21.5,0.0,59.0,21.3,5.9,160.0,4.0,2025-10-08
2025.0,Oct,9,27.8,962.7,7.0,20.200000000000003,4.5,34.0,25.5,1.0,62.0,22.7,5.8,170.0,5.0,2025-10-09
2025.0,Oct,10,26.4,961.5,5.0,18.599999999999998,4.9,34.0,21.8,0.0,61.0,22.7,8.7,190.0,3.0,2025-10-10
2025.0,Oct,11,27.7,961.6,7.0,19.7,4.9,32.8,22.1,0.0,60.0,22.4,5.8,180.0,4.0,2025-10-11
2025.0,Oct,12,26.8,961.8,8.0,19.0,4.5,34.0,23.5,0.0,61.0,19.7,4.3,180.0,3.0,2025-10-12
2025.0,Oct,13,28.3,962.6,5.0,20.1,4.8,34.6,22.8,0.0,59.0,22.9,8.7,110.0,3.0,2025-10-13
2025.0,Oct,14,28.6,962.2,4.0,19.400000000000002,5.2,35.3,22.1,0.0,54.0,24.8,9.1,70.0,3.0,2025-10-14
2025.0,Oct,15,28.8,961.7,4.0,15.4,5.6,34.7,18.7,0.0,33.0,24.2,7.9,150.0,3.0,2025-10-15
2025.0,Oct,16,28.5,962.6,5.0,16.1,5.3,34.5,22.3,0.0,38.0,23.7,7.8,120.0,4.0,2025-10-16
2025.0,Oct,17,29.4,963.1,2.0,18.599999999999998,5.5,35.6,18.7,0.0,46.0,24.6,8.6,50.0,5.0,2025-10-17
2025.0,Oct,18,29.6,962.8,5.0,13.4,5.7,36.7,15.400000000000002,0.0,29.0,24.9,9.6,40.0,5.0,2025-10-18
2025.0,Oct,19,29.3,961.6,3.0,14.700000000000001,5.6,34.2,17.9,0.0,27.0,24.9,6.2,190.0,2.0,2025-10-19
2025.0,Oct,20,28.3,961.7,1.0,14.5,5.2,36.2,17.7,0.0,31.0,24.3,7.4,160.0,4.0,2025-10-20
2025.0,Oct,21,29.0,962.0,1.0,17.0,5.3,37.4,19.1,0.0,40.0,24.5,6.3,120.0,3.0,2025-10-21
2025.0,Oct,22,30.1,962.3,4.0,16.900000000000002,6.1,37.7,18.6,0.0,34.0,24.6,7.6,110.0,3.0,2025-10-22
2025.0,Oct,23,29.4,963.1,5.0,15.2,5.8,37.1,18.2,0.0,29.0,24.5,7.2,140.0,3.0,2025-10-23
2025.0,Oct,24,28.7,962.8,4.0,15.5,5.5,37.3,15.9,0.0,34.0,24.7,7.6,130.0,3.0,2025-10-24
2025.0,Oct,25,28.4,962.3,0.0,14.2,5.3,37.0,17.0,0.0,29.0,24.5,9.0,60.0,4.0,2025-10-25
2025.0,Oct,26,29.7,962.0,5.0,15.7,6.0,36.0,16.8,0.0,30.0,22.5,7.9,50.0,5.0,2025-10-26
2025.0,Oct,27,28.4,962.2,7.0,13.999999999999998,6.3,35.5,16.6,0.0,28.0,20.5,6.5,60.0,5.0,2025-10-27
2025.0,Oct,28,27.4,963.0,3.0,12.999999999999998,5.8,36.5,16.3,0.0,28.0,17.2,9.3,80.0,3.0,2025-10-28
2025.0,Oct,29,28.9,962.8,4.0,15.2,5.6,36.7,15.299999999999999,0.0,32.0,24.3,7.3,90.0,4.0,2025-10-29
2025.0,Oct,30,29.4,963.4,6.0,14.599999999999998,5.7,36.2,15.6,0.0,26.0,24.2,7.3,50.0,5.0,2025-10-30
2025.0,Oct,31,28.7,963.7,5.0,13.3,5.4,36.0,13.899999999999999,0.0,26.0,24.3,6.9,40.0,5.0,2025-10-31
2025.0,Sep,1,27.9,963.2,7.0,21.4,2.8,31.7,22.7,3.4,74.0,10.5,3.1,230.0,4.0,2025-09-01
2025.0,Sep,2,26.4,963.6,7.0,22.5,3.8,28.0,23.0,0.0,83.0,16.6,3.8000000000000003,200.0,3.0,2025-09-02
2025.0,Sep,3,26.3,963.7,8.0,22.3,2.8,28.4,22.8,2.5,80.0,9.7,1.3000000000000003,240.0,3.0,2025-09-03
2025.0,Sep,4,27.5,963.6,7.0,22.5,4.0,27.0,25.3,0.0,89.0,19.9,6.5,220.0,3.0,2025-09-04
2025.0,Sep,5,26.1,964.0,4.0,20.0,4.3,29.4,22.1,0.0,80.0,21.5,7.799999999999999,180.0,3.0,2025-09-05
2025.0,Sep,6,27.5,963.6,5.0,22.3,4.9,33.2,23.0,0.0,74.0,25.2,4.1,210.0,3.0,2025-09-06
2025.0,Sep,7,28.7,962.6,8.0,22.5,3.8,33.4,23.2,0.0,69.0,20.2,2.8000000000000003,200.0,5.0,2025-09-07
2025.0,Sep,8,28.2,964.5,8.0,22.5,3.8,33.8,24.599999999999998,0.0,82.0,18.4,4.199999999999999,220.0,4.0,2025-09-08
2025.0,Sep,9,25.4,965.1,8.0,21.599999999999998,3.2,32.0,23.3,7.0,81.0,18.5,1.0,160.0,2.0,2025-09-09
2025.0,Sep,10,26.9,964.6,5.0,22.099999999999998,4.7,32.0,22.3,0.0,76.0,22.0,7.1,210.0,3.0,2025-09-10
2025.0,Sep,11,27.5,963.1,7.0,22.2,4.9,34.0,23.9,0.0,82.0,23.9,5.4,190.0,4.0,2025-09-11
2025.0,Sep,12,27.6,964.6,6.0,22.400000000000002,3.9,28.3,23.7,6.3,74.0,23.0,0.20000000000000018,220.0,3.0,2025-09-12
2025.0,Sep,13,27.0,963.5,5.0,21.2,5.2,32.5,21.8,1.0,74.0,24.6,7.9,250.0,3.0,2025-09-13
2025.0,Sep,14,28.0,962.7,6.0,20.8,4.1,35.8,21.0,0.0,65.0,16.7,2.1,160.0,4.0,2025-09-14
2025.0,Sep,15,27.4,963.6,7.0,23.0,4.8,31.5,24.0,0.0,78.0,22.6,8.4,180.0,4.0,2025-09-15
2025.0,Sep,16,27.7,963.1,4.0,21.0,4.9,33.7,23.1,0.0,77.0,24.5,5.5,180.0,3.0,2025-09-16
2025.0,Sep,17,27.7,962.0,1.0,21.7,5.3,35.2,24.3,0.0,70.0,25.5,8.4,180.0,4.0,2025-09-17
2025.0,Sep,18,28.6,962.2,5.0,21.8,5.4,36.0,24.0,0.0,66.0,24.8,5.800000000000001,200.0,4.0,2025-09-18
2025.0,Sep,19,27.8,963.0,7.0,20.8,4.5,35.0,24.3,41.0,65.0,24.1,2.1,210.0,4.0,2025-09-19
2025.0,Sep,20,26.8,962.7,6.0,21.8,4.7,33.5,26.5,0.0,75.0,24.7,7.0,220.0,4.0,2025-09-20
2025.0,Sep,21,26.8,962.6,6.0,20.6,5.0,33.7,26.7,0.0,69.0,24.2,4.9,220.0,5.0,2025-09-21
2025.0,Sep,22,28.6,963.7,7.0,22.200000000000003,4.6,32.6,23.5,0.0,68.0,19.2,3.1,200.0,5.0,2025-09-22
2025.0,Sep,23,26.9,965.1,6.0,20.5,4.6,31.8,22.0,0.0,68.0,23.1,5.4,160.0,4.0,2025-09-23
2025.0,Sep,24,28.3,964.5,8.0,22.9,3.4,32.5,24.0,31.9,73.0,21.8,0.7000000000000002,180.0,3.0,2025-09-24
2025.0,Sep,25,26.6,964.0,3.0,20.3,4.5,32.4,22.6,0.0,80.0,20.4,5.9,130.0,3.0,2025-09-25
2025.0,Sep,26,26.8,963.3,6.0,22.0,5.0,33.5,24.1,0.0,76.0,23.4,5.1,170.0,2.0,2025-09-26
2025.0,Sep,27,28.8,962.8,7.0,22.0,5.1,35.0,22.4,0.0,68.0,24.8,7.199999999999999,180.0,3.0,2025-09-27
2025.0,Sep,28,27.4,962.9,4.0,20.2,5.2,33.5,22.6,0.0,64.0,23.2,7.199999999999999,200.0,3.0,2025-09-28
2025.0,Sep,29,27.4,962.6,5.0,19.599999999999998,5.2,34.2,22.9,0.0,61.0,23.6,5.4,170.0,4.0,2025-09-29
2025.0,Sep,30,28.9,962.7,6.0,20.5,5.0,34.2,22.5,0.0,58.0,23.9,7.799999999999999,190.0,5.0,2025-09-30
