Date,Alert,Severity,Crops,SMS_Text,Month
2021-01-01,Dry Heat — Pest Risk,MEDIUM,"Cowpea, Sorghum",Dry heat favours aphids and thrips. Inspect crops. Consider neem spray.,2021-01
2021-01-02,Dry Heat — Pest Risk,MEDIUM,"Cowpea, Sorghum",Dry heat favours aphids and thrips. Inspect crops. Consider neem spray.,2021-01
2021-01-02,Irrigation Required,INFO,All irrigated crops,High water demand today. Irrigate before 7am or after 6pm to reduce evaporation.,2021-01
2021-01-03,Dry Heat — Pest Risk,MEDIUM,"Cowpea, Sorghum",Dry heat favours aphids and thrips. Inspect crops. Consider neem spray.,2021-01
2021-01-03,Irrigation Required,INFO,All irrigated crops,High water demand today. Irrigate before 7am or after 6pm to reduce evaporation.,2021-01
2021-01-04,Dry Heat — Pest Risk,MEDIUM,"Cowpea, Sorghum",Dry heat favours aphids and thrips. Inspect crops. Consider neem spray.,2021-01
2021-01-04,Irrigation Required,INFO,All irrigated crops,High water demand today. Irrigate before 7am or after 6pm to reduce evaporation.,2021-01
2021-01-05,Dry Heat — Pest Risk,MEDIUM,"Cowpea, Sorghum",Dry heat favours aphids and thrips. Inspect crops. Consider neem spray.,2021-01
2021-01-05,Irrigation Required,INFO,All irrigated crops,High water demand today. Irrigate before 7am or after 6pm to reduce evaporation.,2021-01
2021-01-06,Dry Heat — Pest Risk,MEDIUM,"Cowpea, Sorghum",Dry heat favours aphids and thrips. Inspect crops. Consider neem spray.,2021-01
2021-01-06,Irrigation Required,INFO,All irrigated crops,High water demand today. Irrigate before 7am or after 6pm to reduce evaporation.,2021-01
2021-01-06,High Crop Stress,HIGH,All crops,"Crop stress is high today. Heat, dryness and wind are combined. Shade or irrigate.",2021-01
2021-01-07,Dry Heat — Pest Risk,MEDIUM,"Cowpea, Sorghum",Dry heat favours aphids and thrips. Inspect crops. Consider neem spray.,2021-01
2021-01-07,Fire Risk Alert,HIGH,"All crops, grassland","High bushfire danger. Low humidity, hot and windy conditions. Do not burn.",2021-01
2021-01-07,Irrigation Required,INFO,All irrigated crops,High water demand today. Irrigate before 7am or after 6pm to reduce evaporation.,2021-01
2021-01-07,High Crop Stress,HIGH,All crops,"Crop stress is high today. Heat, dryness and wind are combined. Shade or irrigate.",2021-01
2021-01-08,Dry Heat — Pest Risk,MEDIUM,"Cowpea, Sorghum",Dry heat favours aphids and thrips. Inspect crops. Consider neem spray.,2021-01
2021-01-08,Irrigation Required,INFO,All irrigated crops,High water demand today. Irrigate before 7am or after 6pm to reduce evaporation.,2021-01
2021-01-09,Dry Heat — Pest Risk,MEDIUM,"Cowpea, Sorghum",Dry heat favours aphids and thrips. Inspect crops. Consider neem spray.,2021-01
2021-01-09,Irrigation Required,INFO,All irrigated crops,High water demand today. Irrigate before 7am or after 6pm to reduce evaporation.,2021-01
2021-01-10,Dry Heat — Pest Risk,MEDIUM,"Cowpea, Sorghum",Dry heat favours aphids and thrips. Inspect crops. Consider neem spray.,2021-01
2021-01-10,Irrigation Required,INFO,All irrigated crops,High water demand today. Irrigate before 7am or after 6pm to reduce evaporation.,2021-01
2021-01-11,Dry Heat — Pest Risk,MEDIUM,"Cowpea, Sorghum",Dry heat favours aphids and thrips. Inspect crops. Consider neem spray.,2021-01
2021-01-11,Irrigation Required,INFO,All irrigated crops,High water demand today. Irrigate before 7am or after 6pm to reduce evaporation.,2021-01
2021-01-12,Dry Heat — Pest Risk,MEDIUM,"Cowpea, Sorghum",Dry heat favours aphids and thrips. Inspect crops. Consider neem spray.,2021-01
2021-01-12,Irrigation Required,INFO,All irrigated crops,High water demand today. Irrigate before 7am or after 6pm to reduce evaporation.,2021-01
2021-01-13,Dry Heat — Pest Risk,MEDIUM,"Cowpea, Sorghum",Dry heat favours aphids and thrips. Inspect crops. Consider neem spray.,2021-01
2021-01-13,Irrigation Required,INFO,All irrigated crops,High water demand today. Irrigate before 7am or after 6pm to reduce evaporation.,2021-01
2021-01-14,Dry Heat — Pest Risk,MEDIUM,"Cowpea, Sorghum",Dry heat favours aphids and thrips. Inspect crops. Consider neem spray.,2021-01
2021-01-14,Irrigation Required,INFO,All irrigated crops,High water demand today. Irrigate before 7am or after 6pm to reduce evaporation.,2021-01
2021-01-15,Dry Heat — Pest Risk,MEDIUM,"Cowpea, Sorghum",Dry heat favours aphids and thrips. Inspect crops. Consider neem spray.,2021-01
2021-01-15,Irrigation Required,INFO,All irrigated crops,High water demand today. Irrigate before 7am or after 6pm to reduce evaporation.,2021-01
2021-01-16,Dry Heat — Pest Risk,MEDIUM,"Cowpea, Sorghum",Dry heat favours aphids and thrips. Inspect crops. Consider neem spray.,2021-01
2021-01-16,Irrigation Required,INFO,All irrigated crops,High water demand today. Irrigate before 7am or after 6pm to reduce evaporation.,2021-01
2021-01-17,Dry Heat — Pest Risk,MEDIUM,"Cowpea, Sorghum",Dry heat favours aphids and thrips. Inspect crops. Consider neem spray.,2021-01
2021-01-17,Irrigation Required,INFO,All irrigated crops,High water demand today. Irrigate before 7am or after 6pm to reduce evaporation.,2021-01
2021-01-18,Irrigation Required,INFO,All irrigated crops,High water demand today. Irrigate before 7am or after 6pm to reduce evaporation.,2021-01
2021-01-19,Irrigation Required,INFO,All irrigated crops,High water demand today. Irrigate before 7am or after 6pm to reduce evaporation.,2021-01
2021-01-20,Irrigation Required,INFO,All irrigated crops,High water demand today. Irrigate before 7am or after 6pm to reduce evaporation.,2021-01
2021-01-21,Irrigation Required,INFO,All irrigated crops,High water demand today. Irrigate before 7am or after 6pm to reduce evaporation.,2021-01
2021-01-22,Irrigation Required,INFO,All irrigated crops,High water demand today. Irrigate before 7am or after 6pm to reduce evaporation.,2021-01
2021-01-23,Irrigation Required,INFO,All irrigated crops,High water demand today. Irrigate before 7am or after 6pm to reduce evaporation.,2021-01
2021-01-24,Irrigation Required,INFO,All irrigated crops,High water demand today. Irrigate before 7am or after 6pm to reduce evaporation.,2021-01
2021-01-25,Irrigation Required,INFO,All irrigated crops,High water demand today. Irrigate before 7am or after 6pm to reduce evaporation.,2021-01
2021-01-26,Dry Heat — Pest Risk,MEDIUM,"Cowpea, Sorghum",Dry heat favours aphids and thrips. Inspect crops. Consider neem spray.,2021-01
2021-01-26,Irrigation Required,INFO,All irrigated crops,High water demand today. Irrigate before 7am or after 6pm to reduce evaporation.,2021-01
2021-01-27,Dry Heat — Pest Risk,MEDIUM,"Cowpea, Sorghum",Dry heat favours aphids and thrips. Inspect crops. Consider neem spray.,2021-01
2021-01-27,Irrigation Required,INFO,All irrigated crops,High water demand today. Irrigate before 7am or after 6pm to reduce evaporation.,2021-01
2021-01-28,Dry Heat — Pest Risk,MEDIUM,"Cowpea, Sorghum",Dry heat favours aphids and thrips. Inspect crops. Consider neem spray.,2021-01
2021-01-28,Irrigation Required,INFO,All irrigated crops,High water demand today. Irrigate before 7am or after 6pm to reduce evaporation.,2021-01
2021-01-28,High Crop Stress,HIGH,All crops,"Crop stress is high today. Heat, dryness and wind are combined. Shade or irrigate.",2021-01
2021-01-29,Dry Heat — Pest Risk,MEDIUM,"Cowpea, Sorghum",Dry heat favours aphids and thrips. Inspect crops. Consider neem spray.,2021-01
2021-01-29,Irrigation Required,INFO,All irrigated crops,High water demand today. Irrigate before 7am or after 6pm to reduce evaporation.,2021-01
2021-01-30,Irrigation Required,INFO,All irrigated crops,High water demand today. Irrigate before 7am or after 6pm to reduce evaporation.,2021-01
2021-01-31,Irrigation Required,INFO,All irrigated crops,High water demand today. Irrigate before 7am or after 6pm to reduce evaporation.,2021-01
2021-02-01,Irrigation Required,INFO,All irrigated crops,High water demand today. Irrigate before 7am or after 6pm to reduce evaporation.,2021-02
2021-02-02,Dry Heat — Pest Risk,MEDIUM,"Cowpea, Sorghum",Dry heat favours aphids and thrips. Inspect crops. Consider neem spray.,2021-02
2021-02-02,Irrigation Required,INFO,All irrigated crops,High water demand today. Irrigate before 7am or after 6pm to reduce evaporation.,2021-02
2021-02-03,Dry Heat — Pest Risk,MEDIUM,"Cowpea, Sorghum",Dry heat favours aphids and thrips. Inspect crops. Consider neem spray.,2021-02
2021-02-03,Irrigation Required,INFO,All irrigated crops,High water demand today. Irrigate before 7am or after 6pm to reduce evaporation.,2021-02
2021-02-04,Irrigation Required,INFO,All irrigated crops,High water demand today. Irrigate before 7am or after 6pm to reduce evaporation.,2021-02
2021-02-05,Irrigation Required,INFO,All irrigated crops,High water demand today. Irrigate before 7am or after 6pm to reduce evaporation.,2021-02
2021-02-06,Irrigation Required,INFO,All irrigated crops,High water demand today. Irrigate before 7am or after 6pm to reduce evaporation.,2021-02
2021-02-07,Dry Heat — Pest Risk,MEDIUM,"Cowpea, Sorghum",Dry heat favours aphids and thrips. Inspect crops. Consider neem spray.,2021-02
2021-02-07,Irrigation Required,INFO,All irrigated crops,High water demand today. Irrigate before 7am or after 6pm to reduce evaporation.,2021-02
2021-02-08,Dry Heat — Pest Risk,MEDIUM,"Cowpea, Sorghum",Dry heat favours aphids and thrips. Inspect crops. Consider neem spray.,2021-02
2021-02-08,Irrigation Required,INFO,All irrigated crops,High water demand today. Irrigate before 7am or after 6pm to reduce evaporation.,2021-02
2021-02-09,Dry Heat — Pest Risk,MEDIUM,"Cowpea, Sorghum",Dry heat favours aphids and thrips. Inspect crops. Consider neem spray.,2021-02
2021-02-09,Irrigation Required,INFO,All irrigated crops,High water demand today. Irrigate before 7am or after 6pm to reduce evaporation.,2021-02
2021-02-09,High Crop Stress,HIGH,All crops,"Crop stress is high today. Heat, dryness and wind are combined. Shade or irrigate.",2021-02
2021-02-10,Dry Heat — Pest Risk,MEDIUM,"Cowpea, Sorghum",Dry heat favours aphids and thrips. Inspect crops. Consider neem spray.,2021-02
2021-02-10,Irrigation Required,INFO,All irrigated crops,High water demand today. Irrigate before 7am or after 6pm to reduce evaporation.,2021-02
2021-02-10,High Crop Stress,HIGH,All crops,"Crop stress is high today. Heat, dryness and wind are combined. Shade or irrigate.",2021-02
2021-02-11,Dry Heat — Pest Risk,MEDIUM,"Cowpea, Sorghum",Dry heat favours aphids and thrips. Inspect crops. Consider neem spray.,2021-02
2021-02-11,Irrigation Required,INFO,All irrigated crops,High water demand today. Irrigate before 7am or after 6pm to reduce evaporation.,2021-02
2021-02-12,Dry Heat — Pest Risk,MEDIUM,"Cowpea, Sorghum",Dry heat favours aphids and thrips. Inspect crops. Consider neem spray.,2021-02
2021-02-12,Irrigation Required,INFO,All irrigated crops,High water demand today. Irrigate before 7am or after 6pm to reduce evaporation.,2021-02
2021-02-13,Dry Heat — Pest Risk,MEDIUM,"Cowpea, Sorghum",Dry heat favours aphids and thrips. Inspect crops. Consider neem spray.,2021-02
2021-02-13,Irrigation Required,INFO,All irrigated crops,High water demand today. Irrigate before 7am or after 6pm to reduce evaporation.,2021-02
2021-02-14,Dry Heat — Pest Risk,MEDIUM,"Cowpea, Sorghum",Dry heat favours aphids and thrips. Inspect crops. Consider neem spray.,2021-02
2021-02-14,Irrigation Required,INFO,All irrigated crops,High water demand today. Irrigate before 7am or after 6pm to reduce evaporation.,2021-02
2021-02-15,Dry Heat — Pest Risk,MEDIUM,"Cowpea, Sorghum",Dry heat favours aphids and thrips. Inspect crops. Consider neem spray.,2021-02
2021-02-15,Irrigation Required,INFO,All irrigated crops,High water demand today. Irrigate before 7am or after 6pm to reduce evaporation.,2021-02
2021-02-15,High Crop Stress,HIGH,All crops,"Crop stress is high today. Heat, dryness and wind are combined. Shade or irrigate.",2021-02
2021-02-16,Dry Heat — Pest Risk,MEDIUM,"Cowpea, Sorghum",Dry heat favours aphids and thrips. Inspect crops. Consider neem spray.,2021-02
2021-02-16,Wind Damage Risk,HIGH,All standing crops,Strong winds expected. Stake tall crops and secure structures.,2021-02
2021-02-16,Fire Risk Alert,HIGH,"All crops, grassland","High bushfire danger. Low humidity, hot and windy conditions. Do not burn.",2021-02
2021-02-16,Irrigation Required,INFO,All irrigated crops,High water demand today. Irrigate before 7am or after 6pm to reduce evaporation.,2021-02
2021-02-16,High Crop Stress,HIGH,All crops,"Crop stress is high today. Heat, dryness and wind are combined. Shade or irrigate.",2021-02
2021-02-17,Wind Damage Risk,HIGH,All standing crops,Strong winds expected. Stake tall crops and secure structures.,2021-02
2021-02-17,Irrigation Required,INFO,All irrigated crops,High water demand today. Irrigate before 7am or after 6pm to reduce evaporation.,2021-02
2021-02-18,Irrigation Required,INFO,All irrigated crops,High water demand today. Irrigate before 7am or after 6pm to reduce evaporation.,2021-02
2021-02-19,Irrigation Required,INFO,All irrigated crops,High water demand today. Irrigate before 7am or after 6pm to reduce evaporation.,2021-02
2021-02-20,Irrigation Required,INFO,All irrigated crops,High water demand today. Irrigate before 7am or after 6pm to reduce evaporation.,2021-02
2021-02-21,Irrigation Required,INFO,All irrigated crops,High water demand today. Irrigate before 7am or after 6pm to reduce evaporation.,2021-02
2021-02-22,Irrigation Required,INFO,All irrigated crops,High water demand today. Irrigate before 7am or after 6pm to reduce evaporation.,2021-02
2021-02-23,Irrigation Required,INFO,All irrigated crops,High water demand today. Irrigate before 7am or after 6pm to reduce evaporation.,2021-02
2021-02-24,Irrigation Required,INFO,All irrigated crops,High water demand today. Irrigate before 7am or after 6pm to reduce evaporation.,2021-02
2021-02-25,Dry Heat — Pest Risk,MEDIUM,"Cowpea, Sorghum",Dry heat favours aphids and thrips. Inspect crops. Consider neem spray.,2021-02
2021-02-25,Irrigation Required,INFO,All irrigated crops,High water demand today. Irrigate before 7am or after 6pm to reduce evaporation.,2021-02
2021-02-26,Dry Heat — Pest Risk,MEDIUM,"Cowpea, Sorghum",Dry heat favours aphids and thrips. Inspect crops. Consider neem spray.,2021-02
2021-02-26,Irrigation Required,INFO,All irrigated crops,High water demand today. Irrigate before 7am or after 6pm to reduce evaporation.,2021-02
2021-02-27,Dry Heat — Pest Risk,MEDIUM,"Cowpea, Sorghum",Dry heat favours aphids and thrips. Inspect crops. Consider neem spray.,2021-02
2021-02-27,Irrigation Required,INFO,All irrigated crops,High water demand today. Irrigate before 7am or after 6pm to reduce evaporation.,2021-02
2021-02-28,Dry Heat — Pest Risk,MEDIUM,"Cowpea, Sorghum",Dry heat favours aphids and thrips. Inspect crops. Consider neem spray.,2021-02
2021-02-28,Fire Risk Alert,HIGH,"All crops, grassland","High bushfire danger. Low humidity, hot and windy conditions. Do not burn.",2021-02
2021-02-28,Irrigation Required,INFO,All irrigated crops,High water demand today. Irrigate before 7am or after 6pm to reduce evaporation.,2021-02
2021-02-28,High Crop Stress,HIGH,All crops,"Crop stress is high today. Heat, dryness and wind are combined. Shade or irrigate.",2021-02
2021-03-01,Dry Heat — Pest Risk,MEDIUM,"Cowpea, Sorghum",Dry heat favours aphids and thrips. Inspect crops. Consider neem spray.,2021-03
2021-03-01,Fire Risk Alert,HIGH,"All crops, grassland","High bushfire danger. Low humidity, hot and windy conditions. Do not burn.",2021-03
2021-03-01,Irrigation Required,INFO,All irrigated crops,High water demand today. Irrigate before 7am or after 6pm to reduce evaporation.,2021-03
2021-03-01,High Crop Stress,HIGH,All crops,"Crop stress is high today. Heat, dryness and wind are combined. Shade or irrigate.",2021-03
2021-03-03,Dry Heat — Pest Risk,MEDIUM,"Cowpea, Sorghum",Dry heat favours aphids and thrips. Inspect crops. Consider neem spray.,2021-03
2021-03-03,Fire Risk Alert,HIGH,"All crops, grassland","High bushfire danger. Low humidity, hot and windy conditions. Do not burn.",2021-03
2021-03-03,Irrigation Required,INFO,All irrigated crops,High water demand today. Irrigate before 7am or after 6pm to reduce evaporation.,2021-03
2021-03-03,High Crop Stress,HIGH,All crops,"Crop stress is high today. Heat, dryness and wind are combined. Shade or irrigate.",2021-03
2021-03-04,Dry Heat — Pest Risk,MEDIUM,"Cowpea, Sorghum",Dry heat favours aphids and thrips. Inspect crops. Consider neem spray.,2021-03
2021-03-04,Fire Risk Alert,HIGH,"All crops, grassland","High bushfire danger. Low humidity, hot and windy conditions. Do not burn.",2021-03
2021-03-04,Irrigation Required,INFO,All irrigated crops,High water demand today. Irrigate before 7am or after 6pm to reduce evaporation.,2021-03
2021-03-04,High Crop Stress,HIGH,All crops,"Crop stress is high today. Heat, dryness and wind are combined. Shade or irrigate.",2021-03
2021-03-05,Dry Heat — Pest Risk,MEDIUM,"Cowpea, Sorghum",Dry heat favours aphids and thrips. Inspect crops. Consider neem spray.,2021-03
2021-03-05,Fire Risk Alert,HIGH,"All crops, grassland","High bushfire danger. Low humidity, hot and windy conditions. Do not burn.",2021-03
2021-03-05,Irrigation Required,INFO,All irrigated crops,High water demand today. Irrigate before 7am or after 6pm to reduce evaporation.,2021-03
2021-03-05,High Crop Stress,HIGH,All crops,"Crop stress is high today. Heat, dryness and wind are combined. Shade or irrigate.",2021-03
2021-03-06,Dry Heat — Pest Risk,MEDIUM,"Cowpea, Sorghum",Dry heat favours aphids and thrips. Inspect crops. Consider neem spray.,2021-03
2021-03-06,Fire Risk Alert,HIGH,"All crops, grassland","High bushfire danger. Low humidity, hot and windy conditions. Do not burn.",2021-03
2021-03-06,Irrigation Required,INFO,All irrigated crops,High water demand today. Irrigate before 7am or after 6pm to reduce evaporation.,2021-03
2021-03-06,High Crop Stress,HIGH,All crops,"Crop stress is high today. Heat, dryness and wind are combined. Shade or irrigate.",2021-03
2021-03-07,Heat Stress,HIGH,"Cowpea, Groundnut, Maize",Extreme heat may cause flower drop and yield loss. Irrigate in the evening.,2021-03
2021-03-07,Dry Heat — Pest Risk,MEDIUM,"Cowpea, Sorghum",Dry heat favours aphids and thrips. Inspect crops. Consider neem spray.,2021-03
2021-03-07,Fire Risk Alert,HIGH,"All crops, grassland","High bushfire danger. Low humidity, hot and windy conditions. Do not burn.",2021-03
2021-03-07,Irrigation Required,INFO,All irrigated crops,High water demand today. Irrigate before 7am or after 6pm to reduce evaporation.,2021-03
2021-03-07,High Crop Stress,HIGH,All crops,"Crop stress is high today. Heat, dryness and wind are combined. Shade or irrigate.",2021-03
2021-03-08,Heat Stress,HIGH,"Cowpea, Groundnut, Maize",Extreme heat may cause flower drop and yield loss. Irrigate in the evening.,2021-03
2021-03-08,Dry Heat — Pest Risk,MEDIUM,"Cowpea, Sorghum",Dry heat favours aphids and thrips. Inspect crops. Consider neem spray.,2021-03
2021-03-08,Fire Risk Alert,HIGH,"All crops, grassland","High bushfire danger. Low humidity, hot and windy conditions. Do not burn.",2021-03
2021-03-08,Irrigation Required,INFO,All irrigated crops,High water demand today. Irrigate before 7am or after 6pm to reduce evaporation.,2021-03
2021-03-08,High Crop Stress,HIGH,All crops,"Crop stress is high today. Heat, dryness and wind are combined. Shade or irrigate.",2021-03
2021-03-09,Heat Stress,HIGH,"Cowpea, Groundnut, Maize",Extreme heat may cause flower drop and yield loss. Irrigate in the evening.,2021-03
2021-03-09,Dry Heat — Pest Risk,MEDIUM,"Cowpea, Sorghum",Dry heat favours aphids and thrips. Inspect crops. Consider neem spray.,2021-03
2021-03-09,Fire Risk Alert,HIGH,"All crops, grassland","High bushfire danger. Low humidity, hot and windy conditions. Do not burn.",2021-03
2021-03-09,Irrigation Required,INFO,All irrigated crops,High water demand today. Irrigate before 7am or after 6pm to reduce evaporation.,2021-03
2021-03-09,High Crop Stress,HIGH,All crops,"Crop stress is high today. Heat, dryness and wind are combined. Shade or irrigate.",2021-03
2021-03-10,Heat Stress,HIGH,"Cowpea, Groundnut, Maize",Extreme heat may cause flower drop and yield loss. Irrigate in the evening.,2021-03
2021-03-10,Dry Heat — Pest Risk,MEDIUM,"Cowpea, Sorghum",Dry heat favours aphids and thrips. Inspect crops. Consider neem spray.,2021-03
2021-03-10,Fire Risk Alert,HIGH,"All crops, grassland","High bushfire danger. Low humidity, hot and windy conditions. Do not burn.",2021-03
2021-03-10,Irrigation Required,INFO,All irrigated crops,High water demand today. Irrigate before 7am or after 6pm to reduce evaporation.,2021-03
2021-03-10,High Crop Stress,HIGH,All crops,"Crop stress is high today. Heat, dryness and wind are combined. Shade or irrigate.",2021-03
2021-03-11,Heat Stress,HIGH,"Cowpea, Groundnut, Maize",Extreme heat may cause flower drop and yield loss. Irrigate in the evening.,2021-03
2021-03-11,Dry Heat — Pest Risk,MEDIUM,"Cowpea, Sorghum",Dry heat favours aphids and thrips. Inspect crops. Consider neem spray.,2021-03
2021-03-11,Fire Risk Alert,HIGH,"All crops, grassland","High bushfire danger. Low humidity, hot and windy conditions. Do not burn.",2021-03
2021-03-11,Irrigation Required,INFO,All irrigated crops,High water demand today. Irrigate before 7am or after 6pm to reduce evaporation.,2021-03
2021-03-11,High Crop Stress,HIGH,All crops,"Crop stress is high today. Heat, dryness and wind are combined. Shade or irrigate.",2021-03
2021-03-12,Heat Stress,HIGH,"Cowpea, Groundnut, Maize",Extreme heat may cause flower drop and yield loss. Irrigate in the evening.,2021-03
2021-03-12,Dry Heat — Pest Risk,MEDIUM,"Cowpea, Sorghum",Dry heat favours aphids and thrips. Inspect crops. Consider neem spray.,2021-03
2021-03-12,Fire Risk Alert,HIGH,"All crops, grassland","High bushfire danger. Low humidity, hot and windy conditions. Do not burn.",2021-03
2021-03-12,Irrigation Required,INFO,All irrigated crops,High water demand today. Irrigate before 7am or after 6pm to reduce evaporation.,2021-03
2021-03-12,High Crop Stress,HIGH,All crops,"Crop stress is high today. Heat, dryness and wind are combined. Shade or irrigate.",2021-03
2021-03-13,Heat Stress,HIGH,"Cowpea, Groundnut, Maize",Extreme heat may cause flower drop and yield loss. Irrigate in the evening.,2021-03
2021-03-13,Dry Heat — Pest Risk,MEDIUM,"Cowpea, Sorghum",Dry heat favours aphids and thrips. Inspect crops. Consider neem spray.,2021-03
2021-03-13,Fire Risk Alert,HIGH,"All crops, grassland","High bushfire danger. Low humidity, hot and windy conditions. Do not burn.",2021-03
2021-03-13,Irrigation Required,INFO,All irrigated crops,High water demand today. Irrigate before 7am or after 6pm to reduce evaporation.,2021-03
2021-03-13,High Crop Stress,HIGH,All crops,"Crop stress is high today. Heat, dryness and wind are combined. Shade or irrigate.",2021-03
2021-03-14,Heat Stress,HIGH,"Cowpea, Groundnut, Maize",Extreme heat may cause flower drop and yield loss. Irrigate in the evening.,2021-03
2021-03-14,Dry Heat — Pest Risk,MEDIUM,"Cowpea, Sorghum",Dry heat favours aphids and thrips. Inspect crops. Consider neem spray.,2021-03
2021-03-14,Irrigation Required,INFO,All irrigated crops,High water demand today. Irrigate before 7am or after 6pm to reduce evaporation.,2021-03
2021-03-14,High Crop Stress,HIGH,All crops,"Crop stress is high today. Heat, dryness and wind are combined. Shade or irrigate.",2021-03
2021-03-15,Heat Stress,HIGH,"Cowpea, Groundnut, Maize",Extreme heat may cause flower drop and yield loss. Irrigate in the evening.,2021-03
2021-03-15,Dry Heat — Pest Risk,MEDIUM,"Cowpea, Sorghum",Dry heat favours aphids and thrips. Inspect crops. Consider neem spray.,2021-03
2021-03-15,Irrigation Required,INFO,All irrigated crops,High water demand today. Irrigate before 7am or after 6pm to reduce evaporation.,2021-03
2021-03-15,High Crop Stress,HIGH,All crops,"Crop stress is high today. Heat, dryness and wind are combined. Shade or irrigate.",2021-03
2021-03-16,Heat Stress,HIGH,"Cowpea, Groundnut, Maize",Extreme heat may cause flower drop and yield loss. Irrigate in the evening.,2021-03
2021-03-16,Dry Heat — Pest Risk,MEDIUM,"Cowpea, Sorghum",Dry heat favours aphids and thrips. Inspect crops. Consider neem spray.,2021-03
2021-03-16,Irrigation Required,INFO,All irrigated crops,High water demand today. Irrigate before 7am or after 6pm to reduce evaporation.,2021-03
2021-03-16,High Crop Stress,HIGH,All crops,"Crop stress is high today. Heat, dryness and wind are combined. Shade or irrigate.",2021-03
2021-03-17,Heat Stress,HIGH,"Cowpea, Groundnut, Maize",Extreme heat may cause flower drop and yield loss. Irrigate in the evening.,2021-03
2021-03-17,Dry Heat — Pest Risk,MEDIUM,"Cowpea, Sorghum",Dry heat favours aphids and thrips. Inspect crops. Consider neem spray.,2021-03
2021-03-17,Irrigation Required,INFO,All irrigated crops,High water demand today. Irrigate before 7am or after 6pm to reduce evaporation.,2021-03
2021-03-17,High Crop Stress,HIGH,All crops,"Crop stress is high today. Heat, dryness and wind are combined. Shade or irrigate.",2021-03
2021-03-18,Heat Stress,HIGH,"Cowpea, Groundnut, Maize",Extreme heat may cause flower drop and yield loss. Irrigate in the evening.,2021-03
2021-03-18,Dry Heat — Pest Risk,MEDIUM,"Cowpea, Sorghum",Dry heat favours aphids and thrips. Inspect crops. Consider neem spray.,2021-03
2021-03-18,Irrigation Required,INFO,All irrigated crops,High water demand today. Irrigate before 7am or after 6pm to reduce evaporation.,2021-03
2021-03-18,High Crop Stress,HIGH,All crops,"Crop stress is high today. Heat, dryness and wind are combined. Shade or irrigate.",2021-03
2021-03-19,Heat Stress,HIGH,"Cowpea, Groundnut, Maize",Extreme heat may cause flower drop and yield loss. Irrigate in the evening.,2021-03
2021-03-19,Dry Heat — Pest Risk,MEDIUM,"Cowpea, Sorghum",Dry heat favours aphids and thrips. Inspect crops. Consider neem spray.,2021-03
2021-03-19,Irrigation Required,INFO,All irrigated crops,High water demand today. Irrigate before 7am or after 6pm to reduce evaporation.,2021-03
2021-03-19,High Crop Stress,HIGH,All crops,"Crop stress is high today. Heat, dryness and wind are combined. Shade or irrigate.",2021-03
2021-03-20,Heat Stress,HIGH,"Cowpea, Groundnut, Maize",Extreme heat may cause flower drop and yield loss. Irrigate in the evening.,2021-03
2021-03-20,Dry Heat — Pest Risk,MEDIUM,"Cowpea, Sorghum",Dry heat favours aphids and thrips. Inspect crops. Consider neem spray.,2021-03
2021-03-20,Irrigation Required,INFO,All irrigated crops,High water demand today. Irrigate before 7am or after 6pm to reduce evaporation.,2021-03
2021-03-20,High Crop Stress,HIGH,All crops,"Crop stress is high today. Heat, dryness and wind are combined. Shade or irrigate.",2021-03
2021-03-21,Heat Stress,HIGH,"Cowpea, Groundnut, Maize",Extreme heat may cause flower drop and yield loss. Irrigate in the evening.,2021-03
2021-03-21,Dry Heat — Pest Risk,MEDIUM,"Cowpea, Sorghum",Dry heat favours aphids and thrips. Inspect crops. Consider neem spray.,2021-03
2021-03-21,Irrigation Required,INFO,All irrigated crops,High water demand today. Irrigate before 7am or after 6pm to reduce evaporation.,2021-03
2021-03-21,High Crop Stress,HIGH,All crops,"Crop stress is high today. Heat, dryness and wind are combined. Shade or irrigate.",2021-03
2021-03-22,Heat Stress,HIGH,"Cowpea, Groundnut, Maize",Extreme heat may cause flower drop and yield loss. Irrigate in the evening.,2021-03
2021-03-22,Dry Heat — Pest Risk,MEDIUM,"Cowpea, Sorghum",Dry heat favours aphids and thrips. Inspect crops. Consider neem spray.,2021-03
2021-03-22,Fire Risk Alert,HIGH,"All crops, grassland","High bushfire danger. Low humidity, hot and windy conditions. Do not burn.",2021-03
2021-03-22,Irrigation Required,INFO,All irrigated crops,High water demand today. Irrigate before 7am or after 6pm to reduce evaporation.,2021-03
2021-03-22,High Crop Stress,HIGH,All crops,"Crop stress is high today. Heat, dryness and wind are combined. Shade or irrigate.",2021-03
2021-03-23,Heat Stress,HIGH,"Cowpea, Groundnut, Maize",Extreme heat may cause flower drop and yield loss. Irrigate in the evening.,2021-03
2021-03-23,Dry Heat — Pest Risk,MEDIUM,"Cowpea, Sorghum",Dry heat favours aphids and thrips. Inspect crops. Consider neem spray.,2021-03
2021-03-23,Irrigation Required,INFO,All irrigated crops,High water demand today. Irrigate before 7am or after 6pm to reduce evaporation.,2021-03
2021-03-24,Heat Stress,HIGH,"Cowpea, Groundnut, Maize",Extreme heat may cause flower drop and yield loss. Irrigate in the evening.,2021-03
2021-03-24,Dry Heat — Pest Risk,MEDIUM,"Cowpea, Sorghum",Dry heat favours aphids and thrips. Inspect crops. Consider neem spray.,2021-03
2021-03-24,Irrigation Required,INFO,All irrigated crops,High water demand today. Irrigate before 7am or after 6pm to reduce evaporation.,2021-03
2021-03-24,High Crop Stress,HIGH,All crops,"Crop stress is high today. Heat, dryness and wind are combined. Shade or irrigate.",2021-03
2021-03-25,Dry Heat — Pest Risk,MEDIUM,"Cowpea, Sorghum",Dry heat favours aphids and thrips. Inspect crops. Consider neem spray.,2021-03
2021-03-25,Fire Risk Alert,HIGH,"All crops, grassland","High bushfire danger. Low humidity, hot and windy conditions. Do not burn.",2021-03
2021-03-25,Irrigation Required,INFO,All irrigated crops,High water demand today. Irrigate before 7am or after 6pm to reduce evaporation.,2021-03
2021-03-25,High Crop Stress,HIGH,All crops,"Crop stress is high today. Heat, dryness and wind are combined. Shade or irrigate.",2021-03
2021-03-26,Dry Heat — Pest Risk,MEDIUM,"Cowpea, Sorghum",Dry heat favours aphids and thrips. Inspect crops. Consider neem spray.,2021-03
2021-03-26,Fire Risk Alert,HIGH,"All crops, grassland","High bushfire danger. Low humidity, hot and windy conditions. Do not burn.",2021-03
2021-03-26,Irrigation Required,INFO,All irrigated crops,High water demand today. Irrigate before 7am or after 6pm to reduce evaporation.,2021-03
2021-03-26,High Crop Stress,HIGH,All crops,"Crop stress is high today. Heat, dryness and wind are combined. Shade or irrigate.",2021-03
2021-03-27,Dry Heat — Pest Risk,MEDIUM,"Cowpea, Sorghum",Dry heat favours aphids and thrips. Inspect crops. Consider neem spray.,2021-03
2021-03-27,Fire Risk Alert,HIGH,"All crops, grassland","High bushfire danger. Low humidity, hot and windy conditions. Do not burn.",2021-03
2021-03-27,Irrigation Required,INFO,All irrigated crops,High water demand today. Irrigate before 7am or after 6pm to reduce evaporation.,2021-03
2021-03-27,High Crop Stress,HIGH,All crops,"Crop stress is high today. Heat, dryness and wind are combined. Shade or irrigate.",2021-03
2021-03-28,Dry Heat — Pest Risk,MEDIUM,"Cowpea, Sorghum",Dry heat favours aphids and thrips. Inspect crops. Consider neem spray.,2021-03
2021-03-28,Fire Risk Alert,HIGH,"All crops, grassland","High bushfire danger. Low humidity, hot and windy conditions. Do not burn.",2021-03
2021-03-28,Irrigation Required,INFO,All irrigated crops,High water demand today. Irrigate before 7am or after 6pm to reduce evaporation.,2021-03
2021-03-28,High Crop Stress,HIGH,All crops,"Crop stress is high today. Heat, dryness and wind are combined. Shade or irrigate.",2021-03
2021-03-29,Dry Heat — Pest Risk,MEDIUM,"Cowpea, Sorghum",Dry heat favours aphids and thrips. Inspect crops. Consider neem spray.,2021-03
2021-03-29,Irrigation Required,INFO,All irrigated crops,High water demand today. Irrigate before 7am or after 6pm to reduce evaporation.,2021-03
2021-03-29,High Crop Stress,HIGH,All crops,"Crop stress is high today. Heat, dryness and wind are combined. Shade or irrigate.",2021-03
2021-03-30,Dry Heat — Pest Risk,MEDIUM,"Cowpea, Sorghum",Dry heat favours aphids and thrips. Inspect crops. Consider neem spray.,2021-03
2021-03-30,Fire Risk Alert,HIGH,"All crops, grassland","High bushfire danger. Low humidity, hot and windy conditions. Do not burn.",2021-03
2021-03-30,Irrigation Required,INFO,All irrigated crops,High water demand today. Irrigate before 7am or after 6pm to reduce evaporation.,2021-03
2021-03-30,High Crop Stress,HIGH,All crops,"Crop stress is high today. Heat, dryness and wind are combined. Shade or irrigate.",2021-03
2021-03-31,Dry Heat — Pest Risk,MEDIUM,"Cowpea, Sorghum",Dry heat favours aphids and thrips. Inspect crops. Consider neem spray.,2021-03
2021-03-31,Fire Risk Alert,HIGH,"All crops, grassland","High bushfire danger. Low humidity, hot and windy conditions. Do not burn.",2021-03
2021-03-31,Irrigation Required,INFO,All irrigated crops,High water demand today. Irrigate before 7am or after 6pm to reduce evaporation.,2021-03
2021-03-31,High Crop Stress,HIGH,All crops,"Crop stress is high today. Heat, dryness and wind are combined. Shade or irrigate.",2021-03
2021-04-01,Dry Heat — Pest Risk,MEDIUM,"Cowpea, Sorghum",Dry heat favours aphids and thrips. Inspect crops. Consider neem spray.,2021-04
2021-04-01,Fire Risk Alert,HIGH,"All crops, grassland","High bushfire danger. Low humidity, hot and windy conditions. Do not burn.",2021-04
2021-04-01,Irrigation Required,INFO,All irrigated crops,High water demand today. Irrigate before 7am or after 6pm to reduce evaporation.,2021-04
2021-04-01,High Crop Stress,HIGH,All crops,"Crop stress is high today. Heat, dryness and wind are combined. Shade or irrigate.",2021-04
2021-04-02,Dry Heat — Pest Risk,MEDIUM,"Cowpea, Sorghum",Dry heat favours aphids and thrips. Inspect crops. Consider neem spray.,2021-04
2021-04-02,Fire Risk Alert,HIGH,"All crops, grassland","High bushfire danger. Low humidity, hot and windy conditions. Do not burn.",2021-04
2021-04-02,Irrigation Required,INFO,All irrigated crops,High water demand today. Irrigate before 7am or after 6pm to reduce evaporation.,2021-04
2021-04-02,High Crop Stress,HIGH,All crops,"Crop stress is high today. Heat, dryness and wind are combined. Shade or irrigate.",2021-04
2021-04-03,Dry Heat — Pest Risk,MEDIUM,"Cowpea, Sorghum",Dry heat favours aphids and thrips. Inspect crops. Consider neem spray.,2021-04
2021-04-03,Fire Risk Alert,HIGH,"All crops, grassland","High bushfire danger. Low humidity, hot and windy conditions. Do not burn.",2021-04
2021-04-03,Irrigation Required,INFO,All irrigated crops,High water demand today. Irrigate before 7am or after 6pm to reduce evaporation.,2021-04
2021-04-03,High Crop Stress,HIGH,All crops,"Crop stress is high today. Heat, dryness and wind are combined. Shade or irrigate.",2021-04
2021-04-04,Heat Stress,HIGH,"Cowpea, Groundnut, Maize",Extreme heat may cause flower drop and yield loss. Irrigate in the evening.,2021-04
2021-04-04,Dry Heat — Pest Risk,MEDIUM,"Cowpea, Sorghum",Dry heat favours aphids and thrips. Inspect crops. Consider neem spray.,2021-04
2021-04-04,Fire Risk Alert,HIGH,"All crops, grassland","High bushfire danger. Low humidity, hot and windy conditions. Do not burn.",2021-04
2021-04-04,Irrigation Required,INFO,All irrigated crops,High water demand today. Irrigate before 7am or after 6pm to reduce evaporation.,2021-04
2021-04-04,High Crop Stress,HIGH,All crops,"Crop stress is high today. Heat, dryness and wind are combined. Shade or irrigate.",2021-04
2021-04-05,Heat Stress,HIGH,"Cowpea, Groundnut, Maize",Extreme heat may cause flower drop and yield loss. Irrigate in the evening.,2021-04
2021-04-05,Dry Heat — Pest Risk,MEDIUM,"Cowpea, Sorghum",Dry heat favours aphids and thrips. Inspect crops. Consider neem spray.,2021-04
2021-04-05,Fire Risk Alert,HIGH,"All crops, grassland","High bushfire danger. Low humidity, hot and windy conditions. Do not burn.",2021-04
2021-04-05,Irrigation Required,INFO,All irrigated crops,High water demand today. Irrigate before 7am or after 6pm to reduce evaporation.,2021-04
2021-04-05,High Crop Stress,HIGH,All crops,"Crop stress is high today. Heat, dryness and wind are combined. Shade or irrigate.",2021-04
2021-04-06,Heat Stress,HIGH,"Cowpea, Groundnut, Maize",Extreme heat may cause flower drop and yield loss. Irrigate in the evening.,2021-04
2021-04-06,Extreme Heat,CRITICAL,All crops,DANGER: Temperatures above 42°C. Emergency irrigation needed. Mulch immediately.,2021-04
2021-04-06,Dry Heat — Pest Risk,MEDIUM,"Cowpea, Sorghum",Dry heat favours aphids and thrips. Inspect crops. Consider neem spray.,2021-04
2021-04-06,Fire Risk Alert,HIGH,"All crops, grassland","High bushfire danger. Low humidity, hot and windy conditions. Do not burn.",2021-04
2021-04-06,Irrigation Required,INFO,All irrigated crops,High water demand today. Irrigate before 7am or after 6pm to reduce evaporation.,2021-04
2021-04-06,High Crop Stress,HIGH,All crops,"Crop stress is high today. Heat, dryness and wind are combined. Shade or irrigate.",2021-04
2021-04-07,Heat Stress,HIGH,"Cowpea, Groundnut, Maize",Extreme heat may cause flower drop and yield loss. Irrigate in the evening.,2021-04
2021-04-07,Extreme Heat,CRITICAL,All crops,DANGER: Temperatures above 42°C. Emergency irrigation needed. Mulch immediately.,2021-04
2021-04-07,Dry Heat — Pest Risk,MEDIUM,"Cowpea, Sorghum",Dry heat favours aphids and thrips. Inspect crops. Consider neem spray.,2021-04
2021-04-07,Fire Risk Alert,HIGH,"All crops, grassland","High bushfire danger. Low humidity, hot and windy conditions. Do not burn.",2021-04
2021-04-07,Irrigation Required,INFO,All irrigated crops,High water demand today. Irrigate before 7am or after 6pm to reduce evaporation.,2021-04
2021-04-07,High Crop Stress,HIGH,All crops,"Crop stress is high today. Heat, dryness and wind are combined. Shade or irrigate.",2021-04
2021-04-08,Heat Stress,HIGH,"Cowpea, Groundnut, Maize",Extreme heat may cause flower drop and yield loss. Irrigate in the evening.,2021-04
2021-04-08,Dry Heat — Pest Risk,MEDIUM,"Cowpea, Sorghum",Dry heat favours aphids and thrips. Inspect crops. Consider neem spray.,2021-04
2021-04-08,Fire Risk Alert,HIGH,"All crops, grassland","High bushfire danger. Low humidity, hot and windy conditions. Do not burn.",2021-04
2021-04-08,Irrigation Required,INFO,All irrigated crops,High water demand today. Irrigate before 7am or after 6pm to reduce evaporation.,2021-04
2021-04-08,High Crop Stress,HIGH,All crops,"Crop stress is high today. Heat, dryness and wind are combined. Shade or irrigate.",2021-04
2021-04-09,Heat Stress,HIGH,"Cowpea, Groundnut, Maize",Extreme heat may cause flower drop and yield loss. Irrigate in the evening.,2021-04
2021-04-09,Dry Heat — Pest Risk,MEDIUM,"Cowpea, Sorghum",Dry heat favours aphids and thrips. Inspect crops. Consider neem spray.,2021-04
2021-04-09,Fire Risk Alert,HIGH,"All crops, grassland","High bushfire danger. Low humidity, hot and windy conditions. Do not burn.",2021-04
2021-04-09,Irrigation Required,INFO,All irrigated crops,High water demand today. Irrigate before 7am or after 6pm to reduce evaporation.,2021-04
2021-04-09,High Crop Stress,HIGH,All crops,"Crop stress is high today. Heat, dryness and wind are combined. Shade or irrigate.",2021-04
2021-04-10,Heat Stress,HIGH,"Cowpea, Groundnut, Maize",Extreme heat may cause flower drop and yield loss. Irrigate in the evening.,2021-04
2021-04-10,Dry Heat — Pest Risk,MEDIUM,"Cowpea, Sorghum",Dry heat favours aphids and thrips. Inspect crops. Consider neem spray.,2021-04
2021-04-10,Fire Risk Alert,HIGH,"All crops, grassland","High bushfire danger. Low humidity, hot and windy conditions. Do not burn.",2021-04
2021-04-10,Irrigation Required,INFO,All irrigated crops,High water demand today. Irrigate before 7am or after 6pm to reduce evaporation.,2021-04
2021-04-10,High Crop Stress,HIGH,All crops,"Crop stress is high today. Heat, dryness and wind are combined. Shade or irrigate.",2021-04
2021-04-11,Heat Stress,HIGH,"Cowpea, Groundnut, Maize",Extreme heat may cause flower drop and yield loss. Irrigate in the evening.,2021-04
2021-04-11,Dry Heat — Pest Risk,MEDIUM,"Cowpea, Sorghum",Dry heat favours aphids and thrips. Inspect crops. Consider neem spray.,2021-04
2021-04-11,Fire Risk Alert,HIGH,"All crops, grassland","High bushfire danger. Low humidity, hot and windy conditions. Do not burn.",2021-04
2021-04-11,Irrigation Required,INFO,All irrigated crops,High water demand today. Irrigate before 7am or after 6pm to reduce evaporation.,2021-04
2021-04-11,High Crop Stress,HIGH,All crops,"Crop stress is high today. Heat, dryness and wind are combined. Shade or irrigate.",2021-04
2021-04-12,Heat Stress,HIGH,"Cowpea, Groundnut, Maize",Extreme heat may cause flower drop and yield loss. Irrigate in the evening.,2021-04
2021-04-12,Dry Heat — Pest Risk,MEDIUM,"Cowpea, Sorghum",Dry heat favours aphids and thrips. Inspect crops. Consider neem spray.,2021-04
2021-04-12,Fire Risk Alert,HIGH,"All crops, grassland","High bushfire danger. Low humidity, hot and windy conditions. Do not burn.",2021-04
2021-04-12,Irrigation Required,INFO,All irrigated crops,High water demand today. Irrigate before 7am or after 6pm to reduce evaporation.,2021-04
2021-04-12,High Crop Stress,HIGH,All crops,"Crop stress is high today. Heat, dryness and wind are combined. Shade or irrigate.",2021-04
2021-04-13,Heat Stress,HIGH,"Cowpea, Groundnut, Maize",Extreme heat may cause flower drop and yield loss. Irrigate in the evening.,2021-04
2021-04-13,Dry Heat — Pest Risk,MEDIUM,"Cowpea, Sorghum",Dry heat favours aphids and thrips. Inspect crops. Consider neem spray.,2021-04
2021-04-13,Fire Risk Alert,HIGH,"All crops, grassland","High bushfire danger. Low humidity, hot and windy conditions. Do not burn.",2021-04
2021-04-13,Irrigation Required,INFO,All irrigated crops,High water demand today. Irrigate before 7am or after 6pm to reduce evaporation.,2021-04
2021-04-13,High Crop Stress,HIGH,All crops,"Crop stress is high today. Heat, dryness and wind are combined. Shade or irrigate.",2021-04
2021-04-14,Heat Stress,HIGH,"Cowpea, Groundnut, Maize",Extreme heat may cause flower drop and yield loss. Irrigate in the evening.,2021-04
2021-04-14,Extreme Heat,CRITICAL,All crops,DANGER: Temperatures above 42°C. Emergency irrigation needed. Mulch immediately.,2021-04
2021-04-14,Dry Heat — Pest Risk,MEDIUM,"Cowpea, Sorghum",Dry heat favours aphids and thrips. Inspect crops. Consider neem spray.,2021-04
2021-04-14,Irrigation Required,INFO,All irrigated crops,High water demand today. Irrigate before 7am or after 6pm to reduce evaporation.,2021-04
2021-04-14,High Crop Stress,HIGH,All crops,"Crop stress is high today. Heat, dryness and wind are combined. Shade or irrigate.",2021-04
2021-04-15,Heat Stress,HIGH,"Cowpea, Groundnut, Maize",Extreme heat may cause flower drop and yield loss. Irrigate in the evening.,2021-04
2021-04-15,Dry Heat — Pest Risk,MEDIUM,"Cowpea, Sorghum",Dry heat favours aphids and thrips. Inspect crops. Consider neem spray.,2021-04
2021-04-15,Fire Risk Alert,HIGH,"All crops, grassland","High bushfire danger. Low humidity, hot and windy conditions. Do not burn.",2021-04
2021-04-15,Irrigation Required,INFO,All irrigated crops,High water demand today. Irrigate before 7am or after 6pm to reduce evaporation.,2021-04
2021-04-15,High Crop Stress,HIGH,All crops,"Crop stress is high today. Heat, dryness and wind are combined. Shade or irrigate.",2021-04
2021-04-16,Heat Stress,HIGH,"Cowpea, Groundnut, Maize",Extreme heat may cause flower drop and yield loss. Irrigate in the evening.,2021-04
2021-04-16,Extreme Heat,CRITICAL,All crops,DANGER: Temperatures above 42°C. Emergency irrigation needed. Mulch immediately.,2021-04
2021-04-16,Dry Heat — Pest Risk,MEDIUM,"Cowpea, Sorghum",Dry heat favours aphids and thrips. Inspect crops. Consider neem spray.,2021-04
2021-04-16,Fire Risk Alert,HIGH,"All crops, grassland","High bushfire danger. Low humidity, hot and windy conditions. Do not burn.",2021-04
2021-04-16,Irrigation Required,INFO,All irrigated crops,High water demand today. Irrigate before 7am or after 6pm to reduce evaporation.,2021-04
2021-04-16,High Crop Stress,HIGH,All crops,"Crop stress is high today. Heat, dryness and wind are combined. Shade or irrigate.",2021-04
2021-04-17,Heat Stress,HIGH,"Cowpea, Groundnut, Maize",Extreme heat may cause flower drop and yield loss. Irrigate in the evening.,2021-04
2021-04-17,Dry Heat — Pest Risk,MEDIUM,"Cowpea, Sorghum",Dry heat favours aphids and thrips. Inspect crops. Consider neem spray.,2021-04
2021-04-17,Fire Risk Alert,HIGH,"All crops, grassland","High bushfire danger. Low humidity, hot and windy conditions. Do not burn.",2021-04
2021-04-17,Irrigation Required,INFO,All irrigated crops,High water demand today. Irrigate before 7am or after 6pm to reduce evaporation.,2021-04
2021-04-17,High Crop Stress,HIGH,All crops,"Crop stress is high today. Heat, dryness and wind are combined. Shade or irrigate.",2021-04
2021-04-18,Heat Stress,HIGH,"Cowpea, Groundnut, Maize",Extreme heat may cause flower drop and yield loss. Irrigate in the evening.,2021-04
2021-04-18,Dry Heat — Pest Risk,MEDIUM,"Cowpea, Sorghum",Dry heat favours aphids and thrips. Inspect crops. Consider neem spray.,2021-04
2021-04-18,Irrigation Required,INFO,All irrigated crops,High water demand today. Irrigate before 7am or after 6pm to reduce evaporation.,2021-04
2021-04-18,High Crop Stress,HIGH,All crops,"Crop stress is high today. Heat, dryness and wind are combined. Shade or irrigate.",2021-04
2021-04-19,Heat Stress,HIGH,"Cowpea, Groundnut, Maize",Extreme heat may cause flower drop and yield loss. Irrigate in the evening.,2021-04
2021-04-19,Dry Heat — Pest Risk,MEDIUM,"Cowpea, Sorghum",Dry heat favours aphids and thrips. Inspect crops. Consider neem spray.,2021-04
2021-04-19,Fire Risk Alert,HIGH,"All crops, grassland","High bushfire danger. Low humidity, hot and windy conditions. Do not burn.",2021-04
2021-04-19,Irrigation Required,INFO,All irrigated crops,High water demand today. Irrigate before 7am or after 6pm to reduce evaporation.,2021-04
2021-04-19,High Crop Stress,HIGH,All crops,"Crop stress is high today. Heat, dryness and wind are combined. Shade or irrigate.",2021-04
2021-04-20,Heat Stress,HIGH,"Cowpea, Groundnut, Maize",Extreme heat may cause flower drop and yield loss. Irrigate in the evening.,2021-04
2021-04-20,Dry Heat — Pest Risk,MEDIUM,"Cowpea, Sorghum",Dry heat favours aphids and thrips. Inspect crops. Consider neem spray.,2021-04
2021-04-20,Irrigation Required,INFO,All irrigated crops,High water demand today. Irrigate before 7am or after 6pm to reduce evaporation.,2021-04
2021-04-20,High Crop Stress,HIGH,All crops,"Crop stress is high today. Heat, dryness and wind are combined. Shade or irrigate.",2021-04
2021-04-21,Heat Stress,HIGH,"Cowpea, Groundnut, Maize",Extreme heat may cause flower drop and yield loss. Irrigate in the evening.,2021-04
2021-04-21,Dry Heat — Pest Risk,MEDIUM,"Cowpea, Sorghum",Dry heat favours aphids and thrips. Inspect crops. Consider neem spray.,2021-04
2021-04-21,Irrigation Required,INFO,All irrigated crops,High water demand today. Irrigate before 7am or after 6pm to reduce evaporation.,2021-04
2021-04-21,High Crop Stress,HIGH,All crops,"Crop stress is high today. Heat, dryness and wind are combined. Shade or irrigate.",2021-04
2021-04-22,Heat Stress,HIGH,"Cowpea, Groundnut, Maize",Extreme heat may cause flower drop and yield loss. Irrigate in the evening.,2021-04
2021-04-22,Dry Heat — Pest Risk,MEDIUM,"Cowpea, Sorghum",Dry heat favours aphids and thrips. Inspect crops. Consider neem spray.,2021-04
2021-04-22,Irrigation Required,INFO,All irrigated crops,High water demand today. Irrigate before 7am or after 6pm to reduce evaporation.,2021-04
2021-04-22,High Crop Stress,HIGH,All crops,"Crop stress is high today. Heat, dryness and wind are combined. Shade or irrigate.",2021-04
2021-04-23,Heat Stress,HIGH,"Cowpea, Groundnut, Maize",Extreme heat may cause flower drop and yield loss. Irrigate in the evening.,2021-04
2021-04-23,Dry Heat — Pest Risk,MEDIUM,"Cowpea, Sorghum",Dry heat favours aphids and thrips. Inspect crops. Consider neem spray.,2021-04
2021-04-23,Irrigation Required,INFO,All irrigated crops,High water demand today. Irrigate before 7am or after 6pm to reduce evaporation.,2021-04
2021-04-23,High Crop Stress,HIGH,All crops,"Crop stress is high today. Heat, dryness and wind are combined. Shade or irrigate.",2021-04
2021-04-24,Heat Stress,HIGH,"Cowpea, Groundnut, Maize",Extreme heat may cause flower drop and yield loss. Irrigate in the evening.,2021-04
2021-04-24,Dry Heat — Pest Risk,MEDIUM,"Cowpea, Sorghum",Dry heat favours aphids and thrips. Inspect crops. Consider neem spray.,2021-04
2021-04-24,Irrigation Required,INFO,All irrigated crops,High water demand today. Irrigate before 7am or after 6pm to reduce evaporation.,2021-04
2021-04-25,Heat Stress,HIGH,"Cowpea, Groundnut, Maize",Extreme heat may cause flower drop and yield loss. Irrigate in the evening.,2021-04
2021-04-25,Dry Heat — Pest Risk,MEDIUM,"Cowpea, Sorghum",Dry heat favours aphids and thrips. Inspect crops. Consider neem spray.,2021-04
2021-04-25,Irrigation Required,INFO,All irrigated crops,High water demand today. Irrigate before 7am or after 6pm to reduce evaporation.,2021-04
2021-04-26,Heat Stress,HIGH,"Cowpea, Groundnut, Maize",Extreme heat may cause flower drop and yield loss. Irrigate in the evening.,2021-04
2021-04-26,Extreme Heat,CRITICAL,All crops,DANGER: Temperatures above 42°C. Emergency irrigation needed. Mulch immediately.,2021-04
2021-04-26,Dry Heat — Pest Risk,MEDIUM,"Cowpea, Sorghum",Dry heat favours aphids and thrips. Inspect crops. Consider neem spray.,2021-04
2021-04-26,Irrigation Required,INFO,All irrigated crops,High water demand today. Irrigate before 7am or after 6pm to reduce evaporation.,2021-04
2021-04-26,High Crop Stress,HIGH,All crops,"Crop stress is high today. Heat, dryness and wind are combined. Shade or irrigate.",2021-04
2021-04-27,Heat Stress,HIGH,"Cowpea, Groundnut, Maize",Extreme heat may cause flower drop and yield loss. Irrigate in the evening.,2021-04
2021-04-27,Dry Heat — Pest Risk,MEDIUM,"Cowpea, Sorghum",Dry heat favours aphids and thrips. Inspect crops. Consider neem spray.,2021-04
2021-04-27,Fire Risk Alert,HIGH,"All crops, grassland","High bushfire danger. Low humidity, hot and windy conditions. Do not burn.",2021-04
2021-04-27,Irrigation Required,INFO,All irrigated crops,High water demand today. Irrigate before 7am or after 6pm to reduce evaporation.,2021-04
2021-04-27,High Crop Stress,HIGH,All crops,"Crop stress is high today. Heat, dryness and wind are combined. Shade or irrigate.",2021-04
2021-04-28,Heat Stress,HIGH,"Cowpea, Groundnut, Maize",Extreme heat may cause flower drop and yield loss. Irrigate in the evening.,2021-04
2021-04-28,Dry Heat — Pest Risk,MEDIUM,"Cowpea, Sorghum",Dry heat favours aphids and thrips. Inspect crops. Consider neem spray.,2021-04
2021-04-28,Fire Risk Alert,HIGH,"All crops, grassland","High bushfire danger. Low humidity, hot and windy conditions. Do not burn.",2021-04
2021-04-28,Irrigation Required,INFO,All irrigated crops,High water demand today. Irrigate before 7am or after 6pm to reduce evaporation.,2021-04
2021-04-28,High Crop Stress,HIGH,All crops,"Crop stress is high today. Heat, dryness and wind are combined. Shade or irrigate.",2021-04
2021-04-29,Heat Stress,HIGH,"Cowpea, Groundnut, Maize",Extreme heat may cause flower drop and yield loss. Irrigate in the evening.,2021-04
2021-04-29,Dry Heat — Pest Risk,MEDIUM,"Cowpea, Sorghum",Dry heat favours aphids and thrips. Inspect crops. Consider neem spray.,2021-04
2021-04-29,Irrigation Required,INFO,All irrigated crops,High water demand today. Irrigate before 7am or after 6pm to reduce evaporation.,2021-04
2021-04-29,High Crop Stress,HIGH,All crops,"Crop stress is high today. Heat, dryness and wind are combined. Shade or irrigate.",2021-04
2021-04-30,Heat Stress,HIGH,"Cowpea, Groundnut, Maize",Extreme heat may cause flower drop and yield loss. Irrigate in the evening.,2021-04
2021-04-30,Dry Heat — Pest Risk,MEDIUM,"Cowpea, Sorghum",Dry heat favours aphids and thrips. Inspect crops. Consider neem spray.,2021-04
2021-04-30,Fire Risk Alert,HIGH,"All crops, grassland","High bushfire danger. Low humidity, hot and windy conditions. Do not burn.",2021-04
2021-04-30,Irrigation Required,INFO,All irrigated crops,High water demand today. Irrigate before 7am or after 6pm to reduce evaporation.,2021-04
2021-04-30,High Crop Stress,HIGH,All crops,"Crop stress is high today. Heat, dryness and wind are combined. Shade or irrigate.",2021-04
2021-05-01,Heat Stress,HIGH,"Cowpea, Groundnut, Maize",Extreme heat may cause flower drop and yield loss. Irrigate in the evening.,2021-05
2021-05-01,Extreme Heat,CRITICAL,All crops,DANGER: Temperatures above 42°C. Emergency irrigation needed. Mulch immediately.,2021-05
2021-05-01,Dry Heat — Pest Risk,MEDIUM,"Cowpea, Sorghum",Dry heat favours aphids and thrips. Inspect crops. Consider neem spray.,2021-05
2021-05-01,Fire Risk Alert,HIGH,"All crops, grassland","High bushfire danger. Low humidity, hot and windy conditions. Do not burn.",2021-05
2021-05-01,Irrigation Required,INFO,All irrigated crops,High water demand today. Irrigate before 7am or after 6pm to reduce evaporation.,2021-05
2021-05-01,High Crop Stress,HIGH,All crops,"Crop stress is high today. Heat, dryness and wind are combined. Shade or irrigate.",2021-05
2021-05-02,Heat Stress,HIGH,"Cowpea, Groundnut, Maize",Extreme heat may cause flower drop and yield loss. Irrigate in the evening.,2021-05
2021-05-02,Dry Heat — Pest Risk,MEDIUM,"Cowpea, Sorghum",Dry heat favours aphids and thrips. Inspect crops. Consider neem spray.,2021-05
2021-05-02,Fire Risk Alert,HIGH,"All crops, grassland","High bushfire danger. Low humidity, hot and windy conditions. Do not burn.",2021-05
2021-05-02,Irrigation Required,INFO,All irrigated crops,High water demand today. Irrigate before 7am or after 6pm to reduce evaporation.,2021-05
2021-05-02,High Crop Stress,HIGH,All crops,"Crop stress is high today. Heat, dryness and wind are combined. Shade or irrigate.",2021-05
2021-05-03,Heat Stress,HIGH,"Cowpea, Groundnut, Maize",Extreme heat may cause flower drop and yield loss. Irrigate in the evening.,2021-05
2021-05-03,Dry Heat — Pest Risk,MEDIUM,"Cowpea, Sorghum",Dry heat favours aphids and thrips. Inspect crops. Consider neem spray.,2021-05
2021-05-03,Irrigation Required,INFO,All irrigated crops,High water demand today. Irrigate before 7am or after 6pm to reduce evaporation.,2021-05
2021-05-03,High Crop Stress,HIGH,All crops,"Crop stress is high today. Heat, dryness and wind are combined. Shade or irrigate.",2021-05
2021-05-04,Heat Stress,HIGH,"Cowpea, Groundnut, Maize",Extreme heat may cause flower drop and yield loss. Irrigate in the evening.,2021-05
2021-05-04,Dry Heat — Pest Risk,MEDIUM,"Cowpea, Sorghum",Dry heat favours aphids and thrips. Inspect crops. Consider neem spray.,2021-05
2021-05-04,Irrigation Required,INFO,All irrigated crops,High water demand today. Irrigate before 7am or after 6pm to reduce evaporation.,2021-05
2021-05-04,High Crop Stress,HIGH,All crops,"Crop stress is high today. Heat, dryness and wind are combined. Shade or irrigate.",2021-05
2021-05-05,Heat Stress,HIGH,"Cowpea, Groundnut, Maize",Extreme heat may cause flower drop and yield loss. Irrigate in the evening.,2021-05
2021-05-05,Dry Heat — Pest Risk,MEDIUM,"Cowpea, Sorghum",Dry heat favours aphids and thrips. Inspect crops. Consider neem spray.,2021-05
2021-05-05,Irrigation Required,INFO,All irrigated crops,High water demand today. Irrigate before 7am or after 6pm to reduce evaporation.,2021-05
2021-05-06,Heat Stress,HIGH,"Cowpea, Groundnut, Maize",Extreme heat may cause flower drop and yield loss. Irrigate in the evening.,2021-05
2021-05-06,Dry Heat — Pest Risk,MEDIUM,"Cowpea, Sorghum",Dry heat favours aphids and thrips. Inspect crops. Consider neem spray.,2021-05
2021-05-06,Fire Risk Alert,HIGH,"All crops, grassland","High bushfire danger. Low humidity, hot and windy conditions. Do not burn.",2021-05
2021-05-06,Irrigation Required,INFO,All irrigated crops,High water demand today. Irrigate before 7am or after 6pm to reduce evaporation.,2021-05
2021-05-06,High Crop Stress,HIGH,All crops,"Crop stress is high today. Heat, dryness and wind are combined. Shade or irrigate.",2021-05
2021-05-07,Heat Stress,HIGH,"Cowpea, Groundnut, Maize",Extreme heat may cause flower drop and yield loss. Irrigate in the evening.,2021-05
2021-05-07,Irrigation Required,INFO,All irrigated crops,High water demand today. Irrigate before 7am or after 6pm to reduce evaporation.,2021-05
2021-05-08,Heat Stress,HIGH,"Cowpea, Groundnut, Maize",Extreme heat may cause flower drop and yield loss. Irrigate in the evening.,2021-05
2021-05-08,Irrigation Required,INFO,All irrigated crops,High water demand today. Irrigate before 7am or after 6pm to reduce evaporation.,2021-05
2021-05-09,Heat Stress,HIGH,"Cowpea, Groundnut, Maize",Extreme heat may cause flower drop and yield loss. Irrigate in the evening.,2021-05
2021-05-10,Heat Stress,HIGH,"Cowpea, Groundnut, Maize",Extreme heat may cause flower drop and yield loss. Irrigate in the evening.,2021-05
2021-05-10,Irrigation Required,INFO,All irrigated crops,High water demand today. Irrigate before 7am or after 6pm to reduce evaporation.,2021-05
2021-05-11,Heat Stress,HIGH,"Cowpea, Groundnut, Maize",Extreme heat may cause flower drop and yield loss. Irrigate in the evening.,2021-05
2021-05-11,Irrigation Required,INFO,All irrigated crops,High water demand today. Irrigate before 7am or after 6pm to reduce evaporation.,2021-05
2021-05-12,Heat Stress,HIGH,"Cowpea, Groundnut, Maize",Extreme heat may cause flower drop and yield loss. Irrigate in the evening.,2021-05
2021-05-12,Dry Heat — Pest Risk,MEDIUM,"Cowpea, Sorghum",Dry heat favours aphids and thrips. Inspect crops. Consider neem spray.,2021-05
2021-05-12,Irrigation Required,INFO,All irrigated crops,High water demand today. Irrigate before 7am or after 6pm to reduce evaporation.,2021-05
2021-05-13,Heat Stress,HIGH,"Cowpea, Groundnut, Maize",Extreme heat may cause flower drop and yield loss. Irrigate in the evening.,2021-05
2021-05-13,Irrigation Required,INFO,All irrigated crops,High water demand today. Irrigate before 7am or after 6pm to reduce evaporation.,2021-05
2021-05-14,Heat Stress,HIGH,"Cowpea, Groundnut, Maize",Extreme heat may cause flower drop and yield loss. Irrigate in the evening.,2021-05
2021-05-14,Dry Heat — Pest Risk,MEDIUM,"Cowpea, Sorghum",Dry heat favours aphids and thrips. Inspect crops. Consider neem spray.,2021-05
2021-05-14,Irrigation Required,INFO,All irrigated crops,High water demand today. Irrigate before 7am or after 6pm to reduce evaporation.,2021-05
2021-05-15,Heat Stress,HIGH,"Cowpea, Groundnut, Maize",Extreme heat may cause flower drop and yield loss. Irrigate in the evening.,2021-05
2021-05-15,Dry Heat — Pest Risk,MEDIUM,"Cowpea, Sorghum",Dry heat favours aphids and thrips. Inspect crops. Consider neem spray.,2021-05
2021-05-15,Irrigation Required,INFO,All irrigated crops,High water demand today. Irrigate before 7am or after 6pm to reduce evaporation.,2021-05
2021-05-16,Heat Stress,HIGH,"Cowpea, Groundnut, Maize",Extreme heat may cause flower drop and yield loss. Irrigate in the evening.,2021-05
2021-05-16,Irrigation Required,INFO,All irrigated crops,High water demand today. Irrigate before 7am or after 6pm to reduce evaporation.,2021-05
2021-05-17,Heat Stress,HIGH,"Cowpea, Groundnut, Maize",Extreme heat may cause flower drop and yield loss. Irrigate in the evening.,2021-05
2021-05-17,Irrigation Required,INFO,All irrigated crops,High water demand today. Irrigate before 7am or after 6pm to reduce evaporation.,2021-05
2021-05-18,Heat Stress,HIGH,"Cowpea, Groundnut, Maize",Extreme heat may cause flower drop and yield loss. Irrigate in the evening.,2021-05
2021-05-18,Irrigation Required,INFO,All irrigated crops,High water demand today. Irrigate before 7am or after 6pm to reduce evaporation.,2021-05
2021-05-19,Heat Stress,HIGH,"Cowpea, Groundnut, Maize",Extreme heat may cause flower drop and yield loss. Irrigate in the evening.,2021-05
2021-05-19,Dry Heat — Pest Risk,MEDIUM,"Cowpea, Sorghum",Dry heat favours aphids and thrips. Inspect crops. Consider neem spray.,2021-05
2021-05-19,Irrigation Required,INFO,All irrigated crops,High water demand today. Irrigate before 7am or after 6pm to reduce evaporation.,2021-05
2021-05-19,High Crop Stress,HIGH,All crops,"Crop stress is high today. Heat, dryness and wind are combined. Shade or irrigate.",2021-05
2021-05-20,Heat Stress,HIGH,"Cowpea, Groundnut, Maize",Extreme heat may cause flower drop and yield loss. Irrigate in the evening.,2021-05
2021-05-20,Dry Heat — Pest Risk,MEDIUM,"Cowpea, Sorghum",Dry heat favours aphids and thrips. Inspect crops. Consider neem spray.,2021-05
2021-05-20,Irrigation Required,INFO,All irrigated crops,High water demand today. Irrigate before 7am or after 6pm to reduce evaporation.,2021-05
2021-05-20,High Crop Stress,HIGH,All crops,"Crop stress is high today. Heat, dryness and wind are combined. Shade or irrigate.",2021-05
2021-05-21,Heat Stress,HIGH,"Cowpea, Groundnut, Maize",Extreme heat may cause flower drop and yield loss. Irrigate in the evening.,2021-05
2021-05-21,Dry Heat — Pest Risk,MEDIUM,"Cowpea, Sorghum",Dry heat favours aphids and thrips. Inspect crops. Consider neem spray.,2021-05
2021-05-21,Irrigation Required,INFO,All irrigated crops,High water demand today. Irrigate before 7am or after 6pm to reduce evaporation.,2021-05
2021-05-22,Heat Stress,HIGH,"Cowpea, Groundnut, Maize",Extreme heat may cause flower drop and yield loss. Irrigate in the evening.,2021-05
2021-05-22,Irrigation Required,INFO,All irrigated crops,High water demand today. Irrigate before 7am or after 6pm to reduce evaporation.,2021-05
2021-05-23,Heat Stress,HIGH,"Cowpea, Groundnut, Maize",Extreme heat may cause flower drop and yield loss. Irrigate in the evening.,2021-05
2021-05-23,Extreme Heat,CRITICAL,All crops,DANGER: Temperatures above 42°C. Emergency irrigation needed. Mulch immediately.,2021-05
2021-05-23,Dry Heat — Pest Risk,MEDIUM,"Cowpea, Sorghum",Dry heat favours aphids and thrips. Inspect crops. Consider neem spray.,2021-05
2021-05-23,Irrigation Required,INFO,All irrigated crops,High water demand today. Irrigate before 7am or after 6pm to reduce evaporation.,2021-05
2021-05-23,High Crop Stress,HIGH,All crops,"Crop stress is high today. Heat, dryness and wind are combined. Shade or irrigate.",2021-05
2021-05-24,Heat Stress,HIGH,"Cowpea, Groundnut, Maize",Extreme heat may cause flower drop and yield loss. Irrigate in the evening.,2021-05
2021-05-24,Dry Heat — Pest Risk,MEDIUM,"Cowpea, Sorghum",Dry heat favours aphids and thrips. Inspect crops. Consider neem spray.,2021-05
2021-05-24,Irrigation Required,INFO,All irrigated crops,High water demand today. Irrigate before 7am or after 6pm to reduce evaporation.,2021-05
2021-05-24,High Crop Stress,HIGH,All crops,"Crop stress is high today. Heat, dryness and wind are combined. Shade or irrigate.",2021-05
2021-05-25,Heat Stress,HIGH,"Cowpea, Groundnut, Maize",Extreme heat may cause flower drop and yield loss. Irrigate in the evening.,2021-05
2021-05-25,Dry Heat — Pest Risk,MEDIUM,"Cowpea, Sorghum",Dry heat favours aphids and thrips. Inspect crops. Consider neem spray.,2021-05
2021-05-25,Irrigation Required,INFO,All irrigated crops,High water demand today. Irrigate before 7am or after 6pm to reduce evaporation.,2021-05
2021-05-25,High Crop Stress,HIGH,All crops,"Crop stress is high today. Heat, dryness and wind are combined. Shade or irrigate.",2021-05
2021-05-26,Heat Stress,HIGH,"Cowpea, Groundnut, Maize",Extreme heat may cause flower drop and yield loss. Irrigate in the evening.,2021-05
2021-05-26,Dry Heat — Pest Risk,MEDIUM,"Cowpea, Sorghum",Dry heat favours aphids and thrips. Inspect crops. Consider neem spray.,2021-05
2021-05-26,Irrigation Required,INFO,All irrigated crops,High water demand today. Irrigate before 7am or after 6pm to reduce evaporation.,2021-05
2021-05-26,High Crop Stress,HIGH,All crops,"Crop stress is high today. Heat, dryness and wind are combined. Shade or irrigate.",2021-05
2021-05-27,Heat Stress,HIGH,"Cowpea, Groundnut, Maize",Extreme heat may cause flower drop and yield loss. Irrigate in the evening.,2021-05
2021-05-27,Dry Heat — Pest Risk,MEDIUM,"Cowpea, Sorghum",Dry heat favours aphids and thrips. Inspect crops. Consider neem spray.,2021-05
2021-05-27,Irrigation Required,INFO,All irrigated crops,High water demand today. Irrigate before 7am or after 6pm to reduce evaporation.,2021-05
2021-05-28,Heat Stress,HIGH,"Cowpea, Groundnut, Maize",Extreme heat may cause flower drop and yield loss. Irrigate in the evening.,2021-05
2021-05-28,Dry Heat — Pest Risk,MEDIUM,"Cowpea, Sorghum",Dry heat favours aphids and thrips. Inspect crops. Consider neem spray.,2021-05
2021-05-28,Irrigation Required,INFO,All irrigated crops,High water demand today. Irrigate before 7am or after 6pm to reduce evaporation.,2021-05
2021-05-29,Heat Stress,HIGH,"Cowpea, Groundnut, Maize",Extreme heat may cause flower drop and yield loss. Irrigate in the evening.,2021-05
2021-05-29,Dry Heat — Pest Risk,MEDIUM,"Cowpea, Sorghum",Dry heat favours aphids and thrips. Inspect crops. Consider neem spray.,2021-05
2021-05-29,Irrigation Required,INFO,All irrigated crops,High water demand today. Irrigate before 7am or after 6pm to reduce evaporation.,2021-05
2021-05-30,Heat Stress,HIGH,"Cowpea, Groundnut, Maize",Extreme heat may cause flower drop and yield loss. Irrigate in the evening.,2021-05
2021-05-30,Dry Heat — Pest Risk,MEDIUM,"Cowpea, Sorghum",Dry heat favours aphids and thrips. Inspect crops. Consider neem spray.,2021-05
2021-05-30,Irrigation Required,INFO,All irrigated crops,High water demand today. Irrigate before 7am or after 6pm to reduce evaporation.,2021-05
2021-05-30,High Crop Stress,HIGH,All crops,"Crop stress is high today. Heat, dryness and wind are combined. Shade or irrigate.",2021-05
2021-05-31,Heat Stress,HIGH,"Cowpea, Groundnut, Maize",Extreme heat may cause flower drop and yield loss. Irrigate in the evening.,2021-05
2021-05-31,Dry Heat — Pest Risk,MEDIUM,"Cowpea, Sorghum",Dry heat favours aphids and thrips. Inspect crops. Consider neem spray.,2021-05
2021-05-31,Fire Risk Alert,HIGH,"All crops, grassland","High bushfire danger. Low humidity, hot and windy conditions. Do not burn.",2021-05
2021-05-31,Irrigation Required,INFO,All irrigated crops,High water demand today. Irrigate before 7am or after 6pm to reduce evaporation.,2021-05
2021-05-31,High Crop Stress,HIGH,All crops,"Crop stress is high today. Heat, dryness and wind are combined. Shade or irrigate.",2021-05
2021-06-01,Heat Stress,HIGH,"Cowpea, Groundnut, Maize",Extreme heat may cause flower drop and yield loss. Irrigate in the evening.,2021-06
2021-06-01,Irrigation Required,INFO,All irrigated crops,High water demand today. Irrigate before 7am or after 6pm to reduce evaporation.,2021-06
2021-06-02,Irrigation Required,INFO,All irrigated crops,High water demand today. Irrigate before 7am or after 6pm to reduce evaporation.,2021-06
2021-06-03,Heat Stress,HIGH,"Cowpea, Groundnut, Maize",Extreme heat may cause flower drop and yield loss. Irrigate in the evening.,2021-06
2021-06-03,Irrigation Required,INFO,All irrigated crops,High water demand today. Irrigate before 7am or after 6pm to reduce evaporation.,2021-06
2021-06-10,Heat Stress,HIGH,"Cowpea, Groundnut, Maize",Extreme heat may cause flower drop and yield loss. Irrigate in the evening.,2021-06
2021-06-16,Planting Window Open,POSITIVE,"Millet, Sorghum, Cowpea",Good planting conditions. Soil warm and moisture adequate. Plant within 48 hours.,2021-06
2021-06-20,Planting Window Open,POSITIVE,"Millet, Sorghum, Cowpea",Good planting conditions. Soil warm and moisture adequate. Plant within 48 hours.,2021-06
2021-06-22,Rain Likely,INFO,All crops,Signs of approaching rain. Hold off irrigation and spraying today.,2021-06
2021-06-22,Planting Window Open,POSITIVE,"Millet, Sorghum, Cowpea",Good planting conditions. Soil warm and moisture adequate. Plant within 48 hours.,2021-06
2021-06-23,Planting Window Open,POSITIVE,"Millet, Sorghum, Cowpea",Good planting conditions. Soil warm and moisture adequate. Plant within 48 hours.,2021-06
2021-06-24,Planting Window Open,POSITIVE,"Millet, Sorghum, Cowpea",Good planting conditions. Soil warm and moisture adequate. Plant within 48 hours.,2021-06
2021-06-30,Planting Window Open,POSITIVE,"Millet, Sorghum, Cowpea",Good planting conditions. Soil warm and moisture adequate. Plant within 48 hours.,2021-06
2021-07-02,Planting Window Open,POSITIVE,"Millet, Sorghum, Cowpea",Good planting conditions. Soil warm and moisture adequate. Plant within 48 hours.,2021-07
2021-07-03,Planting Window Open,POSITIVE,"Millet, Sorghum, Cowpea",Good planting conditions. Soil warm and moisture adequate. Plant within 48 hours.,2021-07
2021-07-05,Wind Damage Risk,HIGH,All standing crops,Strong winds expected. Stake tall crops and secure structures.,2021-07
2021-07-08,Planting Window Open,POSITIVE,"Millet, Sorghum, Cowpea",Good planting conditions. Soil warm and moisture adequate. Plant within 48 hours.,2021-07
2021-07-09,Planting Window Open,POSITIVE,"Millet, Sorghum, Cowpea",Good planting conditions. Soil warm and moisture adequate. Plant within 48 hours.,2021-07
2021-07-10,Planting Window Open,POSITIVE,"Millet, Sorghum, Cowpea",Good planting conditions. Soil warm and moisture adequate. Plant within 48 hours.,2021-07
2021-07-11,Planting Window Open,POSITIVE,"Millet, Sorghum, Cowpea",Good planting conditions. Soil warm and moisture adequate. Plant within 48 hours.,2021-07
2021-07-12,Planting Window Open,POSITIVE,"Millet, Sorghum, Cowpea",Good planting conditions. Soil warm and moisture adequate. Plant within 48 hours.,2021-07
2021-07-13,Planting Window Open,POSITIVE,"Millet, Sorghum, Cowpea",Good planting conditions. Soil warm and moisture adequate. Plant within 48 hours.,2021-07
2021-07-14,Planting Window Open,POSITIVE,"Millet, Sorghum, Cowpea",Good planting conditions. Soil warm and moisture adequate. Plant within 48 hours.,2021-07
2021-07-15,Planting Window Open,POSITIVE,"Millet, Sorghum, Cowpea",Good planting conditions. Soil warm and moisture adequate. Plant within 48 hours.,2021-07
2021-07-16,Planting Window Open,POSITIVE,"Millet, Sorghum, Cowpea",Good planting conditions. Soil warm and moisture adequate. Plant within 48 hours.,2021-07
2021-07-17,Rain Likely,INFO,All crops,Signs of approaching rain. Hold off irrigation and spraying today.,2021-07
2021-07-17,Planting Window Open,POSITIVE,"Millet, Sorghum, Cowpea",Good planting conditions. Soil warm and moisture adequate. Plant within 48 hours.,2021-07
2021-07-19,Planting Window Open,POSITIVE,"Millet, Sorghum, Cowpea",Good planting conditions. Soil warm and moisture adequate. Plant within 48 hours.,2021-07
2021-07-20,Planting Window Open,POSITIVE,"Millet, Sorghum, Cowpea",Good planting conditions. Soil warm and moisture adequate. Plant within 48 hours.,2021-07
2021-07-21,Planting Window Open,POSITIVE,"Millet, Sorghum, Cowpea",Good planting conditions. Soil warm and moisture adequate. Plant within 48 hours.,2021-07
2021-07-22,Planting Window Open,POSITIVE,"Millet, Sorghum, Cowpea",Good planting conditions. Soil warm and moisture adequate. Plant within 48 hours.,2021-07
2021-07-23,Planting Window Open,POSITIVE,"Millet, Sorghum, Cowpea",Good planting conditions. Soil warm and moisture adequate. Plant within 48 hours.,2021-07
2021-07-24,Planting Window Open,POSITIVE,"Millet, Sorghum, Cowpea",Good planting conditions. Soil warm and moisture adequate. Plant within 48 hours.,2021-07
2021-07-25,Planting Window Open,POSITIVE,"Millet, Sorghum, Cowpea",Good planting conditions. Soil warm and moisture adequate. Plant within 48 hours.,2021-07
2021-07-26,Fungal Risk Spike,MEDIUM,"Tomato, Pepper, Onion",Heavy moist air detected. Check leaves for spots. Apply fungicide if needed.,2021-07
2021-07-27,Planting Window Open,POSITIVE,"Millet, Sorghum, Cowpea",Good planting conditions. Soil warm and moisture adequate. Plant within 48 hours.,2021-07
2021-07-29,Planting Window Open,POSITIVE,"Millet, Sorghum, Cowpea",Good planting conditions. Soil warm and moisture adequate. Plant within 48 hours.,2021-07
2021-07-30,Planting Window Open,POSITIVE,"Millet, Sorghum, Cowpea",Good planting conditions. Soil warm and moisture adequate. Plant within 48 hours.,2021-07
2021-07-31,Planting Window Open,POSITIVE,"Millet, Sorghum, Cowpea",Good planting conditions. Soil warm and moisture adequate. Plant within 48 hours.,2021-07
2021-08-01,Planting Window Open,POSITIVE,"Millet, Sorghum, Cowpea",Good planting conditions. Soil warm and moisture adequate. Plant within 48 hours.,2021-08
2021-08-02,Planting Window Open,POSITIVE,"Millet, Sorghum, Cowpea",Good planting conditions. Soil warm and moisture adequate. Plant within 48 hours.,2021-08
2021-08-03,Planting Window Open,POSITIVE,"Millet, Sorghum, Cowpea",Good planting conditions. Soil warm and moisture adequate. Plant within 48 hours.,2021-08
2021-08-04,Planting Window Open,POSITIVE,"Millet, Sorghum, Cowpea",Good planting conditions. Soil warm and moisture adequate. Plant within 48 hours.,2021-08
2021-08-05,Rain Likely,INFO,All crops,Signs of approaching rain. Hold off irrigation and spraying today.,2021-08
2021-08-05,Planting Window Open,POSITIVE,"Millet, Sorghum, Cowpea",Good planting conditions. Soil warm and moisture adequate. Plant within 48 hours.,2021-08
2021-08-06,Planting Window Open,POSITIVE,"Millet, Sorghum, Cowpea",Good planting conditions. Soil warm and moisture adequate. Plant within 48 hours.,2021-08
2021-08-07,Planting Window Open,POSITIVE,"Millet, Sorghum, Cowpea",Good planting conditions. Soil warm and moisture adequate. Plant within 48 hours.,2021-08
2021-08-08,Planting Window Open,POSITIVE,"Millet, Sorghum, Cowpea",Good planting conditions. Soil warm and moisture adequate. Plant within 48 hours.,2021-08
2021-08-09,Rain Likely,INFO,All crops,Signs of approaching rain. Hold off irrigation and spraying today.,2021-08
2021-08-09,Planting Window Open,POSITIVE,"Millet, Sorghum, Cowpea",Good planting conditions. Soil warm and moisture adequate. Plant within 48 hours.,2021-08
2021-08-10,Planting Window Open,POSITIVE,"Millet, Sorghum, Cowpea",Good planting conditions. Soil warm and moisture adequate. Plant within 48 hours.,2021-08
2021-08-11,Planting Window Open,POSITIVE,"Millet, Sorghum, Cowpea",Good planting conditions. Soil warm and moisture adequate. Plant within 48 hours.,2021-08
2021-08-12,Fungal Risk Spike,MEDIUM,"Tomato, Pepper, Onion",Heavy moist air detected. Check leaves for spots. Apply fungicide if needed.,2021-08
2021-08-13,Planting Window Open,POSITIVE,"Millet, Sorghum, Cowpea",Good planting conditions. Soil warm and moisture adequate. Plant within 48 hours.,2021-08
2021-08-14,Planting Window Open,POSITIVE,"Millet, Sorghum, Cowpea",Good planting conditions. Soil warm and moisture adequate. Plant within 48 hours.,2021-08
2021-08-15,Planting Window Open,POSITIVE,"Millet, Sorghum, Cowpea",Good planting conditions. Soil warm and moisture adequate. Plant within 48 hours.,2021-08
2021-08-16,Planting Window Open,POSITIVE,"Millet, Sorghum, Cowpea",Good planting conditions. Soil warm and moisture adequate. Plant within 48 hours.,2021-08
2021-08-17,Planting Window Open,POSITIVE,"Millet, Sorghum, Cowpea",Good planting conditions. Soil warm and moisture adequate. Plant within 48 hours.,2021-08
2021-08-18,Rain Likely,INFO,All crops,Signs of approaching rain. Hold off irrigation and spraying today.,2021-08
2021-08-18,Planting Window Open,POSITIVE,"Millet, Sorghum, Cowpea",Good planting conditions. Soil warm and moisture adequate. Plant within 48 hours.,2021-08
2021-08-19,Planting Window Open,POSITIVE,"Millet, Sorghum, Cowpea",Good planting conditions. Soil warm and moisture adequate. Plant within 48 hours.,2021-08
2021-08-20,Planting Window Open,POSITIVE,"Millet, Sorghum, Cowpea",Good planting conditions. Soil warm and moisture adequate. Plant within 48 hours.,2021-08
2021-08-21,Planting Window Open,POSITIVE,"Millet, Sorghum, Cowpea",Good planting conditions. Soil warm and moisture adequate. Plant within 48 hours.,2021-08
2021-08-22,Planting Window Open,POSITIVE,"Millet, Sorghum, Cowpea",Good planting conditions. Soil warm and moisture adequate. Plant within 48 hours.,2021-08
2021-08-23,Planting Window Open,POSITIVE,"Millet, Sorghum, Cowpea",Good planting conditions. Soil warm and moisture adequate. Plant within 48 hours.,2021-08
2021-08-24,Planting Window Open,POSITIVE,"Millet, Sorghum, Cowpea",Good planting conditions. Soil warm and moisture adequate. Plant within 48 hours.,2021-08
2021-08-25,Planting Window Open,POSITIVE,"Millet, Sorghum, Cowpea",Good planting conditions. Soil warm and moisture adequate. Plant within 48 hours.,2021-08
2021-08-26,Planting Window Open,POSITIVE,"Millet, Sorghum, Cowpea",Good planting conditions. Soil warm and moisture adequate. Plant within 48 hours.,2021-08
2021-08-27,Planting Window Open,POSITIVE,"Millet, Sorghum, Cowpea",Good planting conditions. Soil warm and moisture adequate. Plant within 48 hours.,2021-08
2021-08-28,Planting Window Open,POSITIVE,"Millet, Sorghum, Cowpea",Good planting conditions. Soil warm and moisture adequate. Plant within 48 hours.,2021-08
2021-08-29,Planting Window Open,POSITIVE,"Millet, Sorghum, Cowpea",Good planting conditions. Soil warm and moisture adequate. Plant within 48 hours.,2021-08
2021-08-30,Planting Window Open,POSITIVE,"Millet, Sorghum, Cowpea",Good planting conditions. Soil warm and moisture adequate. Plant within 48 hours.,2021-08
2021-08-31,Planting Window Open,POSITIVE,"Millet, Sorghum, Cowpea",Good planting conditions. Soil warm and moisture adequate. Plant within 48 hours.,2021-08
2021-09-01,Planting Window Open,POSITIVE,"Millet, Sorghum, Cowpea",Good planting conditions. Soil warm and moisture adequate. Plant within 48 hours.,2021-09
2021-09-02,Planting Window Open,POSITIVE,"Millet, Sorghum, Cowpea",Good planting conditions. Soil warm and moisture adequate. Plant within 48 hours.,2021-09
2021-09-03,Planting Window Open,POSITIVE,"Millet, Sorghum, Cowpea",Good planting conditions. Soil warm and moisture adequate. Plant within 48 hours.,2021-09
2021-09-04,Planting Window Open,POSITIVE,"Millet, Sorghum, Cowpea",Good planting conditions. Soil warm and moisture adequate. Plant within 48 hours.,2021-09
2021-09-05,Planting Window Open,POSITIVE,"Millet, Sorghum, Cowpea",Good planting conditions. Soil warm and moisture adequate. Plant within 48 hours.,2021-09
2021-09-06,Planting Window Open,POSITIVE,"Millet, Sorghum, Cowpea",Good planting conditions. Soil warm and moisture adequate. Plant within 48 hours.,2021-09
2021-09-07,Planting Window Open,POSITIVE,"Millet, Sorghum, Cowpea",Good planting conditions. Soil warm and moisture adequate. Plant within 48 hours.,2021-09
2021-09-08,Planting Window Open,POSITIVE,"Millet, Sorghum, Cowpea",Good planting conditions. Soil warm and moisture adequate. Plant within 48 hours.,2021-09
2021-09-09,Planting Window Open,POSITIVE,"Millet, Sorghum, Cowpea",Good planting conditions. Soil warm and moisture adequate. Plant within 48 hours.,2021-09
2021-09-10,Planting Window Open,POSITIVE,"Millet, Sorghum, Cowpea",Good planting conditions. Soil warm and moisture adequate. Plant within 48 hours.,2021-09
2021-09-11,Planting Window Open,POSITIVE,"Millet, Sorghum, Cowpea",Good planting conditions. Soil warm and moisture adequate. Plant within 48 hours.,2021-09
2021-09-12,Planting Window Open,POSITIVE,"Millet, Sorghum, Cowpea",Good planting conditions. Soil warm and moisture adequate. Plant within 48 hours.,2021-09
2021-09-13,Planting Window Open,POSITIVE,"Millet, Sorghum, Cowpea",Good planting conditions. Soil warm and moisture adequate. Plant within 48 hours.,2021-09
2021-09-14,Planting Window Open,POSITIVE,"Millet, Sorghum, Cowpea",Good planting conditions. Soil warm and moisture adequate. Plant within 48 hours.,2021-09
2021-09-15,Planting Window Open,POSITIVE,"Millet, Sorghum, Cowpea",Good planting conditions. Soil warm and moisture adequate. Plant within 48 hours.,2021-09
2021-09-16,Planting Window Open,POSITIVE,"Millet, Sorghum, Cowpea",Good planting conditions. Soil warm and moisture adequate. Plant within 48 hours.,2021-09
2021-09-17,Planting Window Open,POSITIVE,"Millet, Sorghum, Cowpea",Good planting conditions. Soil warm and moisture adequate. Plant within 48 hours.,2021-09
2021-09-18,Planting Window Open,POSITIVE,"Millet, Sorghum, Cowpea",Good planting conditions. Soil warm and moisture adequate. Plant within 48 hours.,2021-09
2021-09-19,Planting Window Open,POSITIVE,"Millet, Sorghum, Cowpea",Good planting conditions. Soil warm and moisture adequate. Plant within 48 hours.,2021-09
2021-09-20,Planting Window Open,POSITIVE,"Millet, Sorghum, Cowpea",Good planting conditions. Soil warm and moisture adequate. Plant within 48 hours.,2021-09
2021-09-21,Planting Window Open,POSITIVE,"Millet, Sorghum, Cowpea",Good planting conditions. Soil warm and moisture adequate. Plant within 48 hours.,2021-09
2021-09-22,Planting Window Open,POSITIVE,"Millet, Sorghum, Cowpea",Good planting conditions. Soil warm and moisture adequate. Plant within 48 hours.,2021-09
2021-09-23,Planting Window Open,POSITIVE,"Millet, Sorghum, Cowpea",Good planting conditions. Soil warm and moisture adequate. Plant within 48 hours.,2021-09
2021-09-24,Planting Window Open,POSITIVE,"Millet, Sorghum, Cowpea",Good planting conditions. Soil warm and moisture adequate. Plant within 48 hours.,2021-09
2021-09-25,Planting Window Open,POSITIVE,"Millet, Sorghum, Cowpea",Good planting conditions. Soil warm and moisture adequate. Plant within 48 hours.,2021-09
2021-09-26,Planting Window Open,POSITIVE,"Millet, Sorghum, Cowpea",Good planting conditions. Soil warm and moisture adequate. Plant within 48 hours.,2021-09
2021-09-27,Planting Window Open,POSITIVE,"Millet, Sorghum, Cowpea",Good planting conditions. Soil warm and moisture adequate. Plant within 48 hours.,2021-09
2021-09-28,Planting Window Open,POSITIVE,"Millet, Sorghum, Cowpea",Good planting conditions. Soil warm and moisture adequate. Plant within 48 hours.,2021-09
2021-09-29,Planting Window Open,POSITIVE,"Millet, Sorghum, Cowpea",Good planting conditions. Soil warm and moisture adequate. Plant within 48 hours.,2021-09
2021-09-30,Planting Window Open,POSITIVE,"Millet, Sorghum, Cowpea",Good planting conditions. Soil warm and moisture adequate. Plant within 48 hours.,2021-09
2021-10-01,Planting Window Open,POSITIVE,"Millet, Sorghum, Cowpea",Good planting conditions. Soil warm and moisture adequate. Plant within 48 hours.,2021-10
2021-10-02,Planting Window Open,POSITIVE,"Millet, Sorghum, Cowpea",Good planting conditions. Soil warm and moisture adequate. Plant within 48 hours.,2021-10
2021-10-07,Dry Heat — Pest Risk,MEDIUM,"Cowpea, Sorghum",Dry heat favours aphids and thrips. Inspect crops. Consider neem spray.,2021-10
2021-10-07,Irrigation Required,INFO,All irrigated crops,High water demand today. Irrigate before 7am or after 6pm to reduce evaporation.,2021-10
2021-10-08,Irrigation Required,INFO,All irrigated crops,High water demand today. Irrigate before 7am or after 6pm to reduce evaporation.,2021-10
2021-10-09,Dry Heat — Pest Risk,MEDIUM,"Cowpea, Sorghum",Dry heat favours aphids and thrips. Inspect crops. Consider neem spray.,2021-10
2021-10-09,Irrigation Required,INFO,All irrigated crops,High water demand today. Irrigate before 7am or after 6pm to reduce evaporation.,2021-10
2021-10-10,Dry Heat — Pest Risk,MEDIUM,"Cowpea, Sorghum",Dry heat favours aphids and thrips. Inspect crops. Consider neem spray.,2021-10
2021-10-11,Dry Heat — Pest Risk,MEDIUM,"Cowpea, Sorghum",Dry heat favours aphids and thrips. Inspect crops. Consider neem spray.,2021-10
2021-10-11,Irrigation Required,INFO,All irrigated crops,High water demand today. Irrigate before 7am or after 6pm to reduce evaporation.,2021-10
2021-10-12,Heat Stress,HIGH,"Cowpea, Groundnut, Maize",Extreme heat may cause flower drop and yield loss. Irrigate in the evening.,2021-10
2021-10-12,Dry Heat — Pest Risk,MEDIUM,"Cowpea, Sorghum",Dry heat favours aphids and thrips. Inspect crops. Consider neem spray.,2021-10
2021-10-12,Irrigation Required,INFO,All irrigated crops,High water demand today. Irrigate before 7am or after 6pm to reduce evaporation.,2021-10
2021-10-13,Dry Heat — Pest Risk,MEDIUM,"Cowpea, Sorghum",Dry heat favours aphids and thrips. Inspect crops. Consider neem spray.,2021-10
2021-10-13,Irrigation Required,INFO,All irrigated crops,High water demand today. Irrigate before 7am or after 6pm to reduce evaporation.,2021-10
2021-10-14,Dry Heat — Pest Risk,MEDIUM,"Cowpea, Sorghum",Dry heat favours aphids and thrips. Inspect crops. Consider neem spray.,2021-10
2021-10-14,Irrigation Required,INFO,All irrigated crops,High water demand today. Irrigate before 7am or after 6pm to reduce evaporation.,2021-10
2021-10-24,Irrigation Required,INFO,All irrigated crops,High water demand today. Irrigate before 7am or after 6pm to reduce evaporation.,2021-10
2021-10-25,Dry Heat — Pest Risk,MEDIUM,"Cowpea, Sorghum",Dry heat favours aphids and thrips. Inspect crops. Consider neem spray.,2021-10
2021-10-25,Irrigation Required,INFO,All irrigated crops,High water demand today. Irrigate before 7am or after 6pm to reduce evaporation.,2021-10
2021-10-26,Dry Heat — Pest Risk,MEDIUM,"Cowpea, Sorghum",Dry heat favours aphids and thrips. Inspect crops. Consider neem spray.,2021-10
2021-10-26,Irrigation Required,INFO,All irrigated crops,High water demand today. Irrigate before 7am or after 6pm to reduce evaporation.,2021-10
2021-10-27,Irrigation Required,INFO,All irrigated crops,High water demand today. Irrigate before 7am or after 6pm to reduce evaporation.,2021-10
2021-10-28,Dry Heat — Pest Risk,MEDIUM,"Cowpea, Sorghum",Dry heat favours aphids and thrips. Inspect crops. Consider neem spray.,2021-10
2021-10-28,Irrigation Required,INFO,All irrigated crops,High water demand today. Irrigate before 7am or after 6pm to reduce evaporation.,2021-10
2021-10-29,Dry Heat — Pest Risk,MEDIUM,"Cowpea, Sorghum",Dry heat favours aphids and thrips. Inspect crops. Consider neem spray.,2021-10
2021-10-29,Irrigation Required,INFO,All irrigated crops,High water demand today. Irrigate before 7am or after 6pm to reduce evaporation.,2021-10
2021-10-29,High Crop Stress,HIGH,All crops,"Crop stress is high today. Heat, dryness and wind are combined. Shade or irrigate.",2021-10
2021-10-30,Dry Heat — Pest Risk,MEDIUM,"Cowpea, Sorghum",Dry heat favours aphids and thrips. Inspect crops. Consider neem spray.,2021-10
2021-10-30,Irrigation Required,INFO,All irrigated crops,High water demand today. Irrigate before 7am or after 6pm to reduce evaporation.,2021-10
2021-10-31,Dry Heat — Pest Risk,MEDIUM,"Cowpea, Sorghum",Dry heat favours aphids and thrips. Inspect crops. Consider neem spray.,2021-10
2021-10-31,Irrigation Required,INFO,All irrigated crops,High water demand today. Irrigate before 7am or after 6pm to reduce evaporation.,2021-10
2021-11-01,Dry Heat — Pest Risk,MEDIUM,"Cowpea, Sorghum",Dry heat favours aphids and thrips. Inspect crops. Consider neem spray.,2021-11
2021-11-01,Irrigation Required,INFO,All irrigated crops,High water demand today. Irrigate before 7am or after 6pm to reduce evaporation.,2021-11
2021-11-02,Dry Heat — Pest Risk,MEDIUM,"Cowpea, Sorghum",Dry heat favours aphids and thrips. Inspect crops. Consider neem spray.,2021-11
2021-11-02,Irrigation Required,INFO,All irrigated crops,High water demand today. Irrigate before 7am or after 6pm to reduce evaporation.,2021-11
2021-11-03,Dry Heat — Pest Risk,MEDIUM,"Cowpea, Sorghum",Dry heat favours aphids and thrips. Inspect crops. Consider neem spray.,2021-11
2021-11-03,Irrigation Required,INFO,All irrigated crops,High water demand today. Irrigate before 7am or after 6pm to reduce evaporation.,2021-11
2021-11-04,Heat Stress,HIGH,"Cowpea, Groundnut, Maize",Extreme heat may cause flower drop and yield loss. Irrigate in the evening.,2021-11
2021-11-04,Dry Heat — Pest Risk,MEDIUM,"Cowpea, Sorghum",Dry heat favours aphids and thrips. Inspect crops. Consider neem spray.,2021-11
2021-11-04,Irrigation Required,INFO,All irrigated crops,High water demand today. Irrigate before 7am or after 6pm to reduce evaporation.,2021-11
2021-11-05,Dry Heat — Pest Risk,MEDIUM,"Cowpea, Sorghum",Dry heat favours aphids and thrips. Inspect crops. Consider neem spray.,2021-11
2021-11-05,Irrigation Required,INFO,All irrigated crops,High water demand today. Irrigate before 7am or after 6pm to reduce evaporation.,2021-11
2021-11-05,High Crop Stress,HIGH,All crops,"Crop stress is high today. Heat, dryness and wind are combined. Shade or irrigate.",2021-11
2021-11-06,Dry Heat — Pest Risk,MEDIUM,"Cowpea, Sorghum",Dry heat favours aphids and thrips. Inspect crops. Consider neem spray.,2021-11
2021-11-06,Irrigation Required,INFO,All irrigated crops,High water demand today. Irrigate before 7am or after 6pm to reduce evaporation.,2021-11
2021-11-07,Heat Stress,HIGH,"Cowpea, Groundnut, Maize",Extreme heat may cause flower drop and yield loss. Irrigate in the evening.,2021-11
2021-11-07,Dry Heat — Pest Risk,MEDIUM,"Cowpea, Sorghum",Dry heat favours aphids and thrips. Inspect crops. Consider neem spray.,2021-11
2021-11-07,Irrigation Required,INFO,All irrigated crops,High water demand today. Irrigate before 7am or after 6pm to reduce evaporation.,2021-11
2021-11-08,Dry Heat — Pest Risk,MEDIUM,"Cowpea, Sorghum",Dry heat favours aphids and thrips. Inspect crops. Consider neem spray.,2021-11
2021-11-08,Irrigation Required,INFO,All irrigated crops,High water demand today. Irrigate before 7am or after 6pm to reduce evaporation.,2021-11
2021-11-09,Dry Heat — Pest Risk,MEDIUM,"Cowpea, Sorghum",Dry heat favours aphids and thrips. Inspect crops. Consider neem spray.,2021-11
2021-11-09,Irrigation Required,INFO,All irrigated crops,High water demand today. Irrigate before 7am or after 6pm to reduce evaporation.,2021-11
2021-11-10,Dry Heat — Pest Risk,MEDIUM,"Cowpea, Sorghum",Dry heat favours aphids and thrips. Inspect crops. Consider neem spray.,2021-11
2021-11-10,Irrigation Required,INFO,All irrigated crops,High water demand today. Irrigate before 7am or after 6pm to reduce evaporation.,2021-11
2021-11-11,Dry Heat — Pest Risk,MEDIUM,"Cowpea, Sorghum",Dry heat favours aphids and thrips. Inspect crops. Consider neem spray.,2021-11
2021-11-11,Irrigation Required,INFO,All irrigated crops,High water demand today. Irrigate before 7am or after 6pm to reduce evaporation.,2021-11
2021-11-12,Dry Heat — Pest Risk,MEDIUM,"Cowpea, Sorghum",Dry heat favours aphids and thrips. Inspect crops. Consider neem spray.,2021-11
2021-11-12,Irrigation Required,INFO,All irrigated crops,High water demand today. Irrigate before 7am or after 6pm to reduce evaporation.,2021-11
2021-11-13,Dry Heat — Pest Risk,MEDIUM,"Cowpea, Sorghum",Dry heat favours aphids and thrips. Inspect crops. Consider neem spray.,2021-11
2021-11-13,Irrigation Required,INFO,All irrigated crops,High water demand today. Irrigate before 7am or after 6pm to reduce evaporation.,2021-11
2021-11-14,Dry Heat — Pest Risk,MEDIUM,"Cowpea, Sorghum",Dry heat favours aphids and thrips. Inspect crops. Consider neem spray.,2021-11
2021-11-14,Irrigation Required,INFO,All irrigated crops,High water demand today. Irrigate before 7am or after 6pm to reduce evaporation.,2021-11
2021-11-15,Dry Heat — Pest Risk,MEDIUM,"Cowpea, Sorghum",Dry heat favours aphids and thrips. Inspect crops. Consider neem spray.,2021-11
2021-11-15,Irrigation Required,INFO,All irrigated crops,High water demand today. Irrigate before 7am or after 6pm to reduce evaporation.,2021-11
2021-11-16,Dry Heat — Pest Risk,MEDIUM,"Cowpea, Sorghum",Dry heat favours aphids and thrips. Inspect crops. Consider neem spray.,2021-11
2021-11-16,Irrigation Required,INFO,All irrigated crops,High water demand today. Irrigate before 7am or after 6pm to reduce evaporation.,2021-11
2021-11-17,Dry Heat — Pest Risk,MEDIUM,"Cowpea, Sorghum",Dry heat favours aphids and thrips. Inspect crops. Consider neem spray.,2021-11
2021-11-17,Irrigation Required,INFO,All irrigated crops,High water demand today. Irrigate before 7am or after 6pm to reduce evaporation.,2021-11
2021-11-18,Dry Heat — Pest Risk,MEDIUM,"Cowpea, Sorghum",Dry heat favours aphids and thrips. Inspect crops. Consider neem spray.,2021-11
2021-11-18,Irrigation Required,INFO,All irrigated crops,High water demand today. Irrigate before 7am or after 6pm to reduce evaporation.,2021-11
2021-11-19,Dry Heat — Pest Risk,MEDIUM,"Cowpea, Sorghum",Dry heat favours aphids and thrips. Inspect crops. Consider neem spray.,2021-11
2021-11-19,Irrigation Required,INFO,All irrigated crops,High water demand today. Irrigate before 7am or after 6pm to reduce evaporation.,2021-11
2021-11-20,Dry Heat — Pest Risk,MEDIUM,"Cowpea, Sorghum",Dry heat favours aphids and thrips. Inspect crops. Consider neem spray.,2021-11
2021-11-20,Irrigation Required,INFO,All irrigated crops,High water demand today. Irrigate before 7am or after 6pm to reduce evaporation.,2021-11
2021-11-21,Dry Heat — Pest Risk,MEDIUM,"Cowpea, Sorghum",Dry heat favours aphids and thrips. Inspect crops. Consider neem spray.,2021-11
2021-11-21,Irrigation Required,INFO,All irrigated crops,High water demand today. Irrigate before 7am or after 6pm to reduce evaporation.,2021-11
2021-11-22,Dry Heat — Pest Risk,MEDIUM,"Cowpea, Sorghum",Dry heat favours aphids and thrips. Inspect crops. Consider neem spray.,2021-11
2021-11-22,Irrigation Required,INFO,All irrigated crops,High water demand today. Irrigate before 7am or after 6pm to reduce evaporation.,2021-11
2021-11-23,Dry Heat — Pest Risk,MEDIUM,"Cowpea, Sorghum",Dry heat favours aphids and thrips. Inspect crops. Consider neem spray.,2021-11
2021-11-23,Irrigation Required,INFO,All irrigated crops,High water demand today. Irrigate before 7am or after 6pm to reduce evaporation.,2021-11
2021-11-24,Dry Heat — Pest Risk,MEDIUM,"Cowpea, Sorghum",Dry heat favours aphids and thrips. Inspect crops. Consider neem spray.,2021-11
2021-11-24,Irrigation Required,INFO,All irrigated crops,High water demand today. Irrigate before 7am or after 6pm to reduce evaporation.,2021-11
2021-11-25,Dry Heat — Pest Risk,MEDIUM,"Cowpea, Sorghum",Dry heat favours aphids and thrips. Inspect crops. Consider neem spray.,2021-11
2021-11-25,Irrigation Required,INFO,All irrigated crops,High water demand today. Irrigate before 7am or after 6pm to reduce evaporation.,2021-11
2021-11-26,Dry Heat — Pest Risk,MEDIUM,"Cowpea, Sorghum",Dry heat favours aphids and thrips. Inspect crops. Consider neem spray.,2021-11
2021-11-26,Irrigation Required,INFO,All irrigated crops,High water demand today. Irrigate before 7am or after 6pm to reduce evaporation.,2021-11
2021-11-26,High Crop Stress,HIGH,All crops,"Crop stress is high today. Heat, dryness and wind are combined. Shade or irrigate.",2021-11
2021-11-27,Dry Heat — Pest Risk,MEDIUM,"Cowpea, Sorghum",Dry heat favours aphids and thrips. Inspect crops. Consider neem spray.,2021-11
2021-11-27,Irrigation Required,INFO,All irrigated crops,High water demand today. Irrigate before 7am or after 6pm to reduce evaporation.,2021-11
2021-11-28,Dry Heat — Pest Risk,MEDIUM,"Cowpea, Sorghum",Dry heat favours aphids and thrips. Inspect crops. Consider neem spray.,2021-11
2021-11-28,Irrigation Required,INFO,All irrigated crops,High water demand today. Irrigate before 7am or after 6pm to reduce evaporation.,2021-11
2021-11-29,Dry Heat — Pest Risk,MEDIUM,"Cowpea, Sorghum",Dry heat favours aphids and thrips. Inspect crops. Consider neem spray.,2021-11
2021-11-29,Irrigation Required,INFO,All irrigated crops,High water demand today. Irrigate before 7am or after 6pm to reduce evaporation.,2021-11
2021-11-30,Dry Heat — Pest Risk,MEDIUM,"Cowpea, Sorghum",Dry heat favours aphids and thrips. Inspect crops. Consider neem spray.,2021-11
2021-11-30,Irrigation Required,INFO,All irrigated crops,High water demand today. Irrigate before 7am or after 6pm to reduce evaporation.,2021-11
2021-11-30,High Crop Stress,HIGH,All crops,"Crop stress is high today. Heat, dryness and wind are combined. Shade or irrigate.",2021-11
2021-12-01,Dry Heat — Pest Risk,MEDIUM,"Cowpea, Sorghum",Dry heat favours aphids and thrips. Inspect crops. Consider neem spray.,2021-12
2021-12-01,Irrigation Required,INFO,All irrigated crops,High water demand today. Irrigate before 7am or after 6pm to reduce evaporation.,2021-12
2021-12-02,Dry Heat — Pest Risk,MEDIUM,"Cowpea, Sorghum",Dry heat favours aphids and thrips. Inspect crops. Consider neem spray.,2021-12
2021-12-02,Irrigation Required,INFO,All irrigated crops,High water demand today. Irrigate before 7am or after 6pm to reduce evaporation.,2021-12
2021-12-03,Dry Heat — Pest Risk,MEDIUM,"Cowpea, Sorghum",Dry heat favours aphids and thrips. Inspect crops. Consider neem spray.,2021-12
2021-12-03,Irrigation Required,INFO,All irrigated crops,High water demand today. Irrigate before 7am or after 6pm to reduce evaporation.,2021-12
2021-12-04,Dry Heat — Pest Risk,MEDIUM,"Cowpea, Sorghum",Dry heat favours aphids and thrips. Inspect crops. Consider neem spray.,2021-12
2021-12-04,Irrigation Required,INFO,All irrigated crops,High water demand today. Irrigate before 7am or after 6pm to reduce evaporation.,2021-12
2021-12-05,Irrigation Required,INFO,All irrigated crops,High water demand today. Irrigate before 7am or after 6pm to reduce evaporation.,2021-12
2021-12-06,Dry Heat — Pest Risk,MEDIUM,"Cowpea, Sorghum",Dry heat favours aphids and thrips. Inspect crops. Consider neem spray.,2021-12
2021-12-06,Irrigation Required,INFO,All irrigated crops,High water demand today. Irrigate before 7am or after 6pm to reduce evaporation.,2021-12
2021-12-07,Irrigation Required,INFO,All irrigated crops,High water demand today. Irrigate before 7am or after 6pm to reduce evaporation.,2021-12
2021-12-08,Irrigation Required,INFO,All irrigated crops,High water demand today. Irrigate before 7am or after 6pm to reduce evaporation.,2021-12
2021-12-09,Dry Heat — Pest Risk,MEDIUM,"Cowpea, Sorghum",Dry heat favours aphids and thrips. Inspect crops. Consider neem spray.,2021-12
2021-12-09,Irrigation Required,INFO,All irrigated crops,High water demand today. Irrigate before 7am or after 6pm to reduce evaporation.,2021-12
2021-12-10,Dry Heat — Pest Risk,MEDIUM,"Cowpea, Sorghum",Dry heat favours aphids and thrips. Inspect crops. Consider neem spray.,2021-12
2021-12-10,Irrigation Required,INFO,All irrigated crops,High water demand today. Irrigate before 7am or after 6pm to reduce evaporation.,2021-12
2021-12-11,Dry Heat — Pest Risk,MEDIUM,"Cowpea, Sorghum",Dry heat favours aphids and thrips. Inspect crops. Consider neem spray.,2021-12
2021-12-11,Irrigation Required,INFO,All irrigated crops,High water demand today. Irrigate before 7am or after 6pm to reduce evaporation.,2021-12
2021-12-12,Dry Heat — Pest Risk,MEDIUM,"Cowpea, Sorghum",Dry heat favours aphids and thrips. Inspect crops. Consider neem spray.,2021-12
2021-12-12,Irrigation Required,INFO,All irrigated crops,High water demand today. Irrigate before 7am or after 6pm to reduce evaporation.,2021-12
2021-12-13,Dry Heat — Pest Risk,MEDIUM,"Cowpea, Sorghum",Dry heat favours aphids and thrips. Inspect crops. Consider neem spray.,2021-12
2021-12-13,Irrigation Required,INFO,All irrigated crops,High water demand today. Irrigate before 7am or after 6pm to reduce evaporation.,2021-12
2021-12-14,Irrigation Required,INFO,All irrigated crops,High water demand today. Irrigate before 7am or after 6pm to reduce evaporation.,2021-12
2021-12-15,Irrigation Required,INFO,All irrigated crops,High water demand today. Irrigate before 7am or after 6pm to reduce evaporation.,2021-12
2021-12-16,Irrigation Required,INFO,All irrigated crops,High water demand today. Irrigate before 7am or after 6pm to reduce evaporation.,2021-12
2021-12-18,Irrigation Required,INFO,All irrigated crops,High water demand today. Irrigate before 7am or after 6pm to reduce evaporation.,2021-12
2021-12-19,Irrigation Required,INFO,All irrigated crops,High water demand today. Irrigate before 7am or after 6pm to reduce evaporation.,2021-12
2021-12-20,Irrigation Required,INFO,All irrigated crops,High water demand today. Irrigate before 7am or after 6pm to reduce evaporation.,2021-12
2021-12-21,Irrigation Required,INFO,All irrigated crops,High water demand today. Irrigate before 7am or after 6pm to reduce evaporation.,2021-12
2021-12-22,Irrigation Required,INFO,All irrigated crops,High water demand today. Irrigate before 7am or after 6pm to reduce evaporation.,2021-12
2021-12-23,Irrigation Required,INFO,All irrigated crops,High water demand today. Irrigate before 7am or after 6pm to reduce evaporation.,2021-12
2021-12-24,Irrigation Required,INFO,All irrigated crops,High water demand today. Irrigate before 7am or after 6pm to reduce evaporation.,2021-12
2021-12-25,Irrigation Required,INFO,All irrigated crops,High water demand today. Irrigate before 7am or after 6pm to reduce evaporation.,2021-12
2021-12-26,Irrigation Required,INFO,All irrigated crops,High water demand today. Irrigate before 7am or after 6pm to reduce evaporation.,2021-12
2021-12-27,Irrigation Required,INFO,All irrigated crops,High water demand today. Irrigate before 7am or after 6pm to reduce evaporation.,2021-12
2021-12-28,Irrigation Required,INFO,All irrigated crops,High water demand today. Irrigate before 7am or after 6pm to reduce evaporation.,2021-12
2021-12-29,Irrigation Required,INFO,All irrigated crops,High water demand today. Irrigate before 7am or after 6pm to reduce evaporation.,2021-12
2021-12-30,Irrigation Required,INFO,All irrigated crops,High water demand today. Irrigate before 7am or after 6pm to reduce evaporation.,2021-12
2022-01-01,Irrigation Required,INFO,All irrigated crops,High water demand today. Irrigate before 7am or after 6pm to reduce evaporation.,2022-01
2022-01-02,Irrigation Required,INFO,All irrigated crops,High water demand today. Irrigate before 7am or after 6pm to reduce evaporation.,2022-01
2022-01-06,Irrigation Required,INFO,All irrigated crops,High water demand today. Irrigate before 7am or after 6pm to reduce evaporation.,2022-01
2022-01-07,Dry Heat — Pest Risk,MEDIUM,"Cowpea, Sorghum",Dry heat favours aphids and thrips. Inspect crops. Consider neem spray.,2022-01
2022-01-07,Irrigation Required,INFO,All irrigated crops,High water demand today. Irrigate before 7am or after 6pm to reduce evaporation.,2022-01
2022-01-08,Dry Heat — Pest Risk,MEDIUM,"Cowpea, Sorghum",Dry heat favours aphids and thrips. Inspect crops. Consider neem spray.,2022-01
2022-01-08,Irrigation Required,INFO,All irrigated crops,High water demand today. Irrigate before 7am or after 6pm to reduce evaporation.,2022-01
2022-01-09,Irrigation Required,INFO,All irrigated crops,High water demand today. Irrigate before 7am or after 6pm to reduce evaporation.,2022-01
2022-01-10,Irrigation Required,INFO,All irrigated crops,High water demand today. Irrigate before 7am or after 6pm to reduce evaporation.,2022-01
2022-01-11,Irrigation Required,INFO,All irrigated crops,High water demand today. Irrigate before 7am or after 6pm to reduce evaporation.,2022-01
2022-01-12,Irrigation Required,INFO,All irrigated crops,High water demand today. Irrigate before 7am or after 6pm to reduce evaporation.,2022-01
2022-01-13,Dry Heat — Pest Risk,MEDIUM,"Cowpea, Sorghum",Dry heat favours aphids and thrips. Inspect crops. Consider neem spray.,2022-01
2022-01-13,Irrigation Required,INFO,All irrigated crops,High water demand today. Irrigate before 7am or after 6pm to reduce evaporation.,2022-01
2022-01-14,Dry Heat — Pest Risk,MEDIUM,"Cowpea, Sorghum",Dry heat favours aphids and thrips. Inspect crops. Consider neem spray.,2022-01
2022-01-14,Irrigation Required,INFO,All irrigated crops,High water demand today. Irrigate before 7am or after 6pm to reduce evaporation.,2022-01
2022-01-15,Dry Heat — Pest Risk,MEDIUM,"Cowpea, Sorghum",Dry heat favours aphids and thrips. Inspect crops. Consider neem spray.,2022-01
2022-01-15,Irrigation Required,INFO,All irrigated crops,High water demand today. Irrigate before 7am or after 6pm to reduce evaporation.,2022-01
2022-01-16,Irrigation Required,INFO,All irrigated crops,High water demand today. Irrigate before 7am or after 6pm to reduce evaporation.,2022-01
2022-01-17,Irrigation Required,INFO,All irrigated crops,High water demand today. Irrigate before 7am or after 6pm to reduce evaporation.,2022-01
2022-01-19,Irrigation Required,INFO,All irrigated crops,High water demand today. Irrigate before 7am or after 6pm to reduce evaporation.,2022-01
2022-01-22,Irrigation Required,INFO,All irrigated crops,High water demand today. Irrigate before 7am or after 6pm to reduce evaporation.,2022-01
2022-01-23,Irrigation Required,INFO,All irrigated crops,High water demand today. Irrigate before 7am or after 6pm to reduce evaporation.,2022-01
2022-01-24,Irrigation Required,INFO,All irrigated crops,High water demand today. Irrigate before 7am or after 6pm to reduce evaporation.,2022-01
2022-01-25,Irrigation Required,INFO,All irrigated crops,High water demand today. Irrigate before 7am or after 6pm to reduce evaporation.,2022-01
2022-01-26,Irrigation Required,INFO,All irrigated crops,High water demand today. Irrigate before 7am or after 6pm to reduce evaporation.,2022-01
2022-01-27,Irrigation Required,INFO,All irrigated crops,High water demand today. Irrigate before 7am or after 6pm to reduce evaporation.,2022-01
2022-01-28,Irrigation Required,INFO,All irrigated crops,High water demand today. Irrigate before 7am or after 6pm to reduce evaporation.,2022-01
2022-01-29,Irrigation Required,INFO,All irrigated crops,High water demand today. Irrigate before 7am or after 6pm to reduce evaporation.,2022-01
2022-01-30,Irrigation Required,INFO,All irrigated crops,High water demand today. Irrigate before 7am or after 6pm to reduce evaporation.,2022-01
2022-01-31,Irrigation Required,INFO,All irrigated crops,High water demand today. Irrigate before 7am or after 6pm to reduce evaporation.,2022-01
2022-02-01,Irrigation Required,INFO,All irrigated crops,High water demand today. Irrigate before 7am or after 6pm to reduce evaporation.,2022-02
2022-02-02,Irrigation Required,INFO,All irrigated crops,High water demand today. Irrigate before 7am or after 6pm to reduce evaporation.,2022-02
2022-02-03,Irrigation Required,INFO,All irrigated crops,High water demand today. Irrigate before 7am or after 6pm to reduce evaporation.,2022-02
2022-02-04,Irrigation Required,INFO,All irrigated crops,High water demand today. Irrigate before 7am or after 6pm to reduce evaporation.,2022-02
2022-02-05,Irrigation Required,INFO,All irrigated crops,High water demand today. Irrigate before 7am or after 6pm to reduce evaporation.,2022-02
2022-02-06,Irrigation Required,INFO,All irrigated crops,High water demand today. Irrigate before 7am or after 6pm to reduce evaporation.,2022-02
2022-02-07,Irrigation Required,INFO,All irrigated crops,High water demand today. Irrigate before 7am or after 6pm to reduce evaporation.,2022-02
2022-02-08,Dry Heat — Pest Risk,MEDIUM,"Cowpea, Sorghum",Dry heat favours aphids and thrips. Inspect crops. Consider neem spray.,2022-02
2022-02-08,Irrigation Required,INFO,All irrigated crops,High water demand today. Irrigate before 7am or after 6pm to reduce evaporation.,2022-02
2022-02-09,Dry Heat — Pest Risk,MEDIUM,"Cowpea, Sorghum",Dry heat favours aphids and thrips. Inspect crops. Consider neem spray.,2022-02
2022-02-09,Irrigation Required,INFO,All irrigated crops,High water demand today. Irrigate before 7am or after 6pm to reduce evaporation.,2022-02
2022-02-09,High Crop Stress,HIGH,All crops,"Crop stress is high today. Heat, dryness and wind are combined. Shade or irrigate.",2022-02
2022-02-10,Dry Heat — Pest Risk,MEDIUM,"Cowpea, Sorghum",Dry heat favours aphids and thrips. Inspect crops. Consider neem spray.,2022-02
2022-02-10,Irrigation Required,INFO,All irrigated crops,High water demand today. Irrigate before 7am or after 6pm to reduce evaporation.,2022-02
2022-02-10,High Crop Stress,HIGH,All crops,"Crop stress is high today. Heat, dryness and wind are combined. Shade or irrigate.",2022-02
2022-02-11,Irrigation Required,INFO,All irrigated crops,High water demand today. Irrigate before 7am or after 6pm to reduce evaporation.,2022-02
2022-02-12,Irrigation Required,INFO,All irrigated crops,High water demand today. Irrigate before 7am or after 6pm to reduce evaporation.,2022-02
2022-02-13,Irrigation Required,INFO,All irrigated crops,High water demand today. Irrigate before 7am or after 6pm to reduce evaporation.,2022-02
2022-02-14,Dry Heat — Pest Risk,MEDIUM,"Cowpea, Sorghum",Dry heat favours aphids and thrips. Inspect crops. Consider neem spray.,2022-02
2022-02-14,Irrigation Required,INFO,All irrigated crops,High water demand today. Irrigate before 7am or after 6pm to reduce evaporation.,2022-02
2022-02-15,Dry Heat — Pest Risk,MEDIUM,"Cowpea, Sorghum",Dry heat favours aphids and thrips. Inspect crops. Consider neem spray.,2022-02
2022-02-15,Irrigation Required,INFO,All irrigated crops,High water demand today. Irrigate before 7am or after 6pm to reduce evaporation.,2022-02
2022-02-15,High Crop Stress,HIGH,All crops,"Crop stress is high today. Heat, dryness and wind are combined. Shade or irrigate.",2022-02
2022-02-16,Dry Heat — Pest Risk,MEDIUM,"Cowpea, Sorghum",Dry heat favours aphids and thrips. Inspect crops. Consider neem spray.,2022-02
2022-02-16,Irrigation Required,INFO,All irrigated crops,High water demand today. Irrigate before 7am or after 6pm to reduce evaporation.,2022-02
2022-02-16,High Crop Stress,HIGH,All crops,"Crop stress is high today. Heat, dryness and wind are combined. Shade or irrigate.",2022-02
2022-02-17,Irrigation Required,INFO,All irrigated crops,High water demand today. Irrigate before 7am or after 6pm to reduce evaporation.,2022-02
2022-02-18,Irrigation Required,INFO,All irrigated crops,High water demand today. Irrigate before 7am or after 6pm to reduce evaporation.,2022-02
2022-02-19,Irrigation Required,INFO,All irrigated crops,High water demand today. Irrigate before 7am or after 6pm to reduce evaporation.,2022-02
2022-02-20,Irrigation Required,INFO,All irrigated crops,High water demand today. Irrigate before 7am or after 6pm to reduce evaporation.,2022-02
2022-02-21,Dry Heat — Pest Risk,MEDIUM,"Cowpea, Sorghum",Dry heat favours aphids and thrips. Inspect crops. Consider neem spray.,2022-02
2022-02-21,Irrigation Required,INFO,All irrigated crops,High water demand today. Irrigate before 7am or after 6pm to reduce evaporation.,2022-02
2022-02-22,Dry Heat — Pest Risk,MEDIUM,"Cowpea, Sorghum",Dry heat favours aphids and thrips. Inspect crops. Consider neem spray.,2022-02
2022-02-22,Irrigation Required,INFO,All irrigated crops,High water demand today. Irrigate before 7am or after 6pm to reduce evaporation.,2022-02
2022-02-22,High Crop Stress,HIGH,All crops,"Crop stress is high today. Heat, dryness and wind are combined. Shade or irrigate.",2022-02
2022-02-23,Dry Heat — Pest Risk,MEDIUM,"Cowpea, Sorghum",Dry heat favours aphids and thrips. Inspect crops. Consider neem spray.,2022-02
2022-02-23,Irrigation Required,INFO,All irrigated crops,High water demand today. Irrigate before 7am or after 6pm to reduce evaporation.,2022-02
2022-02-23,High Crop Stress,HIGH,All crops,"Crop stress is high today. Heat, dryness and wind are combined. Shade or irrigate.",2022-02
2022-02-24,Dry Heat — Pest Risk,MEDIUM,"Cowpea, Sorghum",Dry heat favours aphids and thrips. Inspect crops. Consider neem spray.,2022-02
2022-02-24,Fire Risk Alert,HIGH,"All crops, grassland","High bushfire danger. Low humidity, hot and windy conditions. Do not burn.",2022-02
2022-02-24,Irrigation Required,INFO,All irrigated crops,High water demand today. Irrigate before 7am or after 6pm to reduce evaporation.,2022-02
2022-02-24,High Crop Stress,HIGH,All crops,"Crop stress is high today. Heat, dryness and wind are combined. Shade or irrigate.",2022-02
2022-02-25,Irrigation Required,INFO,All irrigated crops,High water demand today. Irrigate before 7am or after 6pm to reduce evaporation.,2022-02
2022-02-26,Dry Heat — Pest Risk,MEDIUM,"Cowpea, Sorghum",Dry heat favours aphids and thrips. Inspect crops. Consider neem spray.,2022-02
2022-02-26,Irrigation Required,INFO,All irrigated crops,High water demand today. Irrigate before 7am or after 6pm to reduce evaporation.,2022-02
2022-02-26,High Crop Stress,HIGH,All crops,"Crop stress is high today. Heat, dryness and wind are combined. Shade or irrigate.",2022-02
2022-02-27,Dry Heat — Pest Risk,MEDIUM,"Cowpea, Sorghum",Dry heat favours aphids and thrips. Inspect crops. Consider neem spray.,2022-02
2022-02-27,Irrigation Required,INFO,All irrigated crops,High water demand today. Irrigate before 7am or after 6pm to reduce evaporation.,2022-02
2022-02-27,High Crop Stress,HIGH,All crops,"Crop stress is high today. Heat, dryness and wind are combined. Shade or irrigate.",2022-02
2022-02-28,Dry Heat — Pest Risk,MEDIUM,"Cowpea, Sorghum",Dry heat favours aphids and thrips. Inspect crops. Consider neem spray.,2022-02
2022-02-28,Irrigation Required,INFO,All irrigated crops,High water demand today. Irrigate before 7am or after 6pm to reduce evaporation.,2022-02
2022-02-28,High Crop Stress,HIGH,All crops,"Crop stress is high today. Heat, dryness and wind are combined. Shade or irrigate.",2022-02
2022-03-01,Dry Heat — Pest Risk,MEDIUM,"Cowpea, Sorghum",Dry heat favours aphids and thrips. Inspect crops. Consider neem spray.,2022-03
2022-03-01,Fire Risk Alert,HIGH,"All crops, grassland","High bushfire danger. Low humidity, hot and windy conditions. Do not burn.",2022-03
2022-03-01,Irrigation Required,INFO,All irrigated crops,High water demand today. Irrigate before 7am or after 6pm to reduce evaporation.,2022-03
2022-03-01,High Crop Stress,HIGH,All crops,"Crop stress is high today. Heat, dryness and wind are combined. Shade or irrigate.",2022-03
2022-03-03,Heat Stress,HIGH,"Cowpea, Groundnut, Maize",Extreme heat may cause flower drop and yield loss. Irrigate in the evening.,2022-03
2022-03-03,Dry Heat — Pest Risk,MEDIUM,"Cowpea, Sorghum",Dry heat favours aphids and thrips. Inspect crops. Consider neem spray.,2022-03
2022-03-03,Fire Risk Alert,HIGH,"All crops, grassland","High bushfire danger. Low humidity, hot and windy conditions. Do not burn.",2022-03
2022-03-03,Irrigation Required,INFO,All irrigated crops,High water demand today. Irrigate before 7am or after 6pm to reduce evaporation.,2022-03
2022-03-03,High Crop Stress,HIGH,All crops,"Crop stress is high today. Heat, dryness and wind are combined. Shade or irrigate.",2022-03
2022-03-04,Heat Stress,HIGH,"Cowpea, Groundnut, Maize",Extreme heat may cause flower drop and yield loss. Irrigate in the evening.,2022-03
2022-03-04,Dry Heat — Pest Risk,MEDIUM,"Cowpea, Sorghum",Dry heat favours aphids and thrips. Inspect crops. Consider neem spray.,2022-03
2022-03-04,Fire Risk Alert,HIGH,"All crops, grassland","High bushfire danger. Low humidity, hot and windy conditions. Do not burn.",2022-03
2022-03-04,Irrigation Required,INFO,All irrigated crops,High water demand today. Irrigate before 7am or after 6pm to reduce evaporation.,2022-03
2022-03-04,High Crop Stress,HIGH,All crops,"Crop stress is high today. Heat, dryness and wind are combined. Shade or irrigate.",2022-03
2022-03-05,Heat Stress,HIGH,"Cowpea, Groundnut, Maize",Extreme heat may cause flower drop and yield loss. Irrigate in the evening.,2022-03
2022-03-05,Dry Heat — Pest Risk,MEDIUM,"Cowpea, Sorghum",Dry heat favours aphids and thrips. Inspect crops. Consider neem spray.,2022-03
2022-03-05,Fire Risk Alert,HIGH,"All crops, grassland","High bushfire danger. Low humidity, hot and windy conditions. Do not burn.",2022-03
2022-03-05,Irrigation Required,INFO,All irrigated crops,High water demand today. Irrigate before 7am or after 6pm to reduce evaporation.,2022-03
2022-03-05,High Crop Stress,HIGH,All crops,"Crop stress is high today. Heat, dryness and wind are combined. Shade or irrigate.",2022-03
2022-03-06,Heat Stress,HIGH,"Cowpea, Groundnut, Maize",Extreme heat may cause flower drop and yield loss. Irrigate in the evening.,2022-03
2022-03-06,Dry Heat — Pest Risk,MEDIUM,"Cowpea, Sorghum",Dry heat favours aphids and thrips. Inspect crops. Consider neem spray.,2022-03
2022-03-06,Fire Risk Alert,HIGH,"All crops, grassland","High bushfire danger. Low humidity, hot and windy conditions. Do not burn.",2022-03
2022-03-06,Irrigation Required,INFO,All irrigated crops,High water demand today. Irrigate before 7am or after 6pm to reduce evaporation.,2022-03
2022-03-06,High Crop Stress,HIGH,All crops,"Crop stress is high today. Heat, dryness and wind are combined. Shade or irrigate.",2022-03
2022-03-07,Heat Stress,HIGH,"Cowpea, Groundnut, Maize",Extreme heat may cause flower drop and yield loss. Irrigate in the evening.,2022-03
2022-03-07,Dry Heat — Pest Risk,MEDIUM,"Cowpea, Sorghum",Dry heat favours aphids and thrips. Inspect crops. Consider neem spray.,2022-03
2022-03-07,Fire Risk Alert,HIGH,"All crops, grassland","High bushfire danger. Low humidity, hot and windy conditions. Do not burn.",2022-03
2022-03-07,Irrigation Required,INFO,All irrigated crops,High water demand today. Irrigate before 7am or after 6pm to reduce evaporation.,2022-03
2022-03-07,High Crop Stress,HIGH,All crops,"Crop stress is high today. Heat, dryness and wind are combined. Shade or irrigate.",2022-03
2022-03-08,Heat Stress,HIGH,"Cowpea, Groundnut, Maize",Extreme heat may cause flower drop and yield loss. Irrigate in the evening.,2022-03
2022-03-08,Dry Heat — Pest Risk,MEDIUM,"Cowpea, Sorghum",Dry heat favours aphids and thrips. Inspect crops. Consider neem spray.,2022-03
2022-03-08,Fire Risk Alert,HIGH,"All crops, grassland","High bushfire danger. Low humidity, hot and windy conditions. Do not burn.",2022-03
2022-03-08,Irrigation Required,INFO,All irrigated crops,High water demand today. Irrigate before 7am or after 6pm to reduce evaporation.,2022-03
2022-03-08,High Crop Stress,HIGH,All crops,"Crop stress is high today. Heat, dryness and wind are combined. Shade or irrigate.",2022-03
2022-03-09,Dry Heat — Pest Risk,MEDIUM,"Cowpea, Sorghum",Dry heat favours aphids and thrips. Inspect crops. Consider neem spray.,2022-03
2022-03-09,Fire Risk Alert,HIGH,"All crops, grassland","High bushfire danger. Low humidity, hot and windy conditions. Do not burn.",2022-03
2022-03-09,Irrigation Required,INFO,All irrigated crops,High water demand today. Irrigate before 7am or after 6pm to reduce evaporation.,2022-03
2022-03-09,High Crop Stress,HIGH,All crops,"Crop stress is high today. Heat, dryness and wind are combined. Shade or irrigate.",2022-03
2022-03-10,Dry Heat — Pest Risk,MEDIUM,"Cowpea, Sorghum",Dry heat favours aphids and thrips. Inspect crops. Consider neem spray.,2022-03
2022-03-10,Irrigation Required,INFO,All irrigated crops,High water demand today. Irrigate before 7am or after 6pm to reduce evaporation.,2022-03
2022-03-10,High Crop Stress,HIGH,All crops,"Crop stress is high today. Heat, dryness and wind are combined. Shade or irrigate.",2022-03
2022-03-11,Dry Heat — Pest Risk,MEDIUM,"Cowpea, Sorghum",Dry heat favours aphids and thrips. Inspect crops. Consider neem spray.,2022-03
2022-03-11,Irrigation Required,INFO,All irrigated crops,High water demand today. Irrigate before 7am or after 6pm to reduce evaporation.,2022-03
2022-03-12,Dry Heat — Pest Risk,MEDIUM,"Cowpea, Sorghum",Dry heat favours aphids and thrips. Inspect crops. Consider neem spray.,2022-03
2022-03-12,Irrigation Required,INFO,All irrigated crops,High water demand today. Irrigate before 7am or after 6pm to reduce evaporation.,2022-03
2022-03-12,High Crop Stress,HIGH,All crops,"Crop stress is high today. Heat, dryness and wind are combined. Shade or irrigate.",2022-03
2022-03-13,Dry Heat — Pest Risk,MEDIUM,"Cowpea, Sorghum",Dry heat favours aphids and thrips. Inspect crops. Consider neem spray.,2022-03
2022-03-13,Irrigation Required,INFO,All irrigated crops,High water demand today. Irrigate before 7am or after 6pm to reduce evaporation.,2022-03
2022-03-13,High Crop Stress,HIGH,All crops,"Crop stress is high today. Heat, dryness and wind are combined. Shade or irrigate.",2022-03
2022-03-14,Irrigation Required,INFO,All irrigated crops,High water demand today. Irrigate before 7am or after 6pm to reduce evaporation.,2022-03
2022-03-15,Irrigation Required,INFO,All irrigated crops,High water demand today. Irrigate before 7am or after 6pm to reduce evaporation.,2022-03
2022-03-16,Irrigation Required,INFO,All irrigated crops,High water demand today. Irrigate before 7am or after 6pm to reduce evaporation.,2022-03
2022-03-17,Irrigation Required,INFO,All irrigated crops,High water demand today. Irrigate before 7am or after 6pm to reduce evaporation.,2022-03
2022-03-18,Irrigation Required,INFO,All irrigated crops,High water demand today. Irrigate before 7am or after 6pm to reduce evaporation.,2022-03
2022-03-19,Irrigation Required,INFO,All irrigated crops,High water demand today. Irrigate before 7am or after 6pm to reduce evaporation.,2022-03
2022-03-20,Heat Stress,HIGH,"Cowpea, Groundnut, Maize",Extreme heat may cause flower drop and yield loss. Irrigate in the evening.,2022-03
2022-03-20,Dry Heat — Pest Risk,MEDIUM,"Cowpea, Sorghum",Dry heat favours aphids and thrips. Inspect crops. Consider neem spray.,2022-03
2022-03-20,Fire Risk Alert,HIGH,"All crops, grassland","High bushfire danger. Low humidity, hot and windy conditions. Do not burn.",2022-03
2022-03-20,Irrigation Required,INFO,All irrigated crops,High water demand today. Irrigate before 7am or after 6pm to reduce evaporation.,2022-03
2022-03-20,High Crop Stress,HIGH,All crops,"Crop stress is high today. Heat, dryness and wind are combined. Shade or irrigate.",2022-03
2022-03-21,Heat Stress,HIGH,"Cowpea, Groundnut, Maize",Extreme heat may cause flower drop and yield loss. Irrigate in the evening.,2022-03
2022-03-21,Dry Heat — Pest Risk,MEDIUM,"Cowpea, Sorghum",Dry heat favours aphids and thrips. Inspect crops. Consider neem spray.,2022-03
2022-03-21,Fire Risk Alert,HIGH,"All crops, grassland","High bushfire danger. Low humidity, hot and windy conditions. Do not burn.",2022-03
2022-03-21,Irrigation Required,INFO,All irrigated crops,High water demand today. Irrigate before 7am or after 6pm to reduce evaporation.,2022-03
2022-03-21,High Crop Stress,HIGH,All crops,"Crop stress is high today. Heat, dryness and wind are combined. Shade or irrigate.",2022-03
2022-03-22,Dry Heat — Pest Risk,MEDIUM,"Cowpea, Sorghum",Dry heat favours aphids and thrips. Inspect crops. Consider neem spray.,2022-03
2022-03-22,Fire Risk Alert,HIGH,"All crops, grassland","High bushfire danger. Low humidity, hot and windy conditions. Do not burn.",2022-03
2022-03-22,Irrigation Required,INFO,All irrigated crops,High water demand today. Irrigate before 7am or after 6pm to reduce evaporation.,2022-03
2022-03-22,High Crop Stress,HIGH,All crops,"Crop stress is high today. Heat, dryness and wind are combined. Shade or irrigate.",2022-03
2022-03-23,Dry Heat — Pest Risk,MEDIUM,"Cowpea, Sorghum",Dry heat favours aphids and thrips. Inspect crops. Consider neem spray.,2022-03
2022-03-23,Fire Risk Alert,HIGH,"All crops, grassland","High bushfire danger. Low humidity, hot and windy conditions. Do not burn.",2022-03
2022-03-23,Irrigation Required,INFO,All irrigated crops,High water demand today. Irrigate before 7am or after 6pm to reduce evaporation.,2022-03
2022-03-23,High Crop Stress,HIGH,All crops,"Crop stress is high today. Heat, dryness and wind are combined. Shade or irrigate.",2022-03
2022-03-24,Dry Heat — Pest Risk,MEDIUM,"Cowpea, Sorghum",Dry heat favours aphids and thrips. Inspect crops. Consider neem spray.,2022-03
2022-03-24,Fire Risk Alert,HIGH,"All crops, grassland","High bushfire danger. Low humidity, hot and windy conditions. Do not burn.",2022-03
2022-03-24,Irrigation Required,INFO,All irrigated crops,High water demand today. Irrigate before 7am or after 6pm to reduce evaporation.,2022-03
2022-03-24,High Crop Stress,HIGH,All crops,"Crop stress is high today. Heat, dryness and wind are combined. Shade or irrigate.",2022-03
2022-03-25,Dry Heat — Pest Risk,MEDIUM,"Cowpea, Sorghum",Dry heat favours aphids and thrips. Inspect crops. Consider neem spray.,2022-03
2022-03-25,Wind Damage Risk,HIGH,All standing crops,Strong winds expected. Stake tall crops and secure structures.,2022-03
2022-03-25,Fire Risk Alert,HIGH,"All crops, grassland","High bushfire danger. Low humidity, hot and windy conditions. Do not burn.",2022-03
2022-03-25,Irrigation Required,INFO,All irrigated crops,High water demand today. Irrigate before 7am or after 6pm to reduce evaporation.,2022-03
2022-03-25,High Crop Stress,HIGH,All crops,"Crop stress is high today. Heat, dryness and wind are combined. Shade or irrigate.",2022-03
2022-03-26,Dry Heat — Pest Risk,MEDIUM,"Cowpea, Sorghum",Dry heat favours aphids and thrips. Inspect crops. Consider neem spray.,2022-03
2022-03-26,Fire Risk Alert,HIGH,"All crops, grassland","High bushfire danger. Low humidity, hot and windy conditions. Do not burn.",2022-03
2022-03-26,Irrigation Required,INFO,All irrigated crops,High water demand today. Irrigate before 7am or after 6pm to reduce evaporation.,2022-03
2022-03-26,High Crop Stress,HIGH,All crops,"Crop stress is high today. Heat, dryness and wind are combined. Shade or irrigate.",2022-03
2022-03-27,Dry Heat — Pest Risk,MEDIUM,"Cowpea, Sorghum",Dry heat favours aphids and thrips. Inspect crops. Consider neem spray.,2022-03
2022-03-27,Fire Risk Alert,HIGH,"All crops, grassland","High bushfire danger. Low humidity, hot and windy conditions. Do not burn.",2022-03
2022-03-27,Irrigation Required,INFO,All irrigated crops,High water demand today. Irrigate before 7am or after 6pm to reduce evaporation.,2022-03
2022-03-27,High Crop Stress,HIGH,All crops,"Crop stress is high today. Heat, dryness and wind are combined. Shade or irrigate.",2022-03
2022-03-28,Dry Heat — Pest Risk,MEDIUM,"Cowpea, Sorghum",Dry heat favours aphids and thrips. Inspect crops. Consider neem spray.,2022-03
2022-03-28,Fire Risk Alert,HIGH,"All crops, grassland","High bushfire danger. Low humidity, hot and windy conditions. Do not burn.",2022-03
2022-03-28,Irrigation Required,INFO,All irrigated crops,High water demand today. Irrigate before 7am or after 6pm to reduce evaporation.,2022-03
2022-03-28,High Crop Stress,HIGH,All crops,"Crop stress is high today. Heat, dryness and wind are combined. Shade or irrigate.",2022-03
2022-03-29,Dry Heat — Pest Risk,MEDIUM,"Cowpea, Sorghum",Dry heat favours aphids and thrips. Inspect crops. Consider neem spray.,2022-03
2022-03-29,Fire Risk Alert,HIGH,"All crops, grassland","High bushfire danger. Low humidity, hot and windy conditions. Do not burn.",2022-03
2022-03-29,Irrigation Required,INFO,All irrigated crops,High water demand today. Irrigate before 7am or after 6pm to reduce evaporation.,2022-03
2022-03-29,High Crop Stress,HIGH,All crops,"Crop stress is high today. Heat, dryness and wind are combined. Shade or irrigate.",2022-03
2022-03-30,Heat Stress,HIGH,"Cowpea, Groundnut, Maize",Extreme heat may cause flower drop and yield loss. Irrigate in the evening.,2022-03
2022-03-30,Dry Heat — Pest Risk,MEDIUM,"Cowpea, Sorghum",Dry heat favours aphids and thrips. Inspect crops. Consider neem spray.,2022-03
2022-03-30,Fire Risk Alert,HIGH,"All crops, grassland","High bushfire danger. Low humidity, hot and windy conditions. Do not burn.",2022-03
2022-03-30,Irrigation Required,INFO,All irrigated crops,High water demand today. Irrigate before 7am or after 6pm to reduce evaporation.,2022-03
2022-03-30,High Crop Stress,HIGH,All crops,"Crop stress is high today. Heat, dryness and wind are combined. Shade or irrigate.",2022-03
2022-03-31,Heat Stress,HIGH,"Cowpea, Groundnut, Maize",Extreme heat may cause flower drop and yield loss. Irrigate in the evening.,2022-03
2022-03-31,Dry Heat — Pest Risk,MEDIUM,"Cowpea, Sorghum",Dry heat favours aphids and thrips. Inspect crops. Consider neem spray.,2022-03
2022-03-31,Fire Risk Alert,HIGH,"All crops, grassland","High bushfire danger. Low humidity, hot and windy conditions. Do not burn.",2022-03
2022-03-31,Irrigation Required,INFO,All irrigated crops,High water demand today. Irrigate before 7am or after 6pm to reduce evaporation.,2022-03
2022-03-31,High Crop Stress,HIGH,All crops,"Crop stress is high today. Heat, dryness and wind are combined. Shade or irrigate.",2022-03
2022-04-01,Heat Stress,HIGH,"Cowpea, Groundnut, Maize",Extreme heat may cause flower drop and yield loss. Irrigate in the evening.,2022-04
2022-04-01,Dry Heat — Pest Risk,MEDIUM,"Cowpea, Sorghum",Dry heat favours aphids and thrips. Inspect crops. Consider neem spray.,2022-04
2022-04-01,Fire Risk Alert,HIGH,"All crops, grassland","High bushfire danger. Low humidity, hot and windy conditions. Do not burn.",2022-04
2022-04-01,Irrigation Required,INFO,All irrigated crops,High water demand today. Irrigate before 7am or after 6pm to reduce evaporation.,2022-04
2022-04-01,High Crop Stress,HIGH,All crops,"Crop stress is high today. Heat, dryness and wind are combined. Shade or irrigate.",2022-04
2022-04-02,Heat Stress,HIGH,"Cowpea, Groundnut, Maize",Extreme heat may cause flower drop and yield loss. Irrigate in the evening.,2022-04
2022-04-02,Extreme Heat,CRITICAL,All crops,DANGER: Temperatures above 42°C. Emergency irrigation needed. Mulch immediately.,2022-04
2022-04-02,Dry Heat — Pest Risk,MEDIUM,"Cowpea, Sorghum",Dry heat favours aphids and thrips. Inspect crops. Consider neem spray.,2022-04
2022-04-02,Fire Risk Alert,HIGH,"All crops, grassland","High bushfire danger. Low humidity, hot and windy conditions. Do not burn.",2022-04
2022-04-02,Irrigation Required,INFO,All irrigated crops,High water demand today. Irrigate before 7am or after 6pm to reduce evaporation.,2022-04
2022-04-02,High Crop Stress,HIGH,All crops,"Crop stress is high today. Heat, dryness and wind are combined. Shade or irrigate.",2022-04
2022-04-03,Heat Stress,HIGH,"Cowpea, Groundnut, Maize",Extreme heat may cause flower drop and yield loss. Irrigate in the evening.,2022-04
2022-04-03,Dry Heat — Pest Risk,MEDIUM,"Cowpea, Sorghum",Dry heat favours aphids and thrips. Inspect crops. Consider neem spray.,2022-04
2022-04-03,Fire Risk Alert,HIGH,"All crops, grassland","High bushfire danger. Low humidity, hot and windy conditions. Do not burn.",2022-04
2022-04-03,Irrigation Required,INFO,All irrigated crops,High water demand today. Irrigate before 7am or after 6pm to reduce evaporation.,2022-04
2022-04-03,High Crop Stress,HIGH,All crops,"Crop stress is high today. Heat, dryness and wind are combined. Shade or irrigate.",2022-04
2022-04-04,Heat Stress,HIGH,"Cowpea, Groundnut, Maize",Extreme heat may cause flower drop and yield loss. Irrigate in the evening.,2022-04
2022-04-04,Dry Heat — Pest Risk,MEDIUM,"Cowpea, Sorghum",Dry heat favours aphids and thrips. Inspect crops. Consider neem spray.,2022-04
2022-04-04,Fire Risk Alert,HIGH,"All crops, grassland","High bushfire danger. Low humidity, hot and windy conditions. Do not burn.",2022-04
2022-04-04,Irrigation Required,INFO,All irrigated crops,High water demand today. Irrigate before 7am or after 6pm to reduce evaporation.,2022-04
2022-04-04,High Crop Stress,HIGH,All crops,"Crop stress is high today. Heat, dryness and wind are combined. Shade or irrigate.",2022-04
2022-04-05,Heat Stress,HIGH,"Cowpea, Groundnut, Maize",Extreme heat may cause flower drop and yield loss. Irrigate in the evening.,2022-04
2022-04-05,Dry Heat — Pest Risk,MEDIUM,"Cowpea, Sorghum",Dry heat favours aphids and thrips. Inspect crops. Consider neem spray.,2022-04
2022-04-05,High Crop Stress,HIGH,All crops,"Crop stress is high today. Heat, dryness and wind are combined. Shade or irrigate.",2022-04
2022-04-06,Heat Stress,HIGH,"Cowpea, Groundnut, Maize",Extreme heat may cause flower drop and yield loss. Irrigate in the evening.,2022-04
2022-04-06,Extreme Heat,CRITICAL,All crops,DANGER: Temperatures above 42°C. Emergency irrigation needed. Mulch immediately.,2022-04
2022-04-06,Dry Heat — Pest Risk,MEDIUM,"Cowpea, Sorghum",Dry heat favours aphids and thrips. Inspect crops. Consider neem spray.,2022-04
2022-04-06,High Crop Stress,HIGH,All crops,"Crop stress is high today. Heat, dryness and wind are combined. Shade or irrigate.",2022-04
2022-04-07,Heat Stress,HIGH,"Cowpea, Groundnut, Maize",Extreme heat may cause flower drop and yield loss. Irrigate in the evening.,2022-04
2022-04-07,Extreme Heat,CRITICAL,All crops,DANGER: Temperatures above 42°C. Emergency irrigation needed. Mulch immediately.,2022-04
2022-04-07,Dry Heat — Pest Risk,MEDIUM,"Cowpea, Sorghum",Dry heat favours aphids and thrips. Inspect crops. Consider neem spray.,2022-04
2022-04-07,High Crop Stress,HIGH,All crops,"Crop stress is high today. Heat, dryness and wind are combined. Shade or irrigate.",2022-04
2022-04-08,Heat Stress,HIGH,"Cowpea, Groundnut, Maize",Extreme heat may cause flower drop and yield loss. Irrigate in the evening.,2022-04
2022-04-08,Dry Heat — Pest Risk,MEDIUM,"Cowpea, Sorghum",Dry heat favours aphids and thrips. Inspect crops. Consider neem spray.,2022-04
2022-04-08,High Crop Stress,HIGH,All crops,"Crop stress is high today. Heat, dryness and wind are combined. Shade or irrigate.",2022-04
2022-04-09,Heat Stress,HIGH,"Cowpea, Groundnut, Maize",Extreme heat may cause flower drop and yield loss. Irrigate in the evening.,2022-04
2022-04-09,Dry Heat — Pest Risk,MEDIUM,"Cowpea, Sorghum",Dry heat favours aphids and thrips. Inspect crops. Consider neem spray.,2022-04
2022-04-10,Heat Stress,HIGH,"Cowpea, Groundnut, Maize",Extreme heat may cause flower drop and yield loss. Irrigate in the evening.,2022-04
2022-04-10,Dry Heat — Pest Risk,MEDIUM,"Cowpea, Sorghum",Dry heat favours aphids and thrips. Inspect crops. Consider neem spray.,2022-04
2022-04-11,Heat Stress,HIGH,"Cowpea, Groundnut, Maize",Extreme heat may cause flower drop and yield loss. Irrigate in the evening.,2022-04
2022-04-11,Dry Heat — Pest Risk,MEDIUM,"Cowpea, Sorghum",Dry heat favours aphids and thrips. Inspect crops. Consider neem spray.,2022-04
2022-04-11,High Crop Stress,HIGH,All crops,"Crop stress is high today. Heat, dryness and wind are combined. Shade or irrigate.",2022-04
2022-04-12,Heat Stress,HIGH,"Cowpea, Groundnut, Maize",Extreme heat may cause flower drop and yield loss. Irrigate in the evening.,2022-04
2022-04-12,Rain Likely,INFO,All crops,Signs of approaching rain. Hold off irrigation and spraying today.,2022-04
2022-04-13,Heat Stress,HIGH,"Cowpea, Groundnut, Maize",Extreme heat may cause flower drop and yield loss. Irrigate in the evening.,2022-04
2022-04-13,Dry Heat — Pest Risk,MEDIUM,"Cowpea, Sorghum",Dry heat favours aphids and thrips. Inspect crops. Consider neem spray.,2022-04
2022-04-14,Heat Stress,HIGH,"Cowpea, Groundnut, Maize",Extreme heat may cause flower drop and yield loss. Irrigate in the evening.,2022-04
2022-04-14,Dry Heat — Pest Risk,MEDIUM,"Cowpea, Sorghum",Dry heat favours aphids and thrips. Inspect crops. Consider neem spray.,2022-04
2022-04-16,Heat Stress,HIGH,"Cowpea, Groundnut, Maize",Extreme heat may cause flower drop and yield loss. Irrigate in the evening.,2022-04
2022-04-17,Heat Stress,HIGH,"Cowpea, Groundnut, Maize",Extreme heat may cause flower drop and yield loss. Irrigate in the evening.,2022-04
2022-04-17,Dry Heat — Pest Risk,MEDIUM,"Cowpea, Sorghum",Dry heat favours aphids and thrips. Inspect crops. Consider neem spray.,2022-04
2022-04-18,Dry Heat — Pest Risk,MEDIUM,"Cowpea, Sorghum",Dry heat favours aphids and thrips. Inspect crops. Consider neem spray.,2022-04
2022-04-19,Heat Stress,HIGH,"Cowpea, Groundnut, Maize",Extreme heat may cause flower drop and yield loss. Irrigate in the evening.,2022-04
2022-04-20,Heat Stress,HIGH,"Cowpea, Groundnut, Maize",Extreme heat may cause flower drop and yield loss. Irrigate in the evening.,2022-04
2022-04-20,Dry Heat — Pest Risk,MEDIUM,"Cowpea, Sorghum",Dry heat favours aphids and thrips. Inspect crops. Consider neem spray.,2022-04
2022-04-20,High Crop Stress,HIGH,All crops,"Crop stress is high today. Heat, dryness and wind are combined. Shade or irrigate.",2022-04
2022-04-21,Heat Stress,HIGH,"Cowpea, Groundnut, Maize",Extreme heat may cause flower drop and yield loss. Irrigate in the evening.,2022-04
2022-04-21,Dry Heat — Pest Risk,MEDIUM,"Cowpea, Sorghum",Dry heat favours aphids and thrips. Inspect crops. Consider neem spray.,2022-04
2022-04-21,High Crop Stress,HIGH,All crops,"Crop stress is high today. Heat, dryness and wind are combined. Shade or irrigate.",2022-04
2022-04-22,Heat Stress,HIGH,"Cowpea, Groundnut, Maize",Extreme heat may cause flower drop and yield loss. Irrigate in the evening.,2022-04
2022-04-22,Dry Heat — Pest Risk,MEDIUM,"Cowpea, Sorghum",Dry heat favours aphids and thrips. Inspect crops. Consider neem spray.,2022-04
2022-04-22,High Crop Stress,HIGH,All crops,"Crop stress is high today. Heat, dryness and wind are combined. Shade or irrigate.",2022-04
2022-04-23,Heat Stress,HIGH,"Cowpea, Groundnut, Maize",Extreme heat may cause flower drop and yield loss. Irrigate in the evening.,2022-04
2022-04-23,Dry Heat — Pest Risk,MEDIUM,"Cowpea, Sorghum",Dry heat favours aphids and thrips. Inspect crops. Consider neem spray.,2022-04
2022-04-23,High Crop Stress,HIGH,All crops,"Crop stress is high today. Heat, dryness and wind are combined. Shade or irrigate.",2022-04
2022-04-24,Heat Stress,HIGH,"Cowpea, Groundnut, Maize",Extreme heat may cause flower drop and yield loss. Irrigate in the evening.,2022-04
2022-04-24,Dry Heat — Pest Risk,MEDIUM,"Cowpea, Sorghum",Dry heat favours aphids and thrips. Inspect crops. Consider neem spray.,2022-04
2022-04-24,High Crop Stress,HIGH,All crops,"Crop stress is high today. Heat, dryness and wind are combined. Shade or irrigate.",2022-04
2022-04-25,Heat Stress,HIGH,"Cowpea, Groundnut, Maize",Extreme heat may cause flower drop and yield loss. Irrigate in the evening.,2022-04
2022-04-25,Dry Heat — Pest Risk,MEDIUM,"Cowpea, Sorghum",Dry heat favours aphids and thrips. Inspect crops. Consider neem spray.,2022-04
2022-04-25,High Crop Stress,HIGH,All crops,"Crop stress is high today. Heat, dryness and wind are combined. Shade or irrigate.",2022-04
2022-04-26,Heat Stress,HIGH,"Cowpea, Groundnut, Maize",Extreme heat may cause flower drop and yield loss. Irrigate in the evening.,2022-04
2022-04-26,Dry Heat — Pest Risk,MEDIUM,"Cowpea, Sorghum",Dry heat favours aphids and thrips. Inspect crops. Consider neem spray.,2022-04
2022-04-26,High Crop Stress,HIGH,All crops,"Crop stress is high today. Heat, dryness and wind are combined. Shade or irrigate.",2022-04
2022-04-27,Heat Stress,HIGH,"Cowpea, Groundnut, Maize",Extreme heat may cause flower drop and yield loss. Irrigate in the evening.,2022-04
2022-04-27,Dry Heat — Pest Risk,MEDIUM,"Cowpea, Sorghum",Dry heat favours aphids and thrips. Inspect crops. Consider neem spray.,2022-04
2022-04-27,Fire Risk Alert,HIGH,"All crops, grassland","High bushfire danger. Low humidity, hot and windy conditions. Do not burn.",2022-04
2022-04-27,Irrigation Required,INFO,All irrigated crops,High water demand today. Irrigate before 7am or after 6pm to reduce evaporation.,2022-04
2022-04-27,High Crop Stress,HIGH,All crops,"Crop stress is high today. Heat, dryness and wind are combined. Shade or irrigate.",2022-04
2022-04-28,Heat Stress,HIGH,"Cowpea, Groundnut, Maize",Extreme heat may cause flower drop and yield loss. Irrigate in the evening.,2022-04
2022-04-28,Irrigation Required,INFO,All irrigated crops,High water demand today. Irrigate before 7am or after 6pm to reduce evaporation.,2022-04
2022-04-28,Rain Likely,INFO,All crops,Signs of approaching rain. Hold off irrigation and spraying today.,2022-04
2022-04-29,Heat Stress,HIGH,"Cowpea, Groundnut, Maize",Extreme heat may cause flower drop and yield loss. Irrigate in the evening.,2022-04
2022-04-29,Dry Heat — Pest Risk,MEDIUM,"Cowpea, Sorghum",Dry heat favours aphids and thrips. Inspect crops. Consider neem spray.,2022-04
2022-04-29,Irrigation Required,INFO,All irrigated crops,High water demand today. Irrigate before 7am or after 6pm to reduce evaporation.,2022-04
2022-04-30,Heat Stress,HIGH,"Cowpea, Groundnut, Maize",Extreme heat may cause flower drop and yield loss. Irrigate in the evening.,2022-04
2022-04-30,Dry Heat — Pest Risk,MEDIUM,"Cowpea, Sorghum",Dry heat favours aphids and thrips. Inspect crops. Consider neem spray.,2022-04
2022-04-30,Irrigation Required,INFO,All irrigated crops,High water demand today. Irrigate before 7am or after 6pm to reduce evaporation.,2022-04
2022-05-01,Heat Stress,HIGH,"Cowpea, Groundnut, Maize",Extreme heat may cause flower drop and yield loss. Irrigate in the evening.,2022-05
2022-05-01,Extreme Heat,CRITICAL,All crops,DANGER: Temperatures above 42°C. Emergency irrigation needed. Mulch immediately.,2022-05
2022-05-01,Dry Heat — Pest Risk,MEDIUM,"Cowpea, Sorghum",Dry heat favours aphids and thrips. Inspect crops. Consider neem spray.,2022-05
2022-05-01,Irrigation Required,INFO,All irrigated crops,High water demand today. Irrigate before 7am or after 6pm to reduce evaporation.,2022-05
2022-05-01,High Crop Stress,HIGH,All crops,"Crop stress is high today. Heat, dryness and wind are combined. Shade or irrigate.",2022-05
2022-05-02,Heat Stress,HIGH,"Cowpea, Groundnut, Maize",Extreme heat may cause flower drop and yield loss. Irrigate in the evening.,2022-05
2022-05-02,Dry Heat — Pest Risk,MEDIUM,"Cowpea, Sorghum",Dry heat favours aphids and thrips. Inspect crops. Consider neem spray.,2022-05
2022-05-02,Irrigation Required,INFO,All irrigated crops,High water demand today. Irrigate before 7am or after 6pm to reduce evaporation.,2022-05
2022-05-02,High Crop Stress,HIGH,All crops,"Crop stress is high today. Heat, dryness and wind are combined. Shade or irrigate.",2022-05
2022-05-03,Heat Stress,HIGH,"Cowpea, Groundnut, Maize",Extreme heat may cause flower drop and yield loss. Irrigate in the evening.,2022-05
2022-05-03,Irrigation Required,INFO,All irrigated crops,High water demand today. Irrigate before 7am or after 6pm to reduce evaporation.,2022-05
2022-05-04,Heat Stress,HIGH,"Cowpea, Groundnut, Maize",Extreme heat may cause flower drop and yield loss. Irrigate in the evening.,2022-05
2022-05-04,Dry Heat — Pest Risk,MEDIUM,"Cowpea, Sorghum",Dry heat favours aphids and thrips. Inspect crops. Consider neem spray.,2022-05
2022-05-04,Irrigation Required,INFO,All irrigated crops,High water demand today. Irrigate before 7am or after 6pm to reduce evaporation.,2022-05
2022-05-04,High Crop Stress,HIGH,All crops,"Crop stress is high today. Heat, dryness and wind are combined. Shade or irrigate.",2022-05
2022-05-05,Heat Stress,HIGH,"Cowpea, Groundnut, Maize",Extreme heat may cause flower drop and yield loss. Irrigate in the evening.,2022-05
2022-05-05,Dry Heat — Pest Risk,MEDIUM,"Cowpea, Sorghum",Dry heat favours aphids and thrips. Inspect crops. Consider neem spray.,2022-05
2022-05-05,Irrigation Required,INFO,All irrigated crops,High water demand today. Irrigate before 7am or after 6pm to reduce evaporation.,2022-05
2022-05-06,Heat Stress,HIGH,"Cowpea, Groundnut, Maize",Extreme heat may cause flower drop and yield loss. Irrigate in the evening.,2022-05
2022-05-06,Irrigation Required,INFO,All irrigated crops,High water demand today. Irrigate before 7am or after 6pm to reduce evaporation.,2022-05
2022-05-07,Heat Stress,HIGH,"Cowpea, Groundnut, Maize",Extreme heat may cause flower drop and yield loss. Irrigate in the evening.,2022-05
2022-05-07,Dry Heat — Pest Risk,MEDIUM,"Cowpea, Sorghum",Dry heat favours aphids and thrips. Inspect crops. Consider neem spray.,2022-05
2022-05-07,Irrigation Required,INFO,All irrigated crops,High water demand today. Irrigate before 7am or after 6pm to reduce evaporation.,2022-05
2022-05-08,Heat Stress,HIGH,"Cowpea, Groundnut, Maize",Extreme heat may cause flower drop and yield loss. Irrigate in the evening.,2022-05
2022-05-08,Dry Heat — Pest Risk,MEDIUM,"Cowpea, Sorghum",Dry heat favours aphids and thrips. Inspect crops. Consider neem spray.,2022-05
2022-05-08,Irrigation Required,INFO,All irrigated crops,High water demand today. Irrigate before 7am or after 6pm to reduce evaporation.,2022-05
2022-05-10,Heat Stress,HIGH,"Cowpea, Groundnut, Maize",Extreme heat may cause flower drop and yield loss. Irrigate in the evening.,2022-05
2022-05-10,Irrigation Required,INFO,All irrigated crops,High water demand today. Irrigate before 7am or after 6pm to reduce evaporation.,2022-05
2022-05-11,Heat Stress,HIGH,"Cowpea, Groundnut, Maize",Extreme heat may cause flower drop and yield loss. Irrigate in the evening.,2022-05
2022-05-11,Dry Heat — Pest Risk,MEDIUM,"Cowpea, Sorghum",Dry heat favours aphids and thrips. Inspect crops. Consider neem spray.,2022-05
2022-05-12,Heat Stress,HIGH,"Cowpea, Groundnut, Maize",Extreme heat may cause flower drop and yield loss. Irrigate in the evening.,2022-05
2022-05-12,Irrigation Required,INFO,All irrigated crops,High water demand today. Irrigate before 7am or after 6pm to reduce evaporation.,2022-05
2022-05-13,Heat Stress,HIGH,"Cowpea, Groundnut, Maize",Extreme heat may cause flower drop and yield loss. Irrigate in the evening.,2022-05
2022-05-13,Dry Heat — Pest Risk,MEDIUM,"Cowpea, Sorghum",Dry heat favours aphids and thrips. Inspect crops. Consider neem spray.,2022-05
2022-05-13,Irrigation Required,INFO,All irrigated crops,High water demand today. Irrigate before 7am or after 6pm to reduce evaporation.,2022-05
2022-05-14,Heat Stress,HIGH,"Cowpea, Groundnut, Maize",Extreme heat may cause flower drop and yield loss. Irrigate in the evening.,2022-05
2022-05-14,Irrigation Required,INFO,All irrigated crops,High water demand today. Irrigate before 7am or after 6pm to reduce evaporation.,2022-05
2022-05-15,Heat Stress,HIGH,"Cowpea, Groundnut, Maize",Extreme heat may cause flower drop and yield loss. Irrigate in the evening.,2022-05
2022-05-15,Dry Heat — Pest Risk,MEDIUM,"Cowpea, Sorghum",Dry heat favours aphids and thrips. Inspect crops. Consider neem spray.,2022-05
2022-05-15,Irrigation Required,INFO,All irrigated crops,High water demand today. Irrigate before 7am or after 6pm to reduce evaporation.,2022-05
2022-05-16,Dry Heat — Pest Risk,MEDIUM,"Cowpea, Sorghum",Dry heat favours aphids and thrips. Inspect crops. Consider neem spray.,2022-05
2022-05-16,Irrigation Required,INFO,All irrigated crops,High water demand today. Irrigate before 7am or after 6pm to reduce evaporation.,2022-05
2022-05-17,Dry Heat — Pest Risk,MEDIUM,"Cowpea, Sorghum",Dry heat favours aphids and thrips. Inspect crops. Consider neem spray.,2022-05
2022-05-17,Irrigation Required,INFO,All irrigated crops,High water demand today. Irrigate before 7am or after 6pm to reduce evaporation.,2022-05
2022-05-19,Heat Stress,HIGH,"Cowpea, Groundnut, Maize",Extreme heat may cause flower drop and yield loss. Irrigate in the evening.,2022-05
2022-05-19,Irrigation Required,INFO,All irrigated crops,High water demand today. Irrigate before 7am or after 6pm to reduce evaporation.,2022-05
2022-05-20,Heat Stress,HIGH,"Cowpea, Groundnut, Maize",Extreme heat may cause flower drop and yield loss. Irrigate in the evening.,2022-05
2022-05-20,Dry Heat — Pest Risk,MEDIUM,"Cowpea, Sorghum",Dry heat favours aphids and thrips. Inspect crops. Consider neem spray.,2022-05
2022-05-20,Irrigation Required,INFO,All irrigated crops,High water demand today. Irrigate before 7am or after 6pm to reduce evaporation.,2022-05
2022-05-21,Heat Stress,HIGH,"Cowpea, Groundnut, Maize",Extreme heat may cause flower drop and yield loss. Irrigate in the evening.,2022-05
2022-05-21,Dry Heat — Pest Risk,MEDIUM,"Cowpea, Sorghum",Dry heat favours aphids and thrips. Inspect crops. Consider neem spray.,2022-05
2022-05-21,Irrigation Required,INFO,All irrigated crops,High water demand today. Irrigate before 7am or after 6pm to reduce evaporation.,2022-05
2022-05-22,Heat Stress,HIGH,"Cowpea, Groundnut, Maize",Extreme heat may cause flower drop and yield loss. Irrigate in the evening.,2022-05
2022-05-22,Dry Heat — Pest Risk,MEDIUM,"Cowpea, Sorghum",Dry heat favours aphids and thrips. Inspect crops. Consider neem spray.,2022-05
2022-05-22,Irrigation Required,INFO,All irrigated crops,High water demand today. Irrigate before 7am or after 6pm to reduce evaporation.,2022-05
2022-05-23,Heat Stress,HIGH,"Cowpea, Groundnut, Maize",Extreme heat may cause flower drop and yield loss. Irrigate in the evening.,2022-05
2022-05-23,Dry Heat — Pest Risk,MEDIUM,"Cowpea, Sorghum",Dry heat favours aphids and thrips. Inspect crops. Consider neem spray.,2022-05
2022-05-23,Irrigation Required,INFO,All irrigated crops,High water demand today. Irrigate before 7am or after 6pm to reduce evaporation.,2022-05
2022-05-23,High Crop Stress,HIGH,All crops,"Crop stress is high today. Heat, dryness and wind are combined. Shade or irrigate.",2022-05
2022-05-24,Heat Stress,HIGH,"Cowpea, Groundnut, Maize",Extreme heat may cause flower drop and yield loss. Irrigate in the evening.,2022-05
2022-05-24,Dry Heat — Pest Risk,MEDIUM,"Cowpea, Sorghum",Dry heat favours aphids and thrips. Inspect crops. Consider neem spray.,2022-05
2022-05-24,Irrigation Required,INFO,All irrigated crops,High water demand today. Irrigate before 7am or after 6pm to reduce evaporation.,2022-05
2022-05-24,High Crop Stress,HIGH,All crops,"Crop stress is high today. Heat, dryness and wind are combined. Shade or irrigate.",2022-05
2022-05-25,Heat Stress,HIGH,"Cowpea, Groundnut, Maize",Extreme heat may cause flower drop and yield loss. Irrigate in the evening.,2022-05
2022-05-25,Dry Heat — Pest Risk,MEDIUM,"Cowpea, Sorghum",Dry heat favours aphids and thrips. Inspect crops. Consider neem spray.,2022-05
2022-05-25,Irrigation Required,INFO,All irrigated crops,High water demand today. Irrigate before 7am or after 6pm to reduce evaporation.,2022-05
2022-05-26,Heat Stress,HIGH,"Cowpea, Groundnut, Maize",Extreme heat may cause flower drop and yield loss. Irrigate in the evening.,2022-05
2022-05-26,Irrigation Required,INFO,All irrigated crops,High water demand today. Irrigate before 7am or after 6pm to reduce evaporation.,2022-05
2022-05-27,Heat Stress,HIGH,"Cowpea, Groundnut, Maize",Extreme heat may cause flower drop and yield loss. Irrigate in the evening.,2022-05
2022-05-27,Irrigation Required,INFO,All irrigated crops,High water demand today. Irrigate before 7am or after 6pm to reduce evaporation.,2022-05
2022-05-28,Heat Stress,HIGH,"Cowpea, Groundnut, Maize",Extreme heat may cause flower drop and yield loss. Irrigate in the evening.,2022-05
2022-05-28,Irrigation Required,INFO,All irrigated crops,High water demand today. Irrigate before 7am or after 6pm to reduce evaporation.,2022-05
2022-05-29,Heat Stress,HIGH,"Cowpea, Groundnut, Maize",Extreme heat may cause flower drop and yield loss. Irrigate in the evening.,2022-05
2022-05-29,Dry Heat — Pest Risk,MEDIUM,"Cowpea, Sorghum",Dry heat favours aphids and thrips. Inspect crops. Consider neem spray.,2022-05
2022-05-29,Irrigation Required,INFO,All irrigated crops,High water demand today. Irrigate before 7am or after 6pm to reduce evaporation.,2022-05
2022-05-30,Heat Stress,HIGH,"Cowpea, Groundnut, Maize",Extreme heat may cause flower drop and yield loss. Irrigate in the evening.,2022-05
2022-05-30,Dry Heat — Pest Risk,MEDIUM,"Cowpea, Sorghum",Dry heat favours aphids and thrips. Inspect crops. Consider neem spray.,2022-05
2022-05-30,Irrigation Required,INFO,All irrigated crops,High water demand today. Irrigate before 7am or after 6pm to reduce evaporation.,2022-05
2022-05-31,Heat Stress,HIGH,"Cowpea, Groundnut, Maize",Extreme heat may cause flower drop and yield loss. Irrigate in the evening.,2022-05
2022-05-31,Dry Heat — Pest Risk,MEDIUM,"Cowpea, Sorghum",Dry heat favours aphids and thrips. Inspect crops. Consider neem spray.,2022-05
2022-05-31,Irrigation Required,INFO,All irrigated crops,High water demand today. Irrigate before 7am or after 6pm to reduce evaporation.,2022-05
2022-06-01,Heat Stress,HIGH,"Cowpea, Groundnut, Maize",Extreme heat may cause flower drop and yield loss. Irrigate in the evening.,2022-06
2022-06-01,Irrigation Required,INFO,All irrigated crops,High water demand today. Irrigate before 7am or after 6pm to reduce evaporation.,2022-06
2022-06-02,Heat Stress,HIGH,"Cowpea, Groundnut, Maize",Extreme heat may cause flower drop and yield loss. Irrigate in the evening.,2022-06
2022-06-02,Dry Heat — Pest Risk,MEDIUM,"Cowpea, Sorghum",Dry heat favours aphids and thrips. Inspect crops. Consider neem spray.,2022-06
2022-06-02,Irrigation Required,INFO,All irrigated crops,High water demand today. Irrigate before 7am or after 6pm to reduce evaporation.,2022-06
2022-06-03,Irrigation Required,INFO,All irrigated crops,High water demand today. Irrigate before 7am or after 6pm to reduce evaporation.,2022-06
2022-06-05,Heat Stress,HIGH,"Cowpea, Groundnut, Maize",Extreme heat may cause flower drop and yield loss. Irrigate in the evening.,2022-06
2022-06-06,Irrigation Required,INFO,All irrigated crops,High water demand today. Irrigate before 7am or after 6pm to reduce evaporation.,2022-06
2022-06-07,Heat Stress,HIGH,"Cowpea, Groundnut, Maize",Extreme heat may cause flower drop and yield loss. Irrigate in the evening.,2022-06
2022-06-07,Dry Heat — Pest Risk,MEDIUM,"Cowpea, Sorghum",Dry heat favours aphids and thrips. Inspect crops. Consider neem spray.,2022-06
2022-06-07,Irrigation Required,INFO,All irrigated crops,High water demand today. Irrigate before 7am or after 6pm to reduce evaporation.,2022-06
2022-06-08,Heat Stress,HIGH,"Cowpea, Groundnut, Maize",Extreme heat may cause flower drop and yield loss. Irrigate in the evening.,2022-06
2022-06-08,Dry Heat — Pest Risk,MEDIUM,"Cowpea, Sorghum",Dry heat favours aphids and thrips. Inspect crops. Consider neem spray.,2022-06
2022-06-08,Irrigation Required,INFO,All irrigated crops,High water demand today. Irrigate before 7am or after 6pm to reduce evaporation.,2022-06
2022-06-11,Planting Window Open,POSITIVE,"Millet, Sorghum, Cowpea",Good planting conditions. Soil warm and moisture adequate. Plant within 48 hours.,2022-06
2022-06-12,Rain Likely,INFO,All crops,Signs of approaching rain. Hold off irrigation and spraying today.,2022-06
2022-06-12,Planting Window Open,POSITIVE,"Millet, Sorghum, Cowpea",Good planting conditions. Soil warm and moisture adequate. Plant within 48 hours.,2022-06
2022-06-13,Planting Window Open,POSITIVE,"Millet, Sorghum, Cowpea",Good planting conditions. Soil warm and moisture adequate. Plant within 48 hours.,2022-06
2022-06-15,Rain Likely,INFO,All crops,Signs of approaching rain. Hold off irrigation and spraying today.,2022-06
2022-06-15,Planting Window Open,POSITIVE,"Millet, Sorghum, Cowpea",Good planting conditions. Soil warm and moisture adequate. Plant within 48 hours.,2022-06
2022-06-16,Planting Window Open,POSITIVE,"Millet, Sorghum, Cowpea",Good planting conditions. Soil warm and moisture adequate. Plant within 48 hours.,2022-06
2022-06-17,Planting Window Open,POSITIVE,"Millet, Sorghum, Cowpea",Good planting conditions. Soil warm and moisture adequate. Plant within 48 hours.,2022-06
2022-06-18,Planting Window Open,POSITIVE,"Millet, Sorghum, Cowpea",Good planting conditions. Soil warm and moisture adequate. Plant within 48 hours.,2022-06
2022-06-21,Planting Window Open,POSITIVE,"Millet, Sorghum, Cowpea",Good planting conditions. Soil warm and moisture adequate. Plant within 48 hours.,2022-06
2022-06-23,Planting Window Open,POSITIVE,"Millet, Sorghum, Cowpea",Good planting conditions. Soil warm and moisture adequate. Plant within 48 hours.,2022-06
2022-06-24,Planting Window Open,POSITIVE,"Millet, Sorghum, Cowpea",Good planting conditions. Soil warm and moisture adequate. Plant within 48 hours.,2022-06
2022-06-27,Planting Window Open,POSITIVE,"Millet, Sorghum, Cowpea",Good planting conditions. Soil warm and moisture adequate. Plant within 48 hours.,2022-06
2022-06-28,Planting Window Open,POSITIVE,"Millet, Sorghum, Cowpea",Good planting conditions. Soil warm and moisture adequate. Plant within 48 hours.,2022-06
2022-06-29,Planting Window Open,POSITIVE,"Millet, Sorghum, Cowpea",Good planting conditions. Soil warm and moisture adequate. Plant within 48 hours.,2022-06
2022-06-30,Planting Window Open,POSITIVE,"Millet, Sorghum, Cowpea",Good planting conditions. Soil warm and moisture adequate. Plant within 48 hours.,2022-06
2022-07-01,Planting Window Open,POSITIVE,"Millet, Sorghum, Cowpea",Good planting conditions. Soil warm and moisture adequate. Plant within 48 hours.,2022-07
2022-07-02,Planting Window Open,POSITIVE,"Millet, Sorghum, Cowpea",Good planting conditions. Soil warm and moisture adequate. Plant within 48 hours.,2022-07
2022-07-03,Planting Window Open,POSITIVE,"Millet, Sorghum, Cowpea",Good planting conditions. Soil warm and moisture adequate. Plant within 48 hours.,2022-07
2022-07-04,Planting Window Open,POSITIVE,"Millet, Sorghum, Cowpea",Good planting conditions. Soil warm and moisture adequate. Plant within 48 hours.,2022-07
2022-07-05,Planting Window Open,POSITIVE,"Millet, Sorghum, Cowpea",Good planting conditions. Soil warm and moisture adequate. Plant within 48 hours.,2022-07
2022-07-06,Planting Window Open,POSITIVE,"Millet, Sorghum, Cowpea",Good planting conditions. Soil warm and moisture adequate. Plant within 48 hours.,2022-07
2022-07-07,Planting Window Open,POSITIVE,"Millet, Sorghum, Cowpea",Good planting conditions. Soil warm and moisture adequate. Plant within 48 hours.,2022-07
2022-07-09,Planting Window Open,POSITIVE,"Millet, Sorghum, Cowpea",Good planting conditions. Soil warm and moisture adequate. Plant within 48 hours.,2022-07
2022-07-12,Planting Window Open,POSITIVE,"Millet, Sorghum, Cowpea",Good planting conditions. Soil warm and moisture adequate. Plant within 48 hours.,2022-07
2022-07-13,Rain Likely,INFO,All crops,Signs of approaching rain. Hold off irrigation and spraying today.,2022-07
2022-07-13,Planting Window Open,POSITIVE,"Millet, Sorghum, Cowpea",Good planting conditions. Soil warm and moisture adequate. Plant within 48 hours.,2022-07
2022-07-14,Planting Window Open,POSITIVE,"Millet, Sorghum, Cowpea",Good planting conditions. Soil warm and moisture adequate. Plant within 48 hours.,2022-07
2022-07-15,Rain Likely,INFO,All crops,Signs of approaching rain. Hold off irrigation and spraying today.,2022-07
2022-07-15,Planting Window Open,POSITIVE,"Millet, Sorghum, Cowpea",Good planting conditions. Soil warm and moisture adequate. Plant within 48 hours.,2022-07
2022-07-16,Planting Window Open,POSITIVE,"Millet, Sorghum, Cowpea",Good planting conditions. Soil warm and moisture adequate. Plant within 48 hours.,2022-07
2022-07-17,Fungal Risk Spike,MEDIUM,"Tomato, Pepper, Onion",Heavy moist air detected. Check leaves for spots. Apply fungicide if needed.,2022-07
2022-07-17,Rain Likely,INFO,All crops,Signs of approaching rain. Hold off irrigation and spraying today.,2022-07
2022-07-18,Planting Window Open,POSITIVE,"Millet, Sorghum, Cowpea",Good planting conditions. Soil warm and moisture adequate. Plant within 48 hours.,2022-07
2022-07-19,Planting Window Open,POSITIVE,"Millet, Sorghum, Cowpea",Good planting conditions. Soil warm and moisture adequate. Plant within 48 hours.,2022-07
2022-07-21,Planting Window Open,POSITIVE,"Millet, Sorghum, Cowpea",Good planting conditions. Soil warm and moisture adequate. Plant within 48 hours.,2022-07
2022-07-22,Planting Window Open,POSITIVE,"Millet, Sorghum, Cowpea",Good planting conditions. Soil warm and moisture adequate. Plant within 48 hours.,2022-07
2022-07-23,Planting Window Open,POSITIVE,"Millet, Sorghum, Cowpea",Good planting conditions. Soil warm and moisture adequate. Plant within 48 hours.,2022-07
2022-07-24,Rain Likely,INFO,All crops,Signs of approaching rain. Hold off irrigation and spraying today.,2022-07
2022-07-24,Planting Window Open,POSITIVE,"Millet, Sorghum, Cowpea",Good planting conditions. Soil warm and moisture adequate. Plant within 48 hours.,2022-07
2022-07-25,Planting Window Open,POSITIVE,"Millet, Sorghum, Cowpea",Good planting conditions. Soil warm and moisture adequate. Plant within 48 hours.,2022-07
2022-07-26,Planting Window Open,POSITIVE,"Millet, Sorghum, Cowpea",Good planting conditions. Soil warm and moisture adequate. Plant within 48 hours.,2022-07
2022-07-27,Planting Window Open,POSITIVE,"Millet, Sorghum, Cowpea",Good planting conditions. Soil warm and moisture adequate. Plant within 48 hours.,2022-07
2022-07-28,Planting Window Open,POSITIVE,"Millet, Sorghum, Cowpea",Good planting conditions. Soil warm and moisture adequate. Plant within 48 hours.,2022-07
2022-07-29,Planting Window Open,POSITIVE,"Millet, Sorghum, Cowpea",Good planting conditions. Soil warm and moisture adequate. Plant within 48 hours.,2022-07
2022-07-31,Planting Window Open,POSITIVE,"Millet, Sorghum, Cowpea",Good planting conditions. Soil warm and moisture adequate. Plant within 48 hours.,2022-07
2022-08-01,Planting Window Open,POSITIVE,"Millet, Sorghum, Cowpea",Good planting conditions. Soil warm and moisture adequate. Plant within 48 hours.,2022-08
2022-08-02,Fungal Risk Spike,MEDIUM,"Tomato, Pepper, Onion",Heavy moist air detected. Check leaves for spots. Apply fungicide if needed.,2022-08
2022-08-02,Rain Likely,INFO,All crops,Signs of approaching rain. Hold off irrigation and spraying today.,2022-08
2022-08-03,Fungal Risk Spike,MEDIUM,"Tomato, Pepper, Onion",Heavy moist air detected. Check leaves for spots. Apply fungicide if needed.,2022-08
2022-08-04,Planting Window Open,POSITIVE,"Millet, Sorghum, Cowpea",Good planting conditions. Soil warm and moisture adequate. Plant within 48 hours.,2022-08
2022-08-05,Planting Window Open,POSITIVE,"Millet, Sorghum, Cowpea",Good planting conditions. Soil warm and moisture adequate. Plant within 48 hours.,2022-08
2022-08-06,Rain Likely,INFO,All crops,Signs of approaching rain. Hold off irrigation and spraying today.,2022-08
2022-08-06,Planting Window Open,POSITIVE,"Millet, Sorghum, Cowpea",Good planting conditions. Soil warm and moisture adequate. Plant within 48 hours.,2022-08
2022-08-07,Planting Window Open,POSITIVE,"Millet, Sorghum, Cowpea",Good planting conditions. Soil warm and moisture adequate. Plant within 48 hours.,2022-08
2022-08-08,Planting Window Open,POSITIVE,"Millet, Sorghum, Cowpea",Good planting conditions. Soil warm and moisture adequate. Plant within 48 hours.,2022-08
2022-08-09,Planting Window Open,POSITIVE,"Millet, Sorghum, Cowpea",Good planting conditions. Soil warm and moisture adequate. Plant within 48 hours.,2022-08
2022-08-10,Planting Window Open,POSITIVE,"Millet, Sorghum, Cowpea",Good planting conditions. Soil warm and moisture adequate. Plant within 48 hours.,2022-08
2022-08-11,Planting Window Open,POSITIVE,"Millet, Sorghum, Cowpea",Good planting conditions. Soil warm and moisture adequate. Plant within 48 hours.,2022-08
2022-08-12,Planting Window Open,POSITIVE,"Millet, Sorghum, Cowpea",Good planting conditions. Soil warm and moisture adequate. Plant within 48 hours.,2022-08
2022-08-13,Fungal Risk Spike,MEDIUM,"Tomato, Pepper, Onion",Heavy moist air detected. Check leaves for spots. Apply fungicide if needed.,2022-08
2022-08-13,Rain Likely,INFO,All crops,Signs of approaching rain. Hold off irrigation and spraying today.,2022-08
2022-08-14,Fungal Risk Spike,MEDIUM,"Tomato, Pepper, Onion",Heavy moist air detected. Check leaves for spots. Apply fungicide if needed.,2022-08
2022-08-15,Fungal Risk Spike,MEDIUM,"Tomato, Pepper, Onion",Heavy moist air detected. Check leaves for spots. Apply fungicide if needed.,2022-08
2022-08-16,Planting Window Open,POSITIVE,"Millet, Sorghum, Cowpea",Good planting conditions. Soil warm and moisture adequate. Plant within 48 hours.,2022-08
2022-08-17,Rain Likely,INFO,All crops,Signs of approaching rain. Hold off irrigation and spraying today.,2022-08
2022-08-17,Planting Window Open,POSITIVE,"Millet, Sorghum, Cowpea",Good planting conditions. Soil warm and moisture adequate. Plant within 48 hours.,2022-08
2022-08-18,Planting Window Open,POSITIVE,"Millet, Sorghum, Cowpea",Good planting conditions. Soil warm and moisture adequate. Plant within 48 hours.,2022-08
2022-08-19,Fungal Risk Spike,MEDIUM,"Tomato, Pepper, Onion",Heavy moist air detected. Check leaves for spots. Apply fungicide if needed.,2022-08
2022-08-20,Rain Likely,INFO,All crops,Signs of approaching rain. Hold off irrigation and spraying today.,2022-08
2022-08-20,Planting Window Open,POSITIVE,"Millet, Sorghum, Cowpea",Good planting conditions. Soil warm and moisture adequate. Plant within 48 hours.,2022-08
2022-08-21,Planting Window Open,POSITIVE,"Millet, Sorghum, Cowpea",Good planting conditions. Soil warm and moisture adequate. Plant within 48 hours.,2022-08
2022-08-22,Planting Window Open,POSITIVE,"Millet, Sorghum, Cowpea",Good planting conditions. Soil warm and moisture adequate. Plant within 48 hours.,2022-08
2022-08-23,Planting Window Open,POSITIVE,"Millet, Sorghum, Cowpea",Good planting conditions. Soil warm and moisture adequate. Plant within 48 hours.,2022-08
2022-08-24,Rain Likely,INFO,All crops,Signs of approaching rain. Hold off irrigation and spraying today.,2022-08
2022-08-24,Planting Window Open,POSITIVE,"Millet, Sorghum, Cowpea",Good planting conditions. Soil warm and moisture adequate. Plant within 48 hours.,2022-08
2022-08-25,Fungal Risk Spike,MEDIUM,"Tomato, Pepper, Onion",Heavy moist air detected. Check leaves for spots. Apply fungicide if needed.,2022-08
2022-08-25,Rain Likely,INFO,All crops,Signs of approaching rain. Hold off irrigation and spraying today.,2022-08
2022-08-26,Planting Window Open,POSITIVE,"Millet, Sorghum, Cowpea",Good planting conditions. Soil warm and moisture adequate. Plant within 48 hours.,2022-08
2022-08-27,Planting Window Open,POSITIVE,"Millet, Sorghum, Cowpea",Good planting conditions. Soil warm and moisture adequate. Plant within 48 hours.,2022-08
2022-08-28,Fungal Risk Spike,MEDIUM,"Tomato, Pepper, Onion",Heavy moist air detected. Check leaves for spots. Apply fungicide if needed.,2022-08
2022-08-30,Planting Window Open,POSITIVE,"Millet, Sorghum, Cowpea",Good planting conditions. Soil warm and moisture adequate. Plant within 48 hours.,2022-08
2022-08-31,Planting Window Open,POSITIVE,"Millet, Sorghum, Cowpea",Good planting conditions. Soil warm and moisture adequate. Plant within 48 hours.,2022-08
2022-09-01,Planting Window Open,POSITIVE,"Millet, Sorghum, Cowpea",Good planting conditions. Soil warm and moisture adequate. Plant within 48 hours.,2022-09
2022-09-02,Fungal Risk Spike,MEDIUM,"Tomato, Pepper, Onion",Heavy moist air detected. Check leaves for spots. Apply fungicide if needed.,2022-09
2022-09-02,Planting Window Open,POSITIVE,"Millet, Sorghum, Cowpea",Good planting conditions. Soil warm and moisture adequate. Plant within 48 hours.,2022-09
2022-09-03,Planting Window Open,POSITIVE,"Millet, Sorghum, Cowpea",Good planting conditions. Soil warm and moisture adequate. Plant within 48 hours.,2022-09
2022-09-04,Planting Window Open,POSITIVE,"Millet, Sorghum, Cowpea",Good planting conditions. Soil warm and moisture adequate. Plant within 48 hours.,2022-09
2022-09-05,Planting Window Open,POSITIVE,"Millet, Sorghum, Cowpea",Good planting conditions. Soil warm and moisture adequate. Plant within 48 hours.,2022-09
2022-09-06,Rain Likely,INFO,All crops,Signs of approaching rain. Hold off irrigation and spraying today.,2022-09
2022-09-06,Planting Window Open,POSITIVE,"Millet, Sorghum, Cowpea",Good planting conditions. Soil warm and moisture adequate. Plant within 48 hours.,2022-09
2022-09-07,Planting Window Open,POSITIVE,"Millet, Sorghum, Cowpea",Good planting conditions. Soil warm and moisture adequate. Plant within 48 hours.,2022-09
2022-09-08,Planting Window Open,POSITIVE,"Millet, Sorghum, Cowpea",Good planting conditions. Soil warm and moisture adequate. Plant within 48 hours.,2022-09
2022-09-09,Planting Window Open,POSITIVE,"Millet, Sorghum, Cowpea",Good planting conditions. Soil warm and moisture adequate. Plant within 48 hours.,2022-09
2022-09-10,Planting Window Open,POSITIVE,"Millet, Sorghum, Cowpea",Good planting conditions. Soil warm and moisture adequate. Plant within 48 hours.,2022-09
2022-09-11,Planting Window Open,POSITIVE,"Millet, Sorghum, Cowpea",Good planting conditions. Soil warm and moisture adequate. Plant within 48 hours.,2022-09
2022-09-12,Planting Window Open,POSITIVE,"Millet, Sorghum, Cowpea",Good planting conditions. Soil warm and moisture adequate. Plant within 48 hours.,2022-09
2022-09-13,Planting Window Open,POSITIVE,"Millet, Sorghum, Cowpea",Good planting conditions. Soil warm and moisture adequate. Plant within 48 hours.,2022-09
2022-09-14,Planting Window Open,POSITIVE,"Millet, Sorghum, Cowpea",Good planting conditions. Soil warm and moisture adequate. Plant within 48 hours.,2022-09
2022-09-15,Planting Window Open,POSITIVE,"Millet, Sorghum, Cowpea",Good planting conditions. Soil warm and moisture adequate. Plant within 48 hours.,2022-09
2022-09-16,Rain Likely,INFO,All crops,Signs of approaching rain. Hold off irrigation and spraying today.,2022-09
2022-09-16,Planting Window Open,POSITIVE,"Millet, Sorghum, Cowpea",Good planting conditions. Soil warm and moisture adequate. Plant within 48 hours.,2022-09
2022-09-17,Planting Window Open,POSITIVE,"Millet, Sorghum, Cowpea",Good planting conditions. Soil warm and moisture adequate. Plant within 48 hours.,2022-09
2022-09-18,Planting Window Open,POSITIVE,"Millet, Sorghum, Cowpea",Good planting conditions. Soil warm and moisture adequate. Plant within 48 hours.,2022-09
2022-09-19,Planting Window Open,POSITIVE,"Millet, Sorghum, Cowpea",Good planting conditions. Soil warm and moisture adequate. Plant within 48 hours.,2022-09
2022-09-20,Planting Window Open,POSITIVE,"Millet, Sorghum, Cowpea",Good planting conditions. Soil warm and moisture adequate. Plant within 48 hours.,2022-09
2022-09-21,Planting Window Open,POSITIVE,"Millet, Sorghum, Cowpea",Good planting conditions. Soil warm and moisture adequate. Plant within 48 hours.,2022-09
2022-09-22,Planting Window Open,POSITIVE,"Millet, Sorghum, Cowpea",Good planting conditions. Soil warm and moisture adequate. Plant within 48 hours.,2022-09
2022-09-23,Planting Window Open,POSITIVE,"Millet, Sorghum, Cowpea",Good planting conditions. Soil warm and moisture adequate. Plant within 48 hours.,2022-09
2022-09-24,Planting Window Open,POSITIVE,"Millet, Sorghum, Cowpea",Good planting conditions. Soil warm and moisture adequate. Plant within 48 hours.,2022-09
2022-09-25,Planting Window Open,POSITIVE,"Millet, Sorghum, Cowpea",Good planting conditions. Soil warm and moisture adequate. Plant within 48 hours.,2022-09
2022-09-26,Planting Window Open,POSITIVE,"Millet, Sorghum, Cowpea",Good planting conditions. Soil warm and moisture adequate. Plant within 48 hours.,2022-09
2022-09-27,Planting Window Open,POSITIVE,"Millet, Sorghum, Cowpea",Good planting conditions. Soil warm and moisture adequate. Plant within 48 hours.,2022-09
2022-09-28,Planting Window Open,POSITIVE,"Millet, Sorghum, Cowpea",Good planting conditions. Soil warm and moisture adequate. Plant within 48 hours.,2022-09
2022-09-29,Planting Window Open,POSITIVE,"Millet, Sorghum, Cowpea",Good planting conditions. Soil warm and moisture adequate. Plant within 48 hours.,2022-09
2022-09-30,Planting Window Open,POSITIVE,"Millet, Sorghum, Cowpea",Good planting conditions. Soil warm and moisture adequate. Plant within 48 hours.,2022-09
2022-10-01,Planting Window Open,POSITIVE,"Millet, Sorghum, Cowpea",Good planting conditions. Soil warm and moisture adequate. Plant within 48 hours.,2022-10
2022-10-02,Planting Window Open,POSITIVE,"Millet, Sorghum, Cowpea",Good planting conditions. Soil warm and moisture adequate. Plant within 48 hours.,2022-10
2022-10-03,Planting Window Open,POSITIVE,"Millet, Sorghum, Cowpea",Good planting conditions. Soil warm and moisture adequate. Plant within 48 hours.,2022-10
2022-10-04,Planting Window Open,POSITIVE,"Millet, Sorghum, Cowpea",Good planting conditions. Soil warm and moisture adequate. Plant within 48 hours.,2022-10
2022-10-05,Planting Window Open,POSITIVE,"Millet, Sorghum, Cowpea",Good planting conditions. Soil warm and moisture adequate. Plant within 48 hours.,2022-10
2022-10-06,Planting Window Open,POSITIVE,"Millet, Sorghum, Cowpea",Good planting conditions. Soil warm and moisture adequate. Plant within 48 hours.,2022-10
2022-10-07,Planting Window Open,POSITIVE,"Millet, Sorghum, Cowpea",Good planting conditions. Soil warm and moisture adequate. Plant within 48 hours.,2022-10
2022-10-08,Planting Window Open,POSITIVE,"Millet, Sorghum, Cowpea",Good planting conditions. Soil warm and moisture adequate. Plant within 48 hours.,2022-10
2022-10-09,Planting Window Open,POSITIVE,"Millet, Sorghum, Cowpea",Good planting conditions. Soil warm and moisture adequate. Plant within 48 hours.,2022-10
2022-10-15,Dry Heat — Pest Risk,MEDIUM,"Cowpea, Sorghum",Dry heat favours aphids and thrips. Inspect crops. Consider neem spray.,2022-10
2022-10-17,Dry Heat — Pest Risk,MEDIUM,"Cowpea, Sorghum",Dry heat favours aphids and thrips. Inspect crops. Consider neem spray.,2022-10
2022-10-17,Irrigation Required,INFO,All irrigated crops,High water demand today. Irrigate before 7am or after 6pm to reduce evaporation.,2022-10
2022-10-18,Dry Heat — Pest Risk,MEDIUM,"Cowpea, Sorghum",Dry heat favours aphids and thrips. Inspect crops. Consider neem spray.,2022-10
2022-10-18,Irrigation Required,INFO,All irrigated crops,High water demand today. Irrigate before 7am or after 6pm to reduce evaporation.,2022-10
2022-10-19,Dry Heat — Pest Risk,MEDIUM,"Cowpea, Sorghum",Dry heat favours aphids and thrips. Inspect crops. Consider neem spray.,2022-10
2022-10-20,Dry Heat — Pest Risk,MEDIUM,"Cowpea, Sorghum",Dry heat favours aphids and thrips. Inspect crops. Consider neem spray.,2022-10
2022-10-20,Irrigation Required,INFO,All irrigated crops,High water demand today. Irrigate before 7am or after 6pm to reduce evaporation.,2022-10
2022-10-21,Dry Heat — Pest Risk,MEDIUM,"Cowpea, Sorghum",Dry heat favours aphids and thrips. Inspect crops. Consider neem spray.,2022-10
2022-10-21,Irrigation Required,INFO,All irrigated crops,High water demand today. Irrigate before 7am or after 6pm to reduce evaporation.,2022-10
2022-10-22,Dry Heat — Pest Risk,MEDIUM,"Cowpea, Sorghum",Dry heat favours aphids and thrips. Inspect crops. Consider neem spray.,2022-10
2022-10-22,Irrigation Required,INFO,All irrigated crops,High water demand today. Irrigate before 7am or after 6pm to reduce evaporation.,2022-10
2022-10-23,Dry Heat — Pest Risk,MEDIUM,"Cowpea, Sorghum",Dry heat favours aphids and thrips. Inspect crops. Consider neem spray.,2022-10
2022-10-24,Irrigation Required,INFO,All irrigated crops,High water demand today. Irrigate before 7am or after 6pm to reduce evaporation.,2022-10
2022-10-25,Dry Heat — Pest Risk,MEDIUM,"Cowpea, Sorghum",Dry heat favours aphids and thrips. Inspect crops. Consider neem spray.,2022-10
2022-10-25,Irrigation Required,INFO,All irrigated crops,High water demand today. Irrigate before 7am or after 6pm to reduce evaporation.,2022-10
2022-10-26,Dry Heat — Pest Risk,MEDIUM,"Cowpea, Sorghum",Dry heat favours aphids and thrips. Inspect crops. Consider neem spray.,2022-10
2022-10-26,Irrigation Required,INFO,All irrigated crops,High water demand today. Irrigate before 7am or after 6pm to reduce evaporation.,2022-10
2022-10-27,Dry Heat — Pest Risk,MEDIUM,"Cowpea, Sorghum",Dry heat favours aphids and thrips. Inspect crops. Consider neem spray.,2022-10
2022-10-27,Irrigation Required,INFO,All irrigated crops,High water demand today. Irrigate before 7am or after 6pm to reduce evaporation.,2022-10
2022-10-28,Dry Heat — Pest Risk,MEDIUM,"Cowpea, Sorghum",Dry heat favours aphids and thrips. Inspect crops. Consider neem spray.,2022-10
2022-10-28,Irrigation Required,INFO,All irrigated crops,High water demand today. Irrigate before 7am or after 6pm to reduce evaporation.,2022-10
2022-10-29,Dry Heat — Pest Risk,MEDIUM,"Cowpea, Sorghum",Dry heat favours aphids and thrips. Inspect crops. Consider neem spray.,2022-10
2022-10-29,Irrigation Required,INFO,All irrigated crops,High water demand today. Irrigate before 7am or after 6pm to reduce evaporation.,2022-10
2022-10-30,Dry Heat — Pest Risk,MEDIUM,"Cowpea, Sorghum",Dry heat favours aphids and thrips. Inspect crops. Consider neem spray.,2022-10
2022-10-30,Irrigation Required,INFO,All irrigated crops,High water demand today. Irrigate before 7am or after 6pm to reduce evaporation.,2022-10
2022-10-31,Dry Heat — Pest Risk,MEDIUM,"Cowpea, Sorghum",Dry heat favours aphids and thrips. Inspect crops. Consider neem spray.,2022-10
2022-10-31,Irrigation Required,INFO,All irrigated crops,High water demand today. Irrigate before 7am or after 6pm to reduce evaporation.,2022-10
2022-11-01,Dry Heat — Pest Risk,MEDIUM,"Cowpea, Sorghum",Dry heat favours aphids and thrips. Inspect crops. Consider neem spray.,2022-11
2022-11-01,Irrigation Required,INFO,All irrigated crops,High water demand today. Irrigate before 7am or after 6pm to reduce evaporation.,2022-11
2022-11-02,Dry Heat — Pest Risk,MEDIUM,"Cowpea, Sorghum",Dry heat favours aphids and thrips. Inspect crops. Consider neem spray.,2022-11
2022-11-02,Irrigation Required,INFO,All irrigated crops,High water demand today. Irrigate before 7am or after 6pm to reduce evaporation.,2022-11
2022-11-03,Dry Heat — Pest Risk,MEDIUM,"Cowpea, Sorghum",Dry heat favours aphids and thrips. Inspect crops. Consider neem spray.,2022-11
2022-11-03,Irrigation Required,INFO,All irrigated crops,High water demand today. Irrigate before 7am or after 6pm to reduce evaporation.,2022-11
2022-11-04,Dry Heat — Pest Risk,MEDIUM,"Cowpea, Sorghum",Dry heat favours aphids and thrips. Inspect crops. Consider neem spray.,2022-11
2022-11-04,Irrigation Required,INFO,All irrigated crops,High water demand today. Irrigate before 7am or after 6pm to reduce evaporation.,2022-11
2022-11-05,Dry Heat — Pest Risk,MEDIUM,"Cowpea, Sorghum",Dry heat favours aphids and thrips. Inspect crops. Consider neem spray.,2022-11
2022-11-05,Irrigation Required,INFO,All irrigated crops,High water demand today. Irrigate before 7am or after 6pm to reduce evaporation.,2022-11
2022-11-06,Dry Heat — Pest Risk,MEDIUM,"Cowpea, Sorghum",Dry heat favours aphids and thrips. Inspect crops. Consider neem spray.,2022-11
2022-11-06,Irrigation Required,INFO,All irrigated crops,High water demand today. Irrigate before 7am or after 6pm to reduce evaporation.,2022-11
2022-11-07,Dry Heat — Pest Risk,MEDIUM,"Cowpea, Sorghum",Dry heat favours aphids and thrips. Inspect crops. Consider neem spray.,2022-11
2022-11-07,Irrigation Required,INFO,All irrigated crops,High water demand today. Irrigate before 7am or after 6pm to reduce evaporation.,2022-11
2022-11-08,Dry Heat — Pest Risk,MEDIUM,"Cowpea, Sorghum",Dry heat favours aphids and thrips. Inspect crops. Consider neem spray.,2022-11
2022-11-08,Irrigation Required,INFO,All irrigated crops,High water demand today. Irrigate before 7am or after 6pm to reduce evaporation.,2022-11
2022-11-09,Dry Heat — Pest Risk,MEDIUM,"Cowpea, Sorghum",Dry heat favours aphids and thrips. Inspect crops. Consider neem spray.,2022-11
2022-11-09,Irrigation Required,INFO,All irrigated crops,High water demand today. Irrigate before 7am or after 6pm to reduce evaporation.,2022-11
2022-11-10,Dry Heat — Pest Risk,MEDIUM,"Cowpea, Sorghum",Dry heat favours aphids and thrips. Inspect crops. Consider neem spray.,2022-11
2022-11-10,Irrigation Required,INFO,All irrigated crops,High water demand today. Irrigate before 7am or after 6pm to reduce evaporation.,2022-11
2022-11-11,Dry Heat — Pest Risk,MEDIUM,"Cowpea, Sorghum",Dry heat favours aphids and thrips. Inspect crops. Consider neem spray.,2022-11
2022-11-11,Irrigation Required,INFO,All irrigated crops,High water demand today. Irrigate before 7am or after 6pm to reduce evaporation.,2022-11
2022-11-12,Dry Heat — Pest Risk,MEDIUM,"Cowpea, Sorghum",Dry heat favours aphids and thrips. Inspect crops. Consider neem spray.,2022-11
2022-11-12,Irrigation Required,INFO,All irrigated crops,High water demand today. Irrigate before 7am or after 6pm to reduce evaporation.,2022-11
2022-11-13,Dry Heat — Pest Risk,MEDIUM,"Cowpea, Sorghum",Dry heat favours aphids and thrips. Inspect crops. Consider neem spray.,2022-11
2022-11-13,Irrigation Required,INFO,All irrigated crops,High water demand today. Irrigate before 7am or after 6pm to reduce evaporation.,2022-11
2022-11-14,Dry Heat — Pest Risk,MEDIUM,"Cowpea, Sorghum",Dry heat favours aphids and thrips. Inspect crops. Consider neem spray.,2022-11
2022-11-14,Irrigation Required,INFO,All irrigated crops,High water demand today. Irrigate before 7am or after 6pm to reduce evaporation.,2022-11
2022-11-15,Dry Heat — Pest Risk,MEDIUM,"Cowpea, Sorghum",Dry heat favours aphids and thrips. Inspect crops. Consider neem spray.,2022-11
2022-11-15,Irrigation Required,INFO,All irrigated crops,High water demand today. Irrigate before 7am or after 6pm to reduce evaporation.,2022-11
2022-11-16,Dry Heat — Pest Risk,MEDIUM,"Cowpea, Sorghum",Dry heat favours aphids and thrips. Inspect crops. Consider neem spray.,2022-11
2022-11-16,Irrigation Required,INFO,All irrigated crops,High water demand today. Irrigate before 7am or after 6pm to reduce evaporation.,2022-11
2022-11-17,Dry Heat — Pest Risk,MEDIUM,"Cowpea, Sorghum",Dry heat favours aphids and thrips. Inspect crops. Consider neem spray.,2022-11
2022-11-17,Irrigation Required,INFO,All irrigated crops,High water demand today. Irrigate before 7am or after 6pm to reduce evaporation.,2022-11
2022-11-18,Dry Heat — Pest Risk,MEDIUM,"Cowpea, Sorghum",Dry heat favours aphids and thrips. Inspect crops. Consider neem spray.,2022-11
2022-11-18,Irrigation Required,INFO,All irrigated crops,High water demand today. Irrigate before 7am or after 6pm to reduce evaporation.,2022-11
2022-11-19,Dry Heat — Pest Risk,MEDIUM,"Cowpea, Sorghum",Dry heat favours aphids and thrips. Inspect crops. Consider neem spray.,2022-11
2022-11-19,Irrigation Required,INFO,All irrigated crops,High water demand today. Irrigate before 7am or after 6pm to reduce evaporation.,2022-11
2022-11-20,Dry Heat — Pest Risk,MEDIUM,"Cowpea, Sorghum",Dry heat favours aphids and thrips. Inspect crops. Consider neem spray.,2022-11
2022-11-20,Irrigation Required,INFO,All irrigated crops,High water demand today. Irrigate before 7am or after 6pm to reduce evaporation.,2022-11
2022-11-21,Dry Heat — Pest Risk,MEDIUM,"Cowpea, Sorghum",Dry heat favours aphids and thrips. Inspect crops. Consider neem spray.,2022-11
2022-11-21,Irrigation Required,INFO,All irrigated crops,High water demand today. Irrigate before 7am or after 6pm to reduce evaporation.,2022-11
2022-11-22,Dry Heat — Pest Risk,MEDIUM,"Cowpea, Sorghum",Dry heat favours aphids and thrips. Inspect crops. Consider neem spray.,2022-11
2022-11-22,Irrigation Required,INFO,All irrigated crops,High water demand today. Irrigate before 7am or after 6pm to reduce evaporation.,2022-11
2022-11-23,Dry Heat — Pest Risk,MEDIUM,"Cowpea, Sorghum",Dry heat favours aphids and thrips. Inspect crops. Consider neem spray.,2022-11
2022-11-23,Irrigation Required,INFO,All irrigated crops,High water demand today. Irrigate before 7am or after 6pm to reduce evaporation.,2022-11
2022-11-24,Dry Heat — Pest Risk,MEDIUM,"Cowpea, Sorghum",Dry heat favours aphids and thrips. Inspect crops. Consider neem spray.,2022-11
2022-11-24,Irrigation Required,INFO,All irrigated crops,High water demand today. Irrigate before 7am or after 6pm to reduce evaporation.,2022-11
2022-11-25,Irrigation Required,INFO,All irrigated crops,High water demand today. Irrigate before 7am or after 6pm to reduce evaporation.,2022-11
2022-11-27,Dry Heat — Pest Risk,MEDIUM,"Cowpea, Sorghum",Dry heat favours aphids and thrips. Inspect crops. Consider neem spray.,2022-11
2022-12-01,Dry Heat — Pest Risk,MEDIUM,"Cowpea, Sorghum",Dry heat favours aphids and thrips. Inspect crops. Consider neem spray.,2022-12
2022-12-02,Dry Heat — Pest Risk,MEDIUM,"Cowpea, Sorghum",Dry heat favours aphids and thrips. Inspect crops. Consider neem spray.,2022-12
2022-12-02,Irrigation Required,INFO,All irrigated crops,High water demand today. Irrigate before 7am or after 6pm to reduce evaporation.,2022-12
2022-12-03,Dry Heat — Pest Risk,MEDIUM,"Cowpea, Sorghum",Dry heat favours aphids and thrips. Inspect crops. Consider neem spray.,2022-12
2022-12-03,Irrigation Required,INFO,All irrigated crops,High water demand today. Irrigate before 7am or after 6pm to reduce evaporation.,2022-12
2022-12-04,Dry Heat — Pest Risk,MEDIUM,"Cowpea, Sorghum",Dry heat favours aphids and thrips. Inspect crops. Consider neem spray.,2022-12
2022-12-04,Irrigation Required,INFO,All irrigated crops,High water demand today. Irrigate before 7am or after 6pm to reduce evaporation.,2022-12
2022-12-05,Dry Heat — Pest Risk,MEDIUM,"Cowpea, Sorghum",Dry heat favours aphids and thrips. Inspect crops. Consider neem spray.,2022-12
2022-12-05,Irrigation Required,INFO,All irrigated crops,High water demand today. Irrigate before 7am or after 6pm to reduce evaporation.,2022-12
2022-12-06,Dry Heat — Pest Risk,MEDIUM,"Cowpea, Sorghum",Dry heat favours aphids and thrips. Inspect crops. Consider neem spray.,2022-12
2022-12-06,Irrigation Required,INFO,All irrigated crops,High water demand today. Irrigate before 7am or after 6pm to reduce evaporation.,2022-12
2022-12-07,Dry Heat — Pest Risk,MEDIUM,"Cowpea, Sorghum",Dry heat favours aphids and thrips. Inspect crops. Consider neem spray.,2022-12
2022-12-07,Irrigation Required,INFO,All irrigated crops,High water demand today. Irrigate before 7am or after 6pm to reduce evaporation.,2022-12
2022-12-08,Irrigation Required,INFO,All irrigated crops,High water demand today. Irrigate before 7am or after 6pm to reduce evaporation.,2022-12
2022-12-09,Irrigation Required,INFO,All irrigated crops,High water demand today. Irrigate before 7am or after 6pm to reduce evaporation.,2022-12
2022-12-10,Dry Heat — Pest Risk,MEDIUM,"Cowpea, Sorghum",Dry heat favours aphids and thrips. Inspect crops. Consider neem spray.,2022-12
2022-12-10,Irrigation Required,INFO,All irrigated crops,High water demand today. Irrigate before 7am or after 6pm to reduce evaporation.,2022-12
2022-12-11,Dry Heat — Pest Risk,MEDIUM,"Cowpea, Sorghum",Dry heat favours aphids and thrips. Inspect crops. Consider neem spray.,2022-12
2022-12-11,Irrigation Required,INFO,All irrigated crops,High water demand today. Irrigate before 7am or after 6pm to reduce evaporation.,2022-12
2022-12-12,Dry Heat — Pest Risk,MEDIUM,"Cowpea, Sorghum",Dry heat favours aphids and thrips. Inspect crops. Consider neem spray.,2022-12
2022-12-12,Irrigation Required,INFO,All irrigated crops,High water demand today. Irrigate before 7am or after 6pm to reduce evaporation.,2022-12
2022-12-13,Dry Heat — Pest Risk,MEDIUM,"Cowpea, Sorghum",Dry heat favours aphids and thrips. Inspect crops. Consider neem spray.,2022-12
2022-12-13,Irrigation Required,INFO,All irrigated crops,High water demand today. Irrigate before 7am or after 6pm to reduce evaporation.,2022-12
2022-12-14,Dry Heat — Pest Risk,MEDIUM,"Cowpea, Sorghum",Dry heat favours aphids and thrips. Inspect crops. Consider neem spray.,2022-12
2022-12-14,Irrigation Required,INFO,All irrigated crops,High water demand today. Irrigate before 7am or after 6pm to reduce evaporation.,2022-12
2022-12-15,Dry Heat — Pest Risk,MEDIUM,"Cowpea, Sorghum",Dry heat favours aphids and thrips. Inspect crops. Consider neem spray.,2022-12
2022-12-15,Irrigation Required,INFO,All irrigated crops,High water demand today. Irrigate before 7am or after 6pm to reduce evaporation.,2022-12
2022-12-16,Irrigation Required,INFO,All irrigated crops,High water demand today. Irrigate before 7am or after 6pm to reduce evaporation.,2022-12
2022-12-17,Irrigation Required,INFO,All irrigated crops,High water demand today. Irrigate before 7am or after 6pm to reduce evaporation.,2022-12
2022-12-18,Irrigation Required,INFO,All irrigated crops,High water demand today. Irrigate before 7am or after 6pm to reduce evaporation.,2022-12
2022-12-19,Irrigation Required,INFO,All irrigated crops,High water demand today. Irrigate before 7am or after 6pm to reduce evaporation.,2022-12
2022-12-28,Irrigation Required,INFO,All irrigated crops,High water demand today. Irrigate before 7am or after 6pm to reduce evaporation.,2022-12
2023-01-04,Irrigation Required,INFO,All irrigated crops,High water demand today. Irrigate before 7am or after 6pm to reduce evaporation.,2023-01
2023-01-05,Irrigation Required,INFO,All irrigated crops,High water demand today. Irrigate before 7am or after 6pm to reduce evaporation.,2023-01
2023-01-06,Irrigation Required,INFO,All irrigated crops,High water demand today. Irrigate before 7am or after 6pm to reduce evaporation.,2023-01
2023-01-07,Irrigation Required,INFO,All irrigated crops,High water demand today. Irrigate before 7am or after 6pm to reduce evaporation.,2023-01
2023-01-08,Irrigation Required,INFO,All irrigated crops,High water demand today. Irrigate before 7am or after 6pm to reduce evaporation.,2023-01
2023-01-09,Irrigation Required,INFO,All irrigated crops,High water demand today. Irrigate before 7am or after 6pm to reduce evaporation.,2023-01
2023-01-10,Irrigation Required,INFO,All irrigated crops,High water demand today. Irrigate before 7am or after 6pm to reduce evaporation.,2023-01
2023-01-12,Irrigation Required,INFO,All irrigated crops,High water demand today. Irrigate before 7am or after 6pm to reduce evaporation.,2023-01
2023-01-14,Irrigation Required,INFO,All irrigated crops,High water demand today. Irrigate before 7am or after 6pm to reduce evaporation.,2023-01
2023-01-15,Irrigation Required,INFO,All irrigated crops,High water demand today. Irrigate before 7am or after 6pm to reduce evaporation.,2023-01
2023-01-16,Irrigation Required,INFO,All irrigated crops,High water demand today. Irrigate before 7am or after 6pm to reduce evaporation.,2023-01
2023-01-17,Irrigation Required,INFO,All irrigated crops,High water demand today. Irrigate before 7am or after 6pm to reduce evaporation.,2023-01
2023-01-20,Dry Heat — Pest Risk,MEDIUM,"Cowpea, Sorghum",Dry heat favours aphids and thrips. Inspect crops. Consider neem spray.,2023-01
2023-01-20,Irrigation Required,INFO,All irrigated crops,High water demand today. Irrigate before 7am or after 6pm to reduce evaporation.,2023-01
2023-01-21,Dry Heat — Pest Risk,MEDIUM,"Cowpea, Sorghum",Dry heat favours aphids and thrips. Inspect crops. Consider neem spray.,2023-01
2023-01-21,Irrigation Required,INFO,All irrigated crops,High water demand today. Irrigate before 7am or after 6pm to reduce evaporation.,2023-01
2023-01-22,Dry Heat — Pest Risk,MEDIUM,"Cowpea, Sorghum",Dry heat favours aphids and thrips. Inspect crops. Consider neem spray.,2023-01
2023-01-22,Irrigation Required,INFO,All irrigated crops,High water demand today. Irrigate before 7am or after 6pm to reduce evaporation.,2023-01
2023-01-23,Dry Heat — Pest Risk,MEDIUM,"Cowpea, Sorghum",Dry heat favours aphids and thrips. Inspect crops. Consider neem spray.,2023-01
2023-01-23,Irrigation Required,INFO,All irrigated crops,High water demand today. Irrigate before 7am or after 6pm to reduce evaporation.,2023-01
2023-01-24,Dry Heat — Pest Risk,MEDIUM,"Cowpea, Sorghum",Dry heat favours aphids and thrips. Inspect crops. Consider neem spray.,2023-01
2023-01-24,Irrigation Required,INFO,All irrigated crops,High water demand today. Irrigate before 7am or after 6pm to reduce evaporation.,2023-01
2023-01-25,Dry Heat — Pest Risk,MEDIUM,"Cowpea, Sorghum",Dry heat favours aphids and thrips. Inspect crops. Consider neem spray.,2023-01
2023-01-25,Irrigation Required,INFO,All irrigated crops,High water demand today. Irrigate before 7am or after 6pm to reduce evaporation.,2023-01
2023-01-26,Dry Heat — Pest Risk,MEDIUM,"Cowpea, Sorghum",Dry heat favours aphids and thrips. Inspect crops. Consider neem spray.,2023-01
2023-01-26,Irrigation Required,INFO,All irrigated crops,High water demand today. Irrigate before 7am or after 6pm to reduce evaporation.,2023-01
2023-01-27,Dry Heat — Pest Risk,MEDIUM,"Cowpea, Sorghum",Dry heat favours aphids and thrips. Inspect crops. Consider neem spray.,2023-01
2023-01-27,Irrigation Required,INFO,All irrigated crops,High water demand today. Irrigate before 7am or after 6pm to reduce evaporation.,2023-01
2023-01-28,Dry Heat — Pest Risk,MEDIUM,"Cowpea, Sorghum",Dry heat favours aphids and thrips. Inspect crops. Consider neem spray.,2023-01
2023-01-28,Irrigation Required,INFO,All irrigated crops,High water demand today. Irrigate before 7am or after 6pm to reduce evaporation.,2023-01
2023-01-29,Dry Heat — Pest Risk,MEDIUM,"Cowpea, Sorghum",Dry heat favours aphids and thrips. Inspect crops. Consider neem spray.,2023-01
2023-01-29,Irrigation Required,INFO,All irrigated crops,High water demand today. Irrigate before 7am or after 6pm to reduce evaporation.,2023-01
2023-01-30,Dry Heat — Pest Risk,MEDIUM,"Cowpea, Sorghum",Dry heat favours aphids and thrips. Inspect crops. Consider neem spray.,2023-01
2023-01-30,Irrigation Required,INFO,All irrigated crops,High water demand today. Irrigate before 7am or after 6pm to reduce evaporation.,2023-01
2023-01-31,Dry Heat — Pest Risk,MEDIUM,"Cowpea, Sorghum",Dry heat favours aphids and thrips. Inspect crops. Consider neem spray.,2023-01
2023-01-31,Irrigation Required,INFO,All irrigated crops,High water demand today. Irrigate before 7am or after 6pm to reduce evaporation.,2023-01
2023-02-01,Dry Heat — Pest Risk,MEDIUM,"Cowpea, Sorghum",Dry heat favours aphids and thrips. Inspect crops. Consider neem spray.,2023-02
2023-02-01,Irrigation Required,INFO,All irrigated crops,High water demand today. Irrigate before 7am or after 6pm to reduce evaporation.,2023-02
2023-02-02,Irrigation Required,INFO,All irrigated crops,High water demand today. Irrigate before 7am or after 6pm to reduce evaporation.,2023-02
2023-02-03,Dry Heat — Pest Risk,MEDIUM,"Cowpea, Sorghum",Dry heat favours aphids and thrips. Inspect crops. Consider neem spray.,2023-02
2023-02-03,Irrigation Required,INFO,All irrigated crops,High water demand today. Irrigate before 7am or after 6pm to reduce evaporation.,2023-02
2023-02-04,Dry Heat — Pest Risk,MEDIUM,"Cowpea, Sorghum",Dry heat favours aphids and thrips. Inspect crops. Consider neem spray.,2023-02
2023-02-04,Irrigation Required,INFO,All irrigated crops,High water demand today. Irrigate before 7am or after 6pm to reduce evaporation.,2023-02
2023-02-05,Dry Heat — Pest Risk,MEDIUM,"Cowpea, Sorghum",Dry heat favours aphids and thrips. Inspect crops. Consider neem spray.,2023-02
2023-02-05,Irrigation Required,INFO,All irrigated crops,High water demand today. Irrigate before 7am or after 6pm to reduce evaporation.,2023-02
2023-02-06,Dry Heat — Pest Risk,MEDIUM,"Cowpea, Sorghum",Dry heat favours aphids and thrips. Inspect crops. Consider neem spray.,2023-02
2023-02-06,Irrigation Required,INFO,All irrigated crops,High water demand today. Irrigate before 7am or after 6pm to reduce evaporation.,2023-02
2023-02-07,Dry Heat — Pest Risk,MEDIUM,"Cowpea, Sorghum",Dry heat favours aphids and thrips. Inspect crops. Consider neem spray.,2023-02
2023-02-07,Irrigation Required,INFO,All irrigated crops,High water demand today. Irrigate before 7am or after 6pm to reduce evaporation.,2023-02
2023-02-08,Dry Heat — Pest Risk,MEDIUM,"Cowpea, Sorghum",Dry heat favours aphids and thrips. Inspect crops. Consider neem spray.,2023-02
2023-02-08,Irrigation Required,INFO,All irrigated crops,High water demand today. Irrigate before 7am or after 6pm to reduce evaporation.,2023-02
2023-02-09,Dry Heat — Pest Risk,MEDIUM,"Cowpea, Sorghum",Dry heat favours aphids and thrips. Inspect crops. Consider neem spray.,2023-02
2023-02-09,Irrigation Required,INFO,All irrigated crops,High water demand today. Irrigate before 7am or after 6pm to reduce evaporation.,2023-02
2023-02-10,Dry Heat — Pest Risk,MEDIUM,"Cowpea, Sorghum",Dry heat favours aphids and thrips. Inspect crops. Consider neem spray.,2023-02
2023-02-10,Fire Risk Alert,HIGH,"All crops, grassland","High bushfire danger. Low humidity, hot and windy conditions. Do not burn.",2023-02
2023-02-10,Irrigation Required,INFO,All irrigated crops,High water demand today. Irrigate before 7am or after 6pm to reduce evaporation.,2023-02
2023-02-10,High Crop Stress,HIGH,All crops,"Crop stress is high today. Heat, dryness and wind are combined. Shade or irrigate.",2023-02
2023-02-11,Dry Heat — Pest Risk,MEDIUM,"Cowpea, Sorghum",Dry heat favours aphids and thrips. Inspect crops. Consider neem spray.,2023-02
2023-02-11,Irrigation Required,INFO,All irrigated crops,High water demand today. Irrigate before 7am or after 6pm to reduce evaporation.,2023-02
2023-02-11,High Crop Stress,HIGH,All crops,"Crop stress is high today. Heat, dryness and wind are combined. Shade or irrigate.",2023-02
2023-02-12,Dry Heat — Pest Risk,MEDIUM,"Cowpea, Sorghum",Dry heat favours aphids and thrips. Inspect crops. Consider neem spray.,2023-02
2023-02-12,Irrigation Required,INFO,All irrigated crops,High water demand today. Irrigate before 7am or after 6pm to reduce evaporation.,2023-02
2023-02-13,Wind Damage Risk,HIGH,All standing crops,Strong winds expected. Stake tall crops and secure structures.,2023-02
2023-02-13,Irrigation Required,INFO,All irrigated crops,High water demand today. Irrigate before 7am or after 6pm to reduce evaporation.,2023-02
2023-02-14,Irrigation Required,INFO,All irrigated crops,High water demand today. Irrigate before 7am or after 6pm to reduce evaporation.,2023-02
2023-02-15,Irrigation Required,INFO,All irrigated crops,High water demand today. Irrigate before 7am or after 6pm to reduce evaporation.,2023-02
2023-02-16,Irrigation Required,INFO,All irrigated crops,High water demand today. Irrigate before 7am or after 6pm to reduce evaporation.,2023-02
2023-02-17,Irrigation Required,INFO,All irrigated crops,High water demand today. Irrigate before 7am or after 6pm to reduce evaporation.,2023-02
2023-02-18,Irrigation Required,INFO,All irrigated crops,High water demand today. Irrigate before 7am or after 6pm to reduce evaporation.,2023-02
2023-02-19,Irrigation Required,INFO,All irrigated crops,High water demand today. Irrigate before 7am or after 6pm to reduce evaporation.,2023-02
2023-02-20,Irrigation Required,INFO,All irrigated crops,High water demand today. Irrigate before 7am or after 6pm to reduce evaporation.,2023-02
2023-02-21,Irrigation Required,INFO,All irrigated crops,High water demand today. Irrigate before 7am or after 6pm to reduce evaporation.,2023-02
2023-02-22,Dry Heat — Pest Risk,MEDIUM,"Cowpea, Sorghum",Dry heat favours aphids and thrips. Inspect crops. Consider neem spray.,2023-02
2023-02-22,Irrigation Required,INFO,All irrigated crops,High water demand today. Irrigate before 7am or after 6pm to reduce evaporation.,2023-02
2023-02-23,Dry Heat — Pest Risk,MEDIUM,"Cowpea, Sorghum",Dry heat favours aphids and thrips. Inspect crops. Consider neem spray.,2023-02
2023-02-23,Irrigation Required,INFO,All irrigated crops,High water demand today. Irrigate before 7am or after 6pm to reduce evaporation.,2023-02
2023-02-24,Dry Heat — Pest Risk,MEDIUM,"Cowpea, Sorghum",Dry heat favours aphids and thrips. Inspect crops. Consider neem spray.,2023-02
2023-02-24,Irrigation Required,INFO,All irrigated crops,High water demand today. Irrigate before 7am or after 6pm to reduce evaporation.,2023-02
2023-02-24,High Crop Stress,HIGH,All crops,"Crop stress is high today. Heat, dryness and wind are combined. Shade or irrigate.",2023-02
2023-02-25,Dry Heat — Pest Risk,MEDIUM,"Cowpea, Sorghum",Dry heat favours aphids and thrips. Inspect crops. Consider neem spray.,2023-02
2023-02-25,Irrigation Required,INFO,All irrigated crops,High water demand today. Irrigate before 7am or after 6pm to reduce evaporation.,2023-02
2023-02-25,High Crop Stress,HIGH,All crops,"Crop stress is high today. Heat, dryness and wind are combined. Shade or irrigate.",2023-02
2023-02-26,Dry Heat — Pest Risk,MEDIUM,"Cowpea, Sorghum",Dry heat favours aphids and thrips. Inspect crops. Consider neem spray.,2023-02
2023-02-26,Irrigation Required,INFO,All irrigated crops,High water demand today. Irrigate before 7am or after 6pm to reduce evaporation.,2023-02
2023-02-26,High Crop Stress,HIGH,All crops,"Crop stress is high today. Heat, dryness and wind are combined. Shade or irrigate.",2023-02
2023-02-27,Heat Stress,HIGH,"Cowpea, Groundnut, Maize",Extreme heat may cause flower drop and yield loss. Irrigate in the evening.,2023-02
2023-02-27,Dry Heat — Pest Risk,MEDIUM,"Cowpea, Sorghum",Dry heat favours aphids and thrips. Inspect crops. Consider neem spray.,2023-02
2023-02-27,Fire Risk Alert,HIGH,"All crops, grassland","High bushfire danger. Low humidity, hot and windy conditions. Do not burn.",2023-02
2023-02-27,Irrigation Required,INFO,All irrigated crops,High water demand today. Irrigate before 7am or after 6pm to reduce evaporation.,2023-02
2023-02-27,High Crop Stress,HIGH,All crops,"Crop stress is high today. Heat, dryness and wind are combined. Shade or irrigate.",2023-02
2023-02-28,Heat Stress,HIGH,"Cowpea, Groundnut, Maize",Extreme heat may cause flower drop and yield loss. Irrigate in the evening.,2023-02
2023-02-28,Dry Heat — Pest Risk,MEDIUM,"Cowpea, Sorghum",Dry heat favours aphids and thrips. Inspect crops. Consider neem spray.,2023-02
2023-02-28,Fire Risk Alert,HIGH,"All crops, grassland","High bushfire danger. Low humidity, hot and windy conditions. Do not burn.",2023-02
2023-02-28,Irrigation Required,INFO,All irrigated crops,High water demand today. Irrigate before 7am or after 6pm to reduce evaporation.,2023-02
2023-02-28,High Crop Stress,HIGH,All crops,"Crop stress is high today. Heat, dryness and wind are combined. Shade or irrigate.",2023-02
2023-03-01,Heat Stress,HIGH,"Cowpea, Groundnut, Maize",Extreme heat may cause flower drop and yield loss. Irrigate in the evening.,2023-03
2023-03-01,Dry Heat — Pest Risk,MEDIUM,"Cowpea, Sorghum",Dry heat favours aphids and thrips. Inspect crops. Consider neem spray.,2023-03
2023-03-01,Fire Risk Alert,HIGH,"All crops, grassland","High bushfire danger. Low humidity, hot and windy conditions. Do not burn.",2023-03
2023-03-01,Irrigation Required,INFO,All irrigated crops,High water demand today. Irrigate before 7am or after 6pm to reduce evaporation.,2023-03
2023-03-01,High Crop Stress,HIGH,All crops,"Crop stress is high today. Heat, dryness and wind are combined. Shade or irrigate.",2023-03
2023-03-03,Heat Stress,HIGH,"Cowpea, Groundnut, Maize",Extreme heat may cause flower drop and yield loss. Irrigate in the evening.,2023-03
2023-03-03,Dry Heat — Pest Risk,MEDIUM,"Cowpea, Sorghum",Dry heat favours aphids and thrips. Inspect crops. Consider neem spray.,2023-03
2023-03-03,Fire Risk Alert,HIGH,"All crops, grassland","High bushfire danger. Low humidity, hot and windy conditions. Do not burn.",2023-03
2023-03-03,Irrigation Required,INFO,All irrigated crops,High water demand today. Irrigate before 7am or after 6pm to reduce evaporation.,2023-03
2023-03-03,High Crop Stress,HIGH,All crops,"Crop stress is high today. Heat, dryness and wind are combined. Shade or irrigate.",2023-03
2023-03-04,Heat Stress,HIGH,"Cowpea, Groundnut, Maize",Extreme heat may cause flower drop and yield loss. Irrigate in the evening.,2023-03
2023-03-04,Dry Heat — Pest Risk,MEDIUM,"Cowpea, Sorghum",Dry heat favours aphids and thrips. Inspect crops. Consider neem spray.,2023-03
2023-03-04,Fire Risk Alert,HIGH,"All crops, grassland","High bushfire danger. Low humidity, hot and windy conditions. Do not burn.",2023-03
2023-03-04,Irrigation Required,INFO,All irrigated crops,High water demand today. Irrigate before 7am or after 6pm to reduce evaporation.,2023-03
2023-03-04,High Crop Stress,HIGH,All crops,"Crop stress is high today. Heat, dryness and wind are combined. Shade or irrigate.",2023-03
2023-03-05,Heat Stress,HIGH,"Cowpea, Groundnut, Maize",Extreme heat may cause flower drop and yield loss. Irrigate in the evening.,2023-03
2023-03-05,Dry Heat — Pest Risk,MEDIUM,"Cowpea, Sorghum",Dry heat favours aphids and thrips. Inspect crops. Consider neem spray.,2023-03
2023-03-05,Fire Risk Alert,HIGH,"All crops, grassland","High bushfire danger. Low humidity, hot and windy conditions. Do not burn.",2023-03
2023-03-05,Irrigation Required,INFO,All irrigated crops,High water demand today. Irrigate before 7am or after 6pm to reduce evaporation.,2023-03
2023-03-05,High Crop Stress,HIGH,All crops,"Crop stress is high today. Heat, dryness and wind are combined. Shade or irrigate.",2023-03
2023-03-06,Heat Stress,HIGH,"Cowpea, Groundnut, Maize",Extreme heat may cause flower drop and yield loss. Irrigate in the evening.,2023-03
2023-03-06,Dry Heat — Pest Risk,MEDIUM,"Cowpea, Sorghum",Dry heat favours aphids and thrips. Inspect crops. Consider neem spray.,2023-03
2023-03-06,Fire Risk Alert,HIGH,"All crops, grassland","High bushfire danger. Low humidity, hot and windy conditions. Do not burn.",2023-03
2023-03-06,Irrigation Required,INFO,All irrigated crops,High water demand today. Irrigate before 7am or after 6pm to reduce evaporation.,2023-03
2023-03-06,High Crop Stress,HIGH,All crops,"Crop stress is high today. Heat, dryness and wind are combined. Shade or irrigate.",2023-03
2023-03-07,Heat Stress,HIGH,"Cowpea, Groundnut, Maize",Extreme heat may cause flower drop and yield loss. Irrigate in the evening.,2023-03
2023-03-07,Dry Heat — Pest Risk,MEDIUM,"Cowpea, Sorghum",Dry heat favours aphids and thrips. Inspect crops. Consider neem spray.,2023-03
2023-03-07,Fire Risk Alert,HIGH,"All crops, grassland","High bushfire danger. Low humidity, hot and windy conditions. Do not burn.",2023-03
2023-03-07,Irrigation Required,INFO,All irrigated crops,High water demand today. Irrigate before 7am or after 6pm to reduce evaporation.,2023-03
2023-03-07,High Crop Stress,HIGH,All crops,"Crop stress is high today. Heat, dryness and wind are combined. Shade or irrigate.",2023-03
2023-03-08,Heat Stress,HIGH,"Cowpea, Groundnut, Maize",Extreme heat may cause flower drop and yield loss. Irrigate in the evening.,2023-03
2023-03-08,Dry Heat — Pest Risk,MEDIUM,"Cowpea, Sorghum",Dry heat favours aphids and thrips. Inspect crops. Consider neem spray.,2023-03
2023-03-08,Fire Risk Alert,HIGH,"All crops, grassland","High bushfire danger. Low humidity, hot and windy conditions. Do not burn.",2023-03
2023-03-08,Irrigation Required,INFO,All irrigated crops,High water demand today. Irrigate before 7am or after 6pm to reduce evaporation.,2023-03
2023-03-08,High Crop Stress,HIGH,All crops,"Crop stress is high today. Heat, dryness and wind are combined. Shade or irrigate.",2023-03
2023-03-09,Heat Stress,HIGH,"Cowpea, Groundnut, Maize",Extreme heat may cause flower drop and yield loss. Irrigate in the evening.,2023-03
2023-03-09,Dry Heat — Pest Risk,MEDIUM,"Cowpea, Sorghum",Dry heat favours aphids and thrips. Inspect crops. Consider neem spray.,2023-03
2023-03-09,Fire Risk Alert,HIGH,"All crops, grassland","High bushfire danger. Low humidity, hot and windy conditions. Do not burn.",2023-03
2023-03-09,Irrigation Required,INFO,All irrigated crops,High water demand today. Irrigate before 7am or after 6pm to reduce evaporation.,2023-03
2023-03-09,High Crop Stress,HIGH,All crops,"Crop stress is high today. Heat, dryness and wind are combined. Shade or irrigate.",2023-03
2023-03-10,Dry Heat — Pest Risk,MEDIUM,"Cowpea, Sorghum",Dry heat favours aphids and thrips. Inspect crops. Consider neem spray.,2023-03
2023-03-10,Fire Risk Alert,HIGH,"All crops, grassland","High bushfire danger. Low humidity, hot and windy conditions. Do not burn.",2023-03
2023-03-10,Irrigation Required,INFO,All irrigated crops,High water demand today. Irrigate before 7am or after 6pm to reduce evaporation.,2023-03
2023-03-10,High Crop Stress,HIGH,All crops,"Crop stress is high today. Heat, dryness and wind are combined. Shade or irrigate.",2023-03
2023-03-11,Dry Heat — Pest Risk,MEDIUM,"Cowpea, Sorghum",Dry heat favours aphids and thrips. Inspect crops. Consider neem spray.,2023-03
2023-03-11,Fire Risk Alert,HIGH,"All crops, grassland","High bushfire danger. Low humidity, hot and windy conditions. Do not burn.",2023-03
2023-03-11,Irrigation Required,INFO,All irrigated crops,High water demand today. Irrigate before 7am or after 6pm to reduce evaporation.,2023-03
2023-03-11,High Crop Stress,HIGH,All crops,"Crop stress is high today. Heat, dryness and wind are combined. Shade or irrigate.",2023-03
2023-03-12,Dry Heat — Pest Risk,MEDIUM,"Cowpea, Sorghum",Dry heat favours aphids and thrips. Inspect crops. Consider neem spray.,2023-03
2023-03-12,Fire Risk Alert,HIGH,"All crops, grassland","High bushfire danger. Low humidity, hot and windy conditions. Do not burn.",2023-03
2023-03-12,Irrigation Required,INFO,All irrigated crops,High water demand today. Irrigate before 7am or after 6pm to reduce evaporation.,2023-03
2023-03-12,High Crop Stress,HIGH,All crops,"Crop stress is high today. Heat, dryness and wind are combined. Shade or irrigate.",2023-03
2023-03-13,Dry Heat — Pest Risk,MEDIUM,"Cowpea, Sorghum",Dry heat favours aphids and thrips. Inspect crops. Consider neem spray.,2023-03
2023-03-13,Fire Risk Alert,HIGH,"All crops, grassland","High bushfire danger. Low humidity, hot and windy conditions. Do not burn.",2023-03
2023-03-13,Irrigation Required,INFO,All irrigated crops,High water demand today. Irrigate before 7am or after 6pm to reduce evaporation.,2023-03
2023-03-13,High Crop Stress,HIGH,All crops,"Crop stress is high today. Heat, dryness and wind are combined. Shade or irrigate.",2023-03
2023-03-14,Dry Heat — Pest Risk,MEDIUM,"Cowpea, Sorghum",Dry heat favours aphids and thrips. Inspect crops. Consider neem spray.,2023-03
2023-03-14,Fire Risk Alert,HIGH,"All crops, grassland","High bushfire danger. Low humidity, hot and windy conditions. Do not burn.",2023-03
2023-03-14,Irrigation Required,INFO,All irrigated crops,High water demand today. Irrigate before 7am or after 6pm to reduce evaporation.,2023-03
2023-03-14,High Crop Stress,HIGH,All crops,"Crop stress is high today. Heat, dryness and wind are combined. Shade or irrigate.",2023-03
2023-03-15,Dry Heat — Pest Risk,MEDIUM,"Cowpea, Sorghum",Dry heat favours aphids and thrips. Inspect crops. Consider neem spray.,2023-03
2023-03-15,Fire Risk Alert,HIGH,"All crops, grassland","High bushfire danger. Low humidity, hot and windy conditions. Do not burn.",2023-03
2023-03-15,Irrigation Required,INFO,All irrigated crops,High water demand today. Irrigate before 7am or after 6pm to reduce evaporation.,2023-03
2023-03-15,High Crop Stress,HIGH,All crops,"Crop stress is high today. Heat, dryness and wind are combined. Shade or irrigate.",2023-03
2023-03-16,Dry Heat — Pest Risk,MEDIUM,"Cowpea, Sorghum",Dry heat favours aphids and thrips. Inspect crops. Consider neem spray.,2023-03
2023-03-16,Fire Risk Alert,HIGH,"All crops, grassland","High bushfire danger. Low humidity, hot and windy conditions. Do not burn.",2023-03
2023-03-16,Irrigation Required,INFO,All irrigated crops,High water demand today. Irrigate before 7am or after 6pm to reduce evaporation.,2023-03
2023-03-16,High Crop Stress,HIGH,All crops,"Crop stress is high today. Heat, dryness and wind are combined. Shade or irrigate.",2023-03
2023-03-17,Dry Heat — Pest Risk,MEDIUM,"Cowpea, Sorghum",Dry heat favours aphids and thrips. Inspect crops. Consider neem spray.,2023-03
2023-03-17,Fire Risk Alert,HIGH,"All crops, grassland","High bushfire danger. Low humidity, hot and windy conditions. Do not burn.",2023-03
2023-03-17,Irrigation Required,INFO,All irrigated crops,High water demand today. Irrigate before 7am or after 6pm to reduce evaporation.,2023-03
2023-03-17,High Crop Stress,HIGH,All crops,"Crop stress is high today. Heat, dryness and wind are combined. Shade or irrigate.",2023-03
2023-03-18,Heat Stress,HIGH,"Cowpea, Groundnut, Maize",Extreme heat may cause flower drop and yield loss. Irrigate in the evening.,2023-03
2023-03-18,Dry Heat — Pest Risk,MEDIUM,"Cowpea, Sorghum",Dry heat favours aphids and thrips. Inspect crops. Consider neem spray.,2023-03
2023-03-18,Fire Risk Alert,HIGH,"All crops, grassland","High bushfire danger. Low humidity, hot and windy conditions. Do not burn.",2023-03
2023-03-18,Irrigation Required,INFO,All irrigated crops,High water demand today. Irrigate before 7am or after 6pm to reduce evaporation.,2023-03
2023-03-18,High Crop Stress,HIGH,All crops,"Crop stress is high today. Heat, dryness and wind are combined. Shade or irrigate.",2023-03
2023-03-19,Heat Stress,HIGH,"Cowpea, Groundnut, Maize",Extreme heat may cause flower drop and yield loss. Irrigate in the evening.,2023-03
2023-03-19,Dry Heat — Pest Risk,MEDIUM,"Cowpea, Sorghum",Dry heat favours aphids and thrips. Inspect crops. Consider neem spray.,2023-03
2023-03-19,Irrigation Required,INFO,All irrigated crops,High water demand today. Irrigate before 7am or after 6pm to reduce evaporation.,2023-03
2023-03-19,High Crop Stress,HIGH,All crops,"Crop stress is high today. Heat, dryness and wind are combined. Shade or irrigate.",2023-03
2023-03-20,Heat Stress,HIGH,"Cowpea, Groundnut, Maize",Extreme heat may cause flower drop and yield loss. Irrigate in the evening.,2023-03
2023-03-20,Dry Heat — Pest Risk,MEDIUM,"Cowpea, Sorghum",Dry heat favours aphids and thrips. Inspect crops. Consider neem spray.,2023-03
2023-03-20,Irrigation Required,INFO,All irrigated crops,High water demand today. Irrigate before 7am or after 6pm to reduce evaporation.,2023-03
2023-03-20,High Crop Stress,HIGH,All crops,"Crop stress is high today. Heat, dryness and wind are combined. Shade or irrigate.",2023-03
2023-03-21,Dry Heat — Pest Risk,MEDIUM,"Cowpea, Sorghum",Dry heat favours aphids and thrips. Inspect crops. Consider neem spray.,2023-03
2023-03-21,Irrigation Required,INFO,All irrigated crops,High water demand today. Irrigate before 7am or after 6pm to reduce evaporation.,2023-03
2023-03-22,Dry Heat — Pest Risk,MEDIUM,"Cowpea, Sorghum",Dry heat favours aphids and thrips. Inspect crops. Consider neem spray.,2023-03
2023-03-22,Irrigation Required,INFO,All irrigated crops,High water demand today. Irrigate before 7am or after 6pm to reduce evaporation.,2023-03
2023-03-22,Rain Likely,INFO,All crops,Signs of approaching rain. Hold off irrigation and spraying today.,2023-03
2023-03-23,Heat Stress,HIGH,"Cowpea, Groundnut, Maize",Extreme heat may cause flower drop and yield loss. Irrigate in the evening.,2023-03
2023-03-23,Dry Heat — Pest Risk,MEDIUM,"Cowpea, Sorghum",Dry heat favours aphids and thrips. Inspect crops. Consider neem spray.,2023-03
2023-03-23,Irrigation Required,INFO,All irrigated crops,High water demand today. Irrigate before 7am or after 6pm to reduce evaporation.,2023-03
2023-03-24,Dry Heat — Pest Risk,MEDIUM,"Cowpea, Sorghum",Dry heat favours aphids and thrips. Inspect crops. Consider neem spray.,2023-03
2023-03-24,Irrigation Required,INFO,All irrigated crops,High water demand today. Irrigate before 7am or after 6pm to reduce evaporation.,2023-03
2023-03-24,High Crop Stress,HIGH,All crops,"Crop stress is high today. Heat, dryness and wind are combined. Shade or irrigate.",2023-03
2023-03-25,Dry Heat — Pest Risk,MEDIUM,"Cowpea, Sorghum",Dry heat favours aphids and thrips. Inspect crops. Consider neem spray.,2023-03
2023-03-25,Irrigation Required,INFO,All irrigated crops,High water demand today. Irrigate before 7am or after 6pm to reduce evaporation.,2023-03
2023-03-26,Dry Heat — Pest Risk,MEDIUM,"Cowpea, Sorghum",Dry heat favours aphids and thrips. Inspect crops. Consider neem spray.,2023-03
2023-03-26,Irrigation Required,INFO,All irrigated crops,High water demand today. Irrigate before 7am or after 6pm to reduce evaporation.,2023-03
2023-03-26,High Crop Stress,HIGH,All crops,"Crop stress is high today. Heat, dryness and wind are combined. Shade or irrigate.",2023-03
2023-03-27,Dry Heat — Pest Risk,MEDIUM,"Cowpea, Sorghum",Dry heat favours aphids and thrips. Inspect crops. Consider neem spray.,2023-03
2023-03-27,Irrigation Required,INFO,All irrigated crops,High water demand today. Irrigate before 7am or after 6pm to reduce evaporation.,2023-03
2023-03-27,High Crop Stress,HIGH,All crops,"Crop stress is high today. Heat, dryness and wind are combined. Shade or irrigate.",2023-03
2023-03-28,Dry Heat — Pest Risk,MEDIUM,"Cowpea, Sorghum",Dry heat favours aphids and thrips. Inspect crops. Consider neem spray.,2023-03
2023-03-28,Fire Risk Alert,HIGH,"All crops, grassland","High bushfire danger. Low humidity, hot and windy conditions. Do not burn.",2023-03
2023-03-28,Irrigation Required,INFO,All irrigated crops,High water demand today. Irrigate before 7am or after 6pm to reduce evaporation.,2023-03
2023-03-28,High Crop Stress,HIGH,All crops,"Crop stress is high today. Heat, dryness and wind are combined. Shade or irrigate.",2023-03
2023-03-29,Dry Heat — Pest Risk,MEDIUM,"Cowpea, Sorghum",Dry heat favours aphids and thrips. Inspect crops. Consider neem spray.,2023-03
2023-03-29,Fire Risk Alert,HIGH,"All crops, grassland","High bushfire danger. Low humidity, hot and windy conditions. Do not burn.",2023-03
2023-03-29,Irrigation Required,INFO,All irrigated crops,High water demand today. Irrigate before 7am or after 6pm to reduce evaporation.,2023-03
2023-03-29,High Crop Stress,HIGH,All crops,"Crop stress is high today. Heat, dryness and wind are combined. Shade or irrigate.",2023-03
2023-03-30,Dry Heat — Pest Risk,MEDIUM,"Cowpea, Sorghum",Dry heat favours aphids and thrips. Inspect crops. Consider neem spray.,2023-03
2023-03-30,Fire Risk Alert,HIGH,"All crops, grassland","High bushfire danger. Low humidity, hot and windy conditions. Do not burn.",2023-03
2023-03-30,Irrigation Required,INFO,All irrigated crops,High water demand today. Irrigate before 7am or after 6pm to reduce evaporation.,2023-03
2023-03-30,High Crop Stress,HIGH,All crops,"Crop stress is high today. Heat, dryness and wind are combined. Shade or irrigate.",2023-03
2023-03-31,Dry Heat — Pest Risk,MEDIUM,"Cowpea, Sorghum",Dry heat favours aphids and thrips. Inspect crops. Consider neem spray.,2023-03
2023-03-31,Fire Risk Alert,HIGH,"All crops, grassland","High bushfire danger. Low humidity, hot and windy conditions. Do not burn.",2023-03
2023-03-31,Irrigation Required,INFO,All irrigated crops,High water demand today. Irrigate before 7am or after 6pm to reduce evaporation.,2023-03
2023-03-31,High Crop Stress,HIGH,All crops,"Crop stress is high today. Heat, dryness and wind are combined. Shade or irrigate.",2023-03
2023-04-01,Dry Heat — Pest Risk,MEDIUM,"Cowpea, Sorghum",Dry heat favours aphids and thrips. Inspect crops. Consider neem spray.,2023-04
2023-04-01,Fire Risk Alert,HIGH,"All crops, grassland","High bushfire danger. Low humidity, hot and windy conditions. Do not burn.",2023-04
2023-04-01,Irrigation Required,INFO,All irrigated crops,High water demand today. Irrigate before 7am or after 6pm to reduce evaporation.,2023-04
2023-04-01,High Crop Stress,HIGH,All crops,"Crop stress is high today. Heat, dryness and wind are combined. Shade or irrigate.",2023-04
2023-04-02,Heat Stress,HIGH,"Cowpea, Groundnut, Maize",Extreme heat may cause flower drop and yield loss. Irrigate in the evening.,2023-04
2023-04-02,Dry Heat — Pest Risk,MEDIUM,"Cowpea, Sorghum",Dry heat favours aphids and thrips. Inspect crops. Consider neem spray.,2023-04
2023-04-02,Fire Risk Alert,HIGH,"All crops, grassland","High bushfire danger. Low humidity, hot and windy conditions. Do not burn.",2023-04
2023-04-02,Irrigation Required,INFO,All irrigated crops,High water demand today. Irrigate before 7am or after 6pm to reduce evaporation.,2023-04
2023-04-02,High Crop Stress,HIGH,All crops,"Crop stress is high today. Heat, dryness and wind are combined. Shade or irrigate.",2023-04
2023-04-03,Heat Stress,HIGH,"Cowpea, Groundnut, Maize",Extreme heat may cause flower drop and yield loss. Irrigate in the evening.,2023-04
2023-04-03,Dry Heat — Pest Risk,MEDIUM,"Cowpea, Sorghum",Dry heat favours aphids and thrips. Inspect crops. Consider neem spray.,2023-04
2023-04-03,Fire Risk Alert,HIGH,"All crops, grassland","High bushfire danger. Low humidity, hot and windy conditions. Do not burn.",2023-04
2023-04-03,Irrigation Required,INFO,All irrigated crops,High water demand today. Irrigate before 7am or after 6pm to reduce evaporation.,2023-04
2023-04-03,High Crop Stress,HIGH,All crops,"Crop stress is high today. Heat, dryness and wind are combined. Shade or irrigate.",2023-04
2023-04-04,Heat Stress,HIGH,"Cowpea, Groundnut, Maize",Extreme heat may cause flower drop and yield loss. Irrigate in the evening.,2023-04
2023-04-04,Dry Heat — Pest Risk,MEDIUM,"Cowpea, Sorghum",Dry heat favours aphids and thrips. Inspect crops. Consider neem spray.,2023-04
2023-04-04,Fire Risk Alert,HIGH,"All crops, grassland","High bushfire danger. Low humidity, hot and windy conditions. Do not burn.",2023-04
2023-04-04,Irrigation Required,INFO,All irrigated crops,High water demand today. Irrigate before 7am or after 6pm to reduce evaporation.,2023-04
2023-04-04,High Crop Stress,HIGH,All crops,"Crop stress is high today. Heat, dryness and wind are combined. Shade or irrigate.",2023-04
2023-04-05,Heat Stress,HIGH,"Cowpea, Groundnut, Maize",Extreme heat may cause flower drop and yield loss. Irrigate in the evening.,2023-04
2023-04-05,Dry Heat — Pest Risk,MEDIUM,"Cowpea, Sorghum",Dry heat favours aphids and thrips. Inspect crops. Consider neem spray.,2023-04
2023-04-05,Fire Risk Alert,HIGH,"All crops, grassland","High bushfire danger. Low humidity, hot and windy conditions. Do not burn.",2023-04
2023-04-05,Irrigation Required,INFO,All irrigated crops,High water demand today. Irrigate before 7am or after 6pm to reduce evaporation.,2023-04
2023-04-05,High Crop Stress,HIGH,All crops,"Crop stress is high today. Heat, dryness and wind are combined. Shade or irrigate.",2023-04
2023-04-06,Heat Stress,HIGH,"Cowpea, Groundnut, Maize",Extreme heat may cause flower drop and yield loss. Irrigate in the evening.,2023-04
2023-04-06,Extreme Heat,CRITICAL,All crops,DANGER: Temperatures above 42°C. Emergency irrigation needed. Mulch immediately.,2023-04
2023-04-06,Dry Heat — Pest Risk,MEDIUM,"Cowpea, Sorghum",Dry heat favours aphids and thrips. Inspect crops. Consider neem spray.,2023-04
2023-04-06,Fire Risk Alert,HIGH,"All crops, grassland","High bushfire danger. Low humidity, hot and windy conditions. Do not burn.",2023-04
2023-04-06,Irrigation Required,INFO,All irrigated crops,High water demand today. Irrigate before 7am or after 6pm to reduce evaporation.,2023-04
2023-04-06,High Crop Stress,HIGH,All crops,"Crop stress is high today. Heat, dryness and wind are combined. Shade or irrigate.",2023-04
2023-04-07,Heat Stress,HIGH,"Cowpea, Groundnut, Maize",Extreme heat may cause flower drop and yield loss. Irrigate in the evening.,2023-04
2023-04-07,Dry Heat — Pest Risk,MEDIUM,"Cowpea, Sorghum",Dry heat favours aphids and thrips. Inspect crops. Consider neem spray.,2023-04
2023-04-07,Fire Risk Alert,HIGH,"All crops, grassland","High bushfire danger. Low humidity, hot and windy conditions. Do not burn.",2023-04
2023-04-07,Irrigation Required,INFO,All irrigated crops,High water demand today. Irrigate before 7am or after 6pm to reduce evaporation.,2023-04
2023-04-07,High Crop Stress,HIGH,All crops,"Crop stress is high today. Heat, dryness and wind are combined. Shade or irrigate.",2023-04
2023-04-08,Heat Stress,HIGH,"Cowpea, Groundnut, Maize",Extreme heat may cause flower drop and yield loss. Irrigate in the evening.,2023-04
2023-04-08,Dry Heat — Pest Risk,MEDIUM,"Cowpea, Sorghum",Dry heat favours aphids and thrips. Inspect crops. Consider neem spray.,2023-04
2023-04-08,Irrigation Required,INFO,All irrigated crops,High water demand today. Irrigate before 7am or after 6pm to reduce evaporation.,2023-04
2023-04-08,High Crop Stress,HIGH,All crops,"Crop stress is high today. Heat, dryness and wind are combined. Shade or irrigate.",2023-04
2023-04-09,Heat Stress,HIGH,"Cowpea, Groundnut, Maize",Extreme heat may cause flower drop and yield loss. Irrigate in the evening.,2023-04
2023-04-09,Dry Heat — Pest Risk,MEDIUM,"Cowpea, Sorghum",Dry heat favours aphids and thrips. Inspect crops. Consider neem spray.,2023-04
2023-04-09,Irrigation Required,INFO,All irrigated crops,High water demand today. Irrigate before 7am or after 6pm to reduce evaporation.,2023-04
2023-04-10,Heat Stress,HIGH,"Cowpea, Groundnut, Maize",Extreme heat may cause flower drop and yield loss. Irrigate in the evening.,2023-04
2023-04-10,Dry Heat — Pest Risk,MEDIUM,"Cowpea, Sorghum",Dry heat favours aphids and thrips. Inspect crops. Consider neem spray.,2023-04
2023-04-10,Irrigation Required,INFO,All irrigated crops,High water demand today. Irrigate before 7am or after 6pm to reduce evaporation.,2023-04
2023-04-11,Dry Heat — Pest Risk,MEDIUM,"Cowpea, Sorghum",Dry heat favours aphids and thrips. Inspect crops. Consider neem spray.,2023-04
2023-04-11,Irrigation Required,INFO,All irrigated crops,High water demand today. Irrigate before 7am or after 6pm to reduce evaporation.,2023-04
2023-04-11,High Crop Stress,HIGH,All crops,"Crop stress is high today. Heat, dryness and wind are combined. Shade or irrigate.",2023-04
2023-04-12,Dry Heat — Pest Risk,MEDIUM,"Cowpea, Sorghum",Dry heat favours aphids and thrips. Inspect crops. Consider neem spray.,2023-04
2023-04-12,Irrigation Required,INFO,All irrigated crops,High water demand today. Irrigate before 7am or after 6pm to reduce evaporation.,2023-04
2023-04-12,High Crop Stress,HIGH,All crops,"Crop stress is high today. Heat, dryness and wind are combined. Shade or irrigate.",2023-04
2023-04-13,Heat Stress,HIGH,"Cowpea, Groundnut, Maize",Extreme heat may cause flower drop and yield loss. Irrigate in the evening.,2023-04
2023-04-13,Dry Heat — Pest Risk,MEDIUM,"Cowpea, Sorghum",Dry heat favours aphids and thrips. Inspect crops. Consider neem spray.,2023-04
2023-04-13,Fire Risk Alert,HIGH,"All crops, grassland","High bushfire danger. Low humidity, hot and windy conditions. Do not burn.",2023-04
2023-04-13,Irrigation Required,INFO,All irrigated crops,High water demand today. Irrigate before 7am or after 6pm to reduce evaporation.,2023-04
2023-04-13,High Crop Stress,HIGH,All crops,"Crop stress is high today. Heat, dryness and wind are combined. Shade or irrigate.",2023-04
2023-04-14,Heat Stress,HIGH,"Cowpea, Groundnut, Maize",Extreme heat may cause flower drop and yield loss. Irrigate in the evening.,2023-04
2023-04-14,Dry Heat — Pest Risk,MEDIUM,"Cowpea, Sorghum",Dry heat favours aphids and thrips. Inspect crops. Consider neem spray.,2023-04
2023-04-14,Fire Risk Alert,HIGH,"All crops, grassland","High bushfire danger. Low humidity, hot and windy conditions. Do not burn.",2023-04
2023-04-14,Irrigation Required,INFO,All irrigated crops,High water demand today. Irrigate before 7am or after 6pm to reduce evaporation.,2023-04
2023-04-14,High Crop Stress,HIGH,All crops,"Crop stress is high today. Heat, dryness and wind are combined. Shade or irrigate.",2023-04
2023-04-15,Heat Stress,HIGH,"Cowpea, Groundnut, Maize",Extreme heat may cause flower drop and yield loss. Irrigate in the evening.,2023-04
2023-04-15,Dry Heat — Pest Risk,MEDIUM,"Cowpea, Sorghum",Dry heat favours aphids and thrips. Inspect crops. Consider neem spray.,2023-04
2023-04-15,Fire Risk Alert,HIGH,"All crops, grassland","High bushfire danger. Low humidity, hot and windy conditions. Do not burn.",2023-04
2023-04-15,Irrigation Required,INFO,All irrigated crops,High water demand today. Irrigate before 7am or after 6pm to reduce evaporation.,2023-04
2023-04-15,High Crop Stress,HIGH,All crops,"Crop stress is high today. Heat, dryness and wind are combined. Shade or irrigate.",2023-04
2023-04-16,Heat Stress,HIGH,"Cowpea, Groundnut, Maize",Extreme heat may cause flower drop and yield loss. Irrigate in the evening.,2023-04
2023-04-16,Dry Heat — Pest Risk,MEDIUM,"Cowpea, Sorghum",Dry heat favours aphids and thrips. Inspect crops. Consider neem spray.,2023-04
2023-04-16,Irrigation Required,INFO,All irrigated crops,High water demand today. Irrigate before 7am or after 6pm to reduce evaporation.,2023-04
2023-04-16,High Crop Stress,HIGH,All crops,"Crop stress is high today. Heat, dryness and wind are combined. Shade or irrigate.",2023-04
2023-04-17,Heat Stress,HIGH,"Cowpea, Groundnut, Maize",Extreme heat may cause flower drop and yield loss. Irrigate in the evening.,2023-04
2023-04-17,Dry Heat — Pest Risk,MEDIUM,"Cowpea, Sorghum",Dry heat favours aphids and thrips. Inspect crops. Consider neem spray.,2023-04
2023-04-17,Irrigation Required,INFO,All irrigated crops,High water demand today. Irrigate before 7am or after 6pm to reduce evaporation.,2023-04
2023-04-18,Heat Stress,HIGH,"Cowpea, Groundnut, Maize",Extreme heat may cause flower drop and yield loss. Irrigate in the evening.,2023-04
2023-04-18,Extreme Heat,CRITICAL,All crops,DANGER: Temperatures above 42°C. Emergency irrigation needed. Mulch immediately.,2023-04
2023-04-18,Dry Heat — Pest Risk,MEDIUM,"Cowpea, Sorghum",Dry heat favours aphids and thrips. Inspect crops. Consider neem spray.,2023-04
2023-04-18,Irrigation Required,INFO,All irrigated crops,High water demand today. Irrigate before 7am or after 6pm to reduce evaporation.,2023-04
2023-04-18,High Crop Stress,HIGH,All crops,"Crop stress is high today. Heat, dryness and wind are combined. Shade or irrigate.",2023-04
2023-04-19,Heat Stress,HIGH,"Cowpea, Groundnut, Maize",Extreme heat may cause flower drop and yield loss. Irrigate in the evening.,2023-04
2023-04-19,Dry Heat — Pest Risk,MEDIUM,"Cowpea, Sorghum",Dry heat favours aphids and thrips. Inspect crops. Consider neem spray.,2023-04
2023-04-19,Irrigation Required,INFO,All irrigated crops,High water demand today. Irrigate before 7am or after 6pm to reduce evaporation.,2023-04
2023-04-19,High Crop Stress,HIGH,All crops,"Crop stress is high today. Heat, dryness and wind are combined. Shade or irrigate.",2023-04
2023-04-20,Heat Stress,HIGH,"Cowpea, Groundnut, Maize",Extreme heat may cause flower drop and yield loss. Irrigate in the evening.,2023-04
2023-04-20,Dry Heat — Pest Risk,MEDIUM,"Cowpea, Sorghum",Dry heat favours aphids and thrips. Inspect crops. Consider neem spray.,2023-04
2023-04-20,Irrigation Required,INFO,All irrigated crops,High water demand today. Irrigate before 7am or after 6pm to reduce evaporation.,2023-04
2023-04-20,Rain Likely,INFO,All crops,Signs of approaching rain. Hold off irrigation and spraying today.,2023-04
2023-04-21,Heat Stress,HIGH,"Cowpea, Groundnut, Maize",Extreme heat may cause flower drop and yield loss. Irrigate in the evening.,2023-04
2023-04-21,Dry Heat — Pest Risk,MEDIUM,"Cowpea, Sorghum",Dry heat favours aphids and thrips. Inspect crops. Consider neem spray.,2023-04
2023-04-21,Irrigation Required,INFO,All irrigated crops,High water demand today. Irrigate before 7am or after 6pm to reduce evaporation.,2023-04
2023-04-21,High Crop Stress,HIGH,All crops,"Crop stress is high today. Heat, dryness and wind are combined. Shade or irrigate.",2023-04
2023-04-22,Heat Stress,HIGH,"Cowpea, Groundnut, Maize",Extreme heat may cause flower drop and yield loss. Irrigate in the evening.,2023-04
2023-04-22,Dry Heat — Pest Risk,MEDIUM,"Cowpea, Sorghum",Dry heat favours aphids and thrips. Inspect crops. Consider neem spray.,2023-04
2023-04-22,Irrigation Required,INFO,All irrigated crops,High water demand today. Irrigate before 7am or after 6pm to reduce evaporation.,2023-04
2023-04-23,Dry Heat — Pest Risk,MEDIUM,"Cowpea, Sorghum",Dry heat favours aphids and thrips. Inspect crops. Consider neem spray.,2023-04
2023-04-24,Heat Stress,HIGH,"Cowpea, Groundnut, Maize",Extreme heat may cause flower drop and yield loss. Irrigate in the evening.,2023-04
2023-04-24,Irrigation Required,INFO,All irrigated crops,High water demand today. Irrigate before 7am or after 6pm to reduce evaporation.,2023-04
2023-04-24,Rain Likely,INFO,All crops,Signs of approaching rain. Hold off irrigation and spraying today.,2023-04
2023-04-25,Heat Stress,HIGH,"Cowpea, Groundnut, Maize",Extreme heat may cause flower drop and yield loss. Irrigate in the evening.,2023-04
2023-04-25,Dry Heat — Pest Risk,MEDIUM,"Cowpea, Sorghum",Dry heat favours aphids and thrips. Inspect crops. Consider neem spray.,2023-04
2023-04-25,Irrigation Required,INFO,All irrigated crops,High water demand today. Irrigate before 7am or after 6pm to reduce evaporation.,2023-04
2023-04-26,Heat Stress,HIGH,"Cowpea, Groundnut, Maize",Extreme heat may cause flower drop and yield loss. Irrigate in the evening.,2023-04
2023-04-26,Dry Heat — Pest Risk,MEDIUM,"Cowpea, Sorghum",Dry heat favours aphids and thrips. Inspect crops. Consider neem spray.,2023-04
2023-04-26,Irrigation Required,INFO,All irrigated crops,High water demand today. Irrigate before 7am or after 6pm to reduce evaporation.,2023-04
2023-04-27,Heat Stress,HIGH,"Cowpea, Groundnut, Maize",Extreme heat may cause flower drop and yield loss. Irrigate in the evening.,2023-04
2023-04-27,Irrigation Required,INFO,All irrigated crops,High water demand today. Irrigate before 7am or after 6pm to reduce evaporation.,2023-04
2023-04-28,Heat Stress,HIGH,"Cowpea, Groundnut, Maize",Extreme heat may cause flower drop and yield loss. Irrigate in the evening.,2023-04
2023-04-28,Irrigation Required,INFO,All irrigated crops,High water demand today. Irrigate before 7am or after 6pm to reduce evaporation.,2023-04
2023-04-29,Heat Stress,HIGH,"Cowpea, Groundnut, Maize",Extreme heat may cause flower drop and yield loss. Irrigate in the evening.,2023-04
2023-04-29,Dry Heat — Pest Risk,MEDIUM,"Cowpea, Sorghum",Dry heat favours aphids and thrips. Inspect crops. Consider neem spray.,2023-04
2023-04-29,Irrigation Required,INFO,All irrigated crops,High water demand today. Irrigate before 7am or after 6pm to reduce evaporation.,2023-04
2023-04-29,High Crop Stress,HIGH,All crops,"Crop stress is high today. Heat, dryness and wind are combined. Shade or irrigate.",2023-04
2023-04-30,Heat Stress,HIGH,"Cowpea, Groundnut, Maize",Extreme heat may cause flower drop and yield loss. Irrigate in the evening.,2023-04
2023-04-30,Dry Heat — Pest Risk,MEDIUM,"Cowpea, Sorghum",Dry heat favours aphids and thrips. Inspect crops. Consider neem spray.,2023-04
2023-04-30,Irrigation Required,INFO,All irrigated crops,High water demand today. Irrigate before 7am or after 6pm to reduce evaporation.,2023-04
2023-05-01,Heat Stress,HIGH,"Cowpea, Groundnut, Maize",Extreme heat may cause flower drop and yield loss. Irrigate in the evening.,2023-05
2023-05-01,Irrigation Required,INFO,All irrigated crops,High water demand today. Irrigate before 7am or after 6pm to reduce evaporation.,2023-05
2023-05-02,Heat Stress,HIGH,"Cowpea, Groundnut, Maize",Extreme heat may cause flower drop and yield loss. Irrigate in the evening.,2023-05
2023-05-02,Irrigation Required,INFO,All irrigated crops,High water demand today. Irrigate before 7am or after 6pm to reduce evaporation.,2023-05
2023-05-03,Heat Stress,HIGH,"Cowpea, Groundnut, Maize",Extreme heat may cause flower drop and yield loss. Irrigate in the evening.,2023-05
2023-05-03,Irrigation Required,INFO,All irrigated crops,High water demand today. Irrigate before 7am or after 6pm to reduce evaporation.,2023-05
2023-05-04,Heat Stress,HIGH,"Cowpea, Groundnut, Maize",Extreme heat may cause flower drop and yield loss. Irrigate in the evening.,2023-05
2023-05-04,Dry Heat — Pest Risk,MEDIUM,"Cowpea, Sorghum",Dry heat favours aphids and thrips. Inspect crops. Consider neem spray.,2023-05
2023-05-04,Irrigation Required,INFO,All irrigated crops,High water demand today. Irrigate before 7am or after 6pm to reduce evaporation.,2023-05
2023-05-05,Heat Stress,HIGH,"Cowpea, Groundnut, Maize",Extreme heat may cause flower drop and yield loss. Irrigate in the evening.,2023-05
2023-05-05,Dry Heat — Pest Risk,MEDIUM,"Cowpea, Sorghum",Dry heat favours aphids and thrips. Inspect crops. Consider neem spray.,2023-05
2023-05-05,Irrigation Required,INFO,All irrigated crops,High water demand today. Irrigate before 7am or after 6pm to reduce evaporation.,2023-05
2023-05-06,Heat Stress,HIGH,"Cowpea, Groundnut, Maize",Extreme heat may cause flower drop and yield loss. Irrigate in the evening.,2023-05
2023-05-06,Dry Heat — Pest Risk,MEDIUM,"Cowpea, Sorghum",Dry heat favours aphids and thrips. Inspect crops. Consider neem spray.,2023-05
2023-05-06,Irrigation Required,INFO,All irrigated crops,High water demand today. Irrigate before 7am or after 6pm to reduce evaporation.,2023-05
2023-05-06,High Crop Stress,HIGH,All crops,"Crop stress is high today. Heat, dryness and wind are combined. Shade or irrigate.",2023-05
2023-05-07,Heat Stress,HIGH,"Cowpea, Groundnut, Maize",Extreme heat may cause flower drop and yield loss. Irrigate in the evening.,2023-05
2023-05-07,Dry Heat — Pest Risk,MEDIUM,"Cowpea, Sorghum",Dry heat favours aphids and thrips. Inspect crops. Consider neem spray.,2023-05
2023-05-07,Irrigation Required,INFO,All irrigated crops,High water demand today. Irrigate before 7am or after 6pm to reduce evaporation.,2023-05
2023-05-07,High Crop Stress,HIGH,All crops,"Crop stress is high today. Heat, dryness and wind are combined. Shade or irrigate.",2023-05
2023-05-08,Heat Stress,HIGH,"Cowpea, Groundnut, Maize",Extreme heat may cause flower drop and yield loss. Irrigate in the evening.,2023-05
2023-05-08,Dry Heat — Pest Risk,MEDIUM,"Cowpea, Sorghum",Dry heat favours aphids and thrips. Inspect crops. Consider neem spray.,2023-05
2023-05-08,Irrigation Required,INFO,All irrigated crops,High water demand today. Irrigate before 7am or after 6pm to reduce evaporation.,2023-05
2023-05-08,High Crop Stress,HIGH,All crops,"Crop stress is high today. Heat, dryness and wind are combined. Shade or irrigate.",2023-05
2023-05-09,Heat Stress,HIGH,"Cowpea, Groundnut, Maize",Extreme heat may cause flower drop and yield loss. Irrigate in the evening.,2023-05
2023-05-09,Dry Heat — Pest Risk,MEDIUM,"Cowpea, Sorghum",Dry heat favours aphids and thrips. Inspect crops. Consider neem spray.,2023-05
2023-05-09,Irrigation Required,INFO,All irrigated crops,High water demand today. Irrigate before 7am or after 6pm to reduce evaporation.,2023-05
2023-05-09,Rain Likely,INFO,All crops,Signs of approaching rain. Hold off irrigation and spraying today.,2023-05
2023-05-09,High Crop Stress,HIGH,All crops,"Crop stress is high today. Heat, dryness and wind are combined. Shade or irrigate.",2023-05
2023-05-10,Heat Stress,HIGH,"Cowpea, Groundnut, Maize",Extreme heat may cause flower drop and yield loss. Irrigate in the evening.,2023-05
2023-05-10,Dry Heat — Pest Risk,MEDIUM,"Cowpea, Sorghum",Dry heat favours aphids and thrips. Inspect crops. Consider neem spray.,2023-05
2023-05-10,Irrigation Required,INFO,All irrigated crops,High water demand today. Irrigate before 7am or after 6pm to reduce evaporation.,2023-05
2023-05-10,High Crop Stress,HIGH,All crops,"Crop stress is high today. Heat, dryness and wind are combined. Shade or irrigate.",2023-05
2023-05-12,Heat Stress,HIGH,"Cowpea, Groundnut, Maize",Extreme heat may cause flower drop and yield loss. Irrigate in the evening.,2023-05
2023-05-12,Dry Heat — Pest Risk,MEDIUM,"Cowpea, Sorghum",Dry heat favours aphids and thrips. Inspect crops. Consider neem spray.,2023-05
2023-05-13,Heat Stress,HIGH,"Cowpea, Groundnut, Maize",Extreme heat may cause flower drop and yield loss. Irrigate in the evening.,2023-05
2023-05-13,Dry Heat — Pest Risk,MEDIUM,"Cowpea, Sorghum",Dry heat favours aphids and thrips. Inspect crops. Consider neem spray.,2023-05
2023-05-14,Heat Stress,HIGH,"Cowpea, Groundnut, Maize",Extreme heat may cause flower drop and yield loss. Irrigate in the evening.,2023-05
2023-05-14,Dry Heat — Pest Risk,MEDIUM,"Cowpea, Sorghum",Dry heat favours aphids and thrips. Inspect crops. Consider neem spray.,2023-05
2023-05-14,High Crop Stress,HIGH,All crops,"Crop stress is high today. Heat, dryness and wind are combined. Shade or irrigate.",2023-05
2023-05-15,Heat Stress,HIGH,"Cowpea, Groundnut, Maize",Extreme heat may cause flower drop and yield loss. Irrigate in the evening.,2023-05
2023-05-16,Heat Stress,HIGH,"Cowpea, Groundnut, Maize",Extreme heat may cause flower drop and yield loss. Irrigate in the evening.,2023-05
2023-05-17,Heat Stress,HIGH,"Cowpea, Groundnut, Maize",Extreme heat may cause flower drop and yield loss. Irrigate in the evening.,2023-05
2023-05-18,Heat Stress,HIGH,"Cowpea, Groundnut, Maize",Extreme heat may cause flower drop and yield loss. Irrigate in the evening.,2023-05
2023-05-18,Irrigation Required,INFO,All irrigated crops,High water demand today. Irrigate before 7am or after 6pm to reduce evaporation.,2023-05
2023-05-19,Irrigation Required,INFO,All irrigated crops,High water demand today. Irrigate before 7am or after 6pm to reduce evaporation.,2023-05
2023-05-20,Heat Stress,HIGH,"Cowpea, Groundnut, Maize",Extreme heat may cause flower drop and yield loss. Irrigate in the evening.,2023-05
2023-05-20,Irrigation Required,INFO,All irrigated crops,High water demand today. Irrigate before 7am or after 6pm to reduce evaporation.,2023-05
2023-05-21,Rain Likely,INFO,All crops,Signs of approaching rain. Hold off irrigation and spraying today.,2023-05
2023-05-22,Heat Stress,HIGH,"Cowpea, Groundnut, Maize",Extreme heat may cause flower drop and yield loss. Irrigate in the evening.,2023-05
2023-05-23,Irrigation Required,INFO,All irrigated crops,High water demand today. Irrigate before 7am or after 6pm to reduce evaporation.,2023-05
2023-05-24,Heat Stress,HIGH,"Cowpea, Groundnut, Maize",Extreme heat may cause flower drop and yield loss. Irrigate in the evening.,2023-05
2023-05-24,Irrigation Required,INFO,All irrigated crops,High water demand today. Irrigate before 7am or after 6pm to reduce evaporation.,2023-05
2023-05-25,Irrigation Required,INFO,All irrigated crops,High water demand today. Irrigate before 7am or after 6pm to reduce evaporation.,2023-05
2023-05-26,Heat Stress,HIGH,"Cowpea, Groundnut, Maize",Extreme heat may cause flower drop and yield loss. Irrigate in the evening.,2023-05
2023-05-26,Irrigation Required,INFO,All irrigated crops,High water demand today. Irrigate before 7am or after 6pm to reduce evaporation.,2023-05
2023-05-27,Heat Stress,HIGH,"Cowpea, Groundnut, Maize",Extreme heat may cause flower drop and yield loss. Irrigate in the evening.,2023-05
2023-05-27,Irrigation Required,INFO,All irrigated crops,High water demand today. Irrigate before 7am or after 6pm to reduce evaporation.,2023-05
2023-05-28,Irrigation Required,INFO,All irrigated crops,High water demand today. Irrigate before 7am or after 6pm to reduce evaporation.,2023-05
2023-05-29,Heat Stress,HIGH,"Cowpea, Groundnut, Maize",Extreme heat may cause flower drop and yield loss. Irrigate in the evening.,2023-05
2023-05-29,Irrigation Required,INFO,All irrigated crops,High water demand today. Irrigate before 7am or after 6pm to reduce evaporation.,2023-05
2023-05-30,Heat Stress,HIGH,"Cowpea, Groundnut, Maize",Extreme heat may cause flower drop and yield loss. Irrigate in the evening.,2023-05
2023-05-30,Irrigation Required,INFO,All irrigated crops,High water demand today. Irrigate before 7am or after 6pm to reduce evaporation.,2023-05
2023-05-31,Heat Stress,HIGH,"Cowpea, Groundnut, Maize",Extreme heat may cause flower drop and yield loss. Irrigate in the evening.,2023-05
2023-05-31,Irrigation Required,INFO,All irrigated crops,High water demand today. Irrigate before 7am or after 6pm to reduce evaporation.,2023-05
2023-06-01,Heat Stress,HIGH,"Cowpea, Groundnut, Maize",Extreme heat may cause flower drop and yield loss. Irrigate in the evening.,2023-06
2023-06-01,Irrigation Required,INFO,All irrigated crops,High water demand today. Irrigate before 7am or after 6pm to reduce evaporation.,2023-06
2023-06-03,Planting Window Open,POSITIVE,"Millet, Sorghum, Cowpea",Good planting conditions. Soil warm and moisture adequate. Plant within 48 hours.,2023-06
2023-06-04,Heat Stress,HIGH,"Cowpea, Groundnut, Maize",Extreme heat may cause flower drop and yield loss. Irrigate in the evening.,2023-06
2023-06-04,Planting Window Open,POSITIVE,"Millet, Sorghum, Cowpea",Good planting conditions. Soil warm and moisture adequate. Plant within 48 hours.,2023-06
2023-06-06,Planting Window Open,POSITIVE,"Millet, Sorghum, Cowpea",Good planting conditions. Soil warm and moisture adequate. Plant within 48 hours.,2023-06
2023-06-07,Planting Window Open,POSITIVE,"Millet, Sorghum, Cowpea",Good planting conditions. Soil warm and moisture adequate. Plant within 48 hours.,2023-06
2023-06-08,Planting Window Open,POSITIVE,"Millet, Sorghum, Cowpea",Good planting conditions. Soil warm and moisture adequate. Plant within 48 hours.,2023-06
2023-06-09,Planting Window Open,POSITIVE,"Millet, Sorghum, Cowpea",Good planting conditions. Soil warm and moisture adequate. Plant within 48 hours.,2023-06
2023-06-10,Planting Window Open,POSITIVE,"Millet, Sorghum, Cowpea",Good planting conditions. Soil warm and moisture adequate. Plant within 48 hours.,2023-06
2023-06-11,Planting Window Open,POSITIVE,"Millet, Sorghum, Cowpea",Good planting conditions. Soil warm and moisture adequate. Plant within 48 hours.,2023-06
2023-06-12,Planting Window Open,POSITIVE,"Millet, Sorghum, Cowpea",Good planting conditions. Soil warm and moisture adequate. Plant within 48 hours.,2023-06
2023-06-13,Planting Window Open,POSITIVE,"Millet, Sorghum, Cowpea",Good planting conditions. Soil warm and moisture adequate. Plant within 48 hours.,2023-06
2023-06-14,Planting Window Open,POSITIVE,"Millet, Sorghum, Cowpea",Good planting conditions. Soil warm and moisture adequate. Plant within 48 hours.,2023-06
2023-06-15,Planting Window Open,POSITIVE,"Millet, Sorghum, Cowpea",Good planting conditions. Soil warm and moisture adequate. Plant within 48 hours.,2023-06
2023-06-16,Heat Stress,HIGH,"Cowpea, Groundnut, Maize",Extreme heat may cause flower drop and yield loss. Irrigate in the evening.,2023-06
2023-06-16,Rain Likely,INFO,All crops,Signs of approaching rain. Hold off irrigation and spraying today.,2023-06
2023-06-16,Planting Window Open,POSITIVE,"Millet, Sorghum, Cowpea",Good planting conditions. Soil warm and moisture adequate. Plant within 48 hours.,2023-06
2023-06-18,Planting Window Open,POSITIVE,"Millet, Sorghum, Cowpea",Good planting conditions. Soil warm and moisture adequate. Plant within 48 hours.,2023-06
2023-06-19,Planting Window Open,POSITIVE,"Millet, Sorghum, Cowpea",Good planting conditions. Soil warm and moisture adequate. Plant within 48 hours.,2023-06
2023-06-20,Planting Window Open,POSITIVE,"Millet, Sorghum, Cowpea",Good planting conditions. Soil warm and moisture adequate. Plant within 48 hours.,2023-06
2023-06-23,Planting Window Open,POSITIVE,"Millet, Sorghum, Cowpea",Good planting conditions. Soil warm and moisture adequate. Plant within 48 hours.,2023-06
2023-06-24,Planting Window Open,POSITIVE,"Millet, Sorghum, Cowpea",Good planting conditions. Soil warm and moisture adequate. Plant within 48 hours.,2023-06
2023-06-25,Planting Window Open,POSITIVE,"Millet, Sorghum, Cowpea",Good planting conditions. Soil warm and moisture adequate. Plant within 48 hours.,2023-06
2023-06-26,Planting Window Open,POSITIVE,"Millet, Sorghum, Cowpea",Good planting conditions. Soil warm and moisture adequate. Plant within 48 hours.,2023-06
2023-06-27,Planting Window Open,POSITIVE,"Millet, Sorghum, Cowpea",Good planting conditions. Soil warm and moisture adequate. Plant within 48 hours.,2023-06
2023-06-28,Planting Window Open,POSITIVE,"Millet, Sorghum, Cowpea",Good planting conditions. Soil warm and moisture adequate. Plant within 48 hours.,2023-06
2023-06-29,Planting Window Open,POSITIVE,"Millet, Sorghum, Cowpea",Good planting conditions. Soil warm and moisture adequate. Plant within 48 hours.,2023-06
2023-06-30,Planting Window Open,POSITIVE,"Millet, Sorghum, Cowpea",Good planting conditions. Soil warm and moisture adequate. Plant within 48 hours.,2023-06
2023-07-01,Planting Window Open,POSITIVE,"Millet, Sorghum, Cowpea",Good planting conditions. Soil warm and moisture adequate. Plant within 48 hours.,2023-07
2023-07-02,Planting Window Open,POSITIVE,"Millet, Sorghum, Cowpea",Good planting conditions. Soil warm and moisture adequate. Plant within 48 hours.,2023-07
2023-07-03,Planting Window Open,POSITIVE,"Millet, Sorghum, Cowpea",Good planting conditions. Soil warm and moisture adequate. Plant within 48 hours.,2023-07
2023-07-05,Irrigation Required,INFO,All irrigated crops,High water demand today. Irrigate before 7am or after 6pm to reduce evaporation.,2023-07
2023-07-06,Irrigation Required,INFO,All irrigated crops,High water demand today. Irrigate before 7am or after 6pm to reduce evaporation.,2023-07
2023-07-09,Rain Likely,INFO,All crops,Signs of approaching rain. Hold off irrigation and spraying today.,2023-07
2023-07-09,Planting Window Open,POSITIVE,"Millet, Sorghum, Cowpea",Good planting conditions. Soil warm and moisture adequate. Plant within 48 hours.,2023-07
2023-07-10,Planting Window Open,POSITIVE,"Millet, Sorghum, Cowpea",Good planting conditions. Soil warm and moisture adequate. Plant within 48 hours.,2023-07
2023-07-11,Planting Window Open,POSITIVE,"Millet, Sorghum, Cowpea",Good planting conditions. Soil warm and moisture adequate. Plant within 48 hours.,2023-07
2023-07-12,Planting Window Open,POSITIVE,"Millet, Sorghum, Cowpea",Good planting conditions. Soil warm and moisture adequate. Plant within 48 hours.,2023-07
2023-07-13,Planting Window Open,POSITIVE,"Millet, Sorghum, Cowpea",Good planting conditions. Soil warm and moisture adequate. Plant within 48 hours.,2023-07
2023-07-14,Planting Window Open,POSITIVE,"Millet, Sorghum, Cowpea",Good planting conditions. Soil warm and moisture adequate. Plant within 48 hours.,2023-07
2023-07-15,Planting Window Open,POSITIVE,"Millet, Sorghum, Cowpea",Good planting conditions. Soil warm and moisture adequate. Plant within 48 hours.,2023-07
2023-07-16,Planting Window Open,POSITIVE,"Millet, Sorghum, Cowpea",Good planting conditions. Soil warm and moisture adequate. Plant within 48 hours.,2023-07
2023-07-19,Planting Window Open,POSITIVE,"Millet, Sorghum, Cowpea",Good planting conditions. Soil warm and moisture adequate. Plant within 48 hours.,2023-07
2023-07-23,Planting Window Open,POSITIVE,"Millet, Sorghum, Cowpea",Good planting conditions. Soil warm and moisture adequate. Plant within 48 hours.,2023-07
2023-07-24,Planting Window Open,POSITIVE,"Millet, Sorghum, Cowpea",Good planting conditions. Soil warm and moisture adequate. Plant within 48 hours.,2023-07
2023-07-25,Planting Window Open,POSITIVE,"Millet, Sorghum, Cowpea",Good planting conditions. Soil warm and moisture adequate. Plant within 48 hours.,2023-07
2023-07-26,Planting Window Open,POSITIVE,"Millet, Sorghum, Cowpea",Good planting conditions. Soil warm and moisture adequate. Plant within 48 hours.,2023-07
2023-07-27,Planting Window Open,POSITIVE,"Millet, Sorghum, Cowpea",Good planting conditions. Soil warm and moisture adequate. Plant within 48 hours.,2023-07
2023-07-28,Planting Window Open,POSITIVE,"Millet, Sorghum, Cowpea",Good planting conditions. Soil warm and moisture adequate. Plant within 48 hours.,2023-07
2023-07-29,Planting Window Open,POSITIVE,"Millet, Sorghum, Cowpea",Good planting conditions. Soil warm and moisture adequate. Plant within 48 hours.,2023-07
2023-08-03,Planting Window Open,POSITIVE,"Millet, Sorghum, Cowpea",Good planting conditions. Soil warm and moisture adequate. Plant within 48 hours.,2023-08
2023-08-04,Planting Window Open,POSITIVE,"Millet, Sorghum, Cowpea",Good planting conditions. Soil warm and moisture adequate. Plant within 48 hours.,2023-08
2023-08-05,Fungal Risk Spike,MEDIUM,"Tomato, Pepper, Onion",Heavy moist air detected. Check leaves for spots. Apply fungicide if needed.,2023-08
2023-08-05,Planting Window Open,POSITIVE,"Millet, Sorghum, Cowpea",Good planting conditions. Soil warm and moisture adequate. Plant within 48 hours.,2023-08
2023-08-07,Planting Window Open,POSITIVE,"Millet, Sorghum, Cowpea",Good planting conditions. Soil warm and moisture adequate. Plant within 48 hours.,2023-08
2023-08-08,Planting Window Open,POSITIVE,"Millet, Sorghum, Cowpea",Good planting conditions. Soil warm and moisture adequate. Plant within 48 hours.,2023-08
2023-08-09,Planting Window Open,POSITIVE,"Millet, Sorghum, Cowpea",Good planting conditions. Soil warm and moisture adequate. Plant within 48 hours.,2023-08
2023-08-10,Fungal Risk Spike,MEDIUM,"Tomato, Pepper, Onion",Heavy moist air detected. Check leaves for spots. Apply fungicide if needed.,2023-08
2023-08-11,Planting Window Open,POSITIVE,"Millet, Sorghum, Cowpea",Good planting conditions. Soil warm and moisture adequate. Plant within 48 hours.,2023-08
2023-08-12,Planting Window Open,POSITIVE,"Millet, Sorghum, Cowpea",Good planting conditions. Soil warm and moisture adequate. Plant within 48 hours.,2023-08
2023-08-14,Planting Window Open,POSITIVE,"Millet, Sorghum, Cowpea",Good planting conditions. Soil warm and moisture adequate. Plant within 48 hours.,2023-08
2023-08-15,Planting Window Open,POSITIVE,"Millet, Sorghum, Cowpea",Good planting conditions. Soil warm and moisture adequate. Plant within 48 hours.,2023-08
2023-08-16,Planting Window Open,POSITIVE,"Millet, Sorghum, Cowpea",Good planting conditions. Soil warm and moisture adequate. Plant within 48 hours.,2023-08
2023-08-17,Planting Window Open,POSITIVE,"Millet, Sorghum, Cowpea",Good planting conditions. Soil warm and moisture adequate. Plant within 48 hours.,2023-08
2023-08-18,Planting Window Open,POSITIVE,"Millet, Sorghum, Cowpea",Good planting conditions. Soil warm and moisture adequate. Plant within 48 hours.,2023-08
2023-08-24,Planting Window Open,POSITIVE,"Millet, Sorghum, Cowpea",Good planting conditions. Soil warm and moisture adequate. Plant within 48 hours.,2023-08
2023-08-25,Planting Window Open,POSITIVE,"Millet, Sorghum, Cowpea",Good planting conditions. Soil warm and moisture adequate. Plant within 48 hours.,2023-08
2023-08-26,Planting Window Open,POSITIVE,"Millet, Sorghum, Cowpea",Good planting conditions. Soil warm and moisture adequate. Plant within 48 hours.,2023-08
2023-08-27,Planting Window Open,POSITIVE,"Millet, Sorghum, Cowpea",Good planting conditions. Soil warm and moisture adequate. Plant within 48 hours.,2023-08
2023-08-28,Planting Window Open,POSITIVE,"Millet, Sorghum, Cowpea",Good planting conditions. Soil warm and moisture adequate. Plant within 48 hours.,2023-08
2023-08-29,Planting Window Open,POSITIVE,"Millet, Sorghum, Cowpea",Good planting conditions. Soil warm and moisture adequate. Plant within 48 hours.,2023-08
2023-08-30,Planting Window Open,POSITIVE,"Millet, Sorghum, Cowpea",Good planting conditions. Soil warm and moisture adequate. Plant within 48 hours.,2023-08
2023-08-31,Planting Window Open,POSITIVE,"Millet, Sorghum, Cowpea",Good planting conditions. Soil warm and moisture adequate. Plant within 48 hours.,2023-08
2023-09-01,Planting Window Open,POSITIVE,"Millet, Sorghum, Cowpea",Good planting conditions. Soil warm and moisture adequate. Plant within 48 hours.,2023-09
2023-09-02,Planting Window Open,POSITIVE,"Millet, Sorghum, Cowpea",Good planting conditions. Soil warm and moisture adequate. Plant within 48 hours.,2023-09
2023-09-03,Planting Window Open,POSITIVE,"Millet, Sorghum, Cowpea",Good planting conditions. Soil warm and moisture adequate. Plant within 48 hours.,2023-09
2023-09-04,Planting Window Open,POSITIVE,"Millet, Sorghum, Cowpea",Good planting conditions. Soil warm and moisture adequate. Plant within 48 hours.,2023-09
2023-09-05,Planting Window Open,POSITIVE,"Millet, Sorghum, Cowpea",Good planting conditions. Soil warm and moisture adequate. Plant within 48 hours.,2023-09
2023-09-06,Planting Window Open,POSITIVE,"Millet, Sorghum, Cowpea",Good planting conditions. Soil warm and moisture adequate. Plant within 48 hours.,2023-09
2023-09-07,Planting Window Open,POSITIVE,"Millet, Sorghum, Cowpea",Good planting conditions. Soil warm and moisture adequate. Plant within 48 hours.,2023-09
2023-09-08,Planting Window Open,POSITIVE,"Millet, Sorghum, Cowpea",Good planting conditions. Soil warm and moisture adequate. Plant within 48 hours.,2023-09
2023-09-09,Planting Window Open,POSITIVE,"Millet, Sorghum, Cowpea",Good planting conditions. Soil warm and moisture adequate. Plant within 48 hours.,2023-09
2023-09-10,Rain Likely,INFO,All crops,Signs of approaching rain. Hold off irrigation and spraying today.,2023-09
2023-09-10,Planting Window Open,POSITIVE,"Millet, Sorghum, Cowpea",Good planting conditions. Soil warm and moisture adequate. Plant within 48 hours.,2023-09
2023-09-11,Planting Window Open,POSITIVE,"Millet, Sorghum, Cowpea",Good planting conditions. Soil warm and moisture adequate. Plant within 48 hours.,2023-09
2023-09-12,Planting Window Open,POSITIVE,"Millet, Sorghum, Cowpea",Good planting conditions. Soil warm and moisture adequate. Plant within 48 hours.,2023-09
2023-09-13,Planting Window Open,POSITIVE,"Millet, Sorghum, Cowpea",Good planting conditions. Soil warm and moisture adequate. Plant within 48 hours.,2023-09
2023-09-14,Planting Window Open,POSITIVE,"Millet, Sorghum, Cowpea",Good planting conditions. Soil warm and moisture adequate. Plant within 48 hours.,2023-09
2023-09-15,Planting Window Open,POSITIVE,"Millet, Sorghum, Cowpea",Good planting conditions. Soil warm and moisture adequate. Plant within 48 hours.,2023-09
2023-09-16,Planting Window Open,POSITIVE,"Millet, Sorghum, Cowpea",Good planting conditions. Soil warm and moisture adequate. Plant within 48 hours.,2023-09
2023-09-17,Planting Window Open,POSITIVE,"Millet, Sorghum, Cowpea",Good planting conditions. Soil warm and moisture adequate. Plant within 48 hours.,2023-09
2023-09-24,Planting Window Open,POSITIVE,"Millet, Sorghum, Cowpea",Good planting conditions. Soil warm and moisture adequate. Plant within 48 hours.,2023-09
2023-09-25,Planting Window Open,POSITIVE,"Millet, Sorghum, Cowpea",Good planting conditions. Soil warm and moisture adequate. Plant within 48 hours.,2023-09
2023-09-26,Planting Window Open,POSITIVE,"Millet, Sorghum, Cowpea",Good planting conditions. Soil warm and moisture adequate. Plant within 48 hours.,2023-09
2023-09-27,Planting Window Open,POSITIVE,"Millet, Sorghum, Cowpea",Good planting conditions. Soil warm and moisture adequate. Plant within 48 hours.,2023-09
2023-09-28,Planting Window Open,POSITIVE,"Millet, Sorghum, Cowpea",Good planting conditions. Soil warm and moisture adequate. Plant within 48 hours.,2023-09
2023-09-29,Planting Window Open,POSITIVE,"Millet, Sorghum, Cowpea",Good planting conditions. Soil warm and moisture adequate. Plant within 48 hours.,2023-09
2023-09-30,Planting Window Open,POSITIVE,"Millet, Sorghum, Cowpea",Good planting conditions. Soil warm and moisture adequate. Plant within 48 hours.,2023-09
2023-10-01,Planting Window Open,POSITIVE,"Millet, Sorghum, Cowpea",Good planting conditions. Soil warm and moisture adequate. Plant within 48 hours.,2023-10
2023-10-02,Planting Window Open,POSITIVE,"Millet, Sorghum, Cowpea",Good planting conditions. Soil warm and moisture adequate. Plant within 48 hours.,2023-10
2023-10-07,Irrigation Required,INFO,All irrigated crops,High water demand today. Irrigate before 7am or after 6pm to reduce evaporation.,2023-10
2023-10-08,Irrigation Required,INFO,All irrigated crops,High water demand today. Irrigate before 7am or after 6pm to reduce evaporation.,2023-10
2023-10-09,Irrigation Required,INFO,All irrigated crops,High water demand today. Irrigate before 7am or after 6pm to reduce evaporation.,2023-10
2023-10-10,Irrigation Required,INFO,All irrigated crops,High water demand today. Irrigate before 7am or after 6pm to reduce evaporation.,2023-10
2023-10-11,Irrigation Required,INFO,All irrigated crops,High water demand today. Irrigate before 7am or after 6pm to reduce evaporation.,2023-10
2023-10-13,Irrigation Required,INFO,All irrigated crops,High water demand today. Irrigate before 7am or after 6pm to reduce evaporation.,2023-10
2023-10-14,Irrigation Required,INFO,All irrigated crops,High water demand today. Irrigate before 7am or after 6pm to reduce evaporation.,2023-10
2023-10-15,Irrigation Required,INFO,All irrigated crops,High water demand today. Irrigate before 7am or after 6pm to reduce evaporation.,2023-10
2023-10-19,Dry Heat — Pest Risk,MEDIUM,"Cowpea, Sorghum",Dry heat favours aphids and thrips. Inspect crops. Consider neem spray.,2023-10
2023-10-21,Dry Heat — Pest Risk,MEDIUM,"Cowpea, Sorghum",Dry heat favours aphids and thrips. Inspect crops. Consider neem spray.,2023-10
2023-10-21,Irrigation Required,INFO,All irrigated crops,High water demand today. Irrigate before 7am or after 6pm to reduce evaporation.,2023-10
2023-10-22,Dry Heat — Pest Risk,MEDIUM,"Cowpea, Sorghum",Dry heat favours aphids and thrips. Inspect crops. Consider neem spray.,2023-10
2023-10-22,Irrigation Required,INFO,All irrigated crops,High water demand today. Irrigate before 7am or after 6pm to reduce evaporation.,2023-10
2023-10-22,High Crop Stress,HIGH,All crops,"Crop stress is high today. Heat, dryness and wind are combined. Shade or irrigate.",2023-10
2023-10-23,Dry Heat — Pest Risk,MEDIUM,"Cowpea, Sorghum",Dry heat favours aphids and thrips. Inspect crops. Consider neem spray.,2023-10
2023-10-23,Irrigation Required,INFO,All irrigated crops,High water demand today. Irrigate before 7am or after 6pm to reduce evaporation.,2023-10
2023-10-24,Dry Heat — Pest Risk,MEDIUM,"Cowpea, Sorghum",Dry heat favours aphids and thrips. Inspect crops. Consider neem spray.,2023-10
2023-10-24,Irrigation Required,INFO,All irrigated crops,High water demand today. Irrigate before 7am or after 6pm to reduce evaporation.,2023-10
2023-10-25,Dry Heat — Pest Risk,MEDIUM,"Cowpea, Sorghum",Dry heat favours aphids and thrips. Inspect crops. Consider neem spray.,2023-10
2023-10-25,Irrigation Required,INFO,All irrigated crops,High water demand today. Irrigate before 7am or after 6pm to reduce evaporation.,2023-10
2023-10-26,Dry Heat — Pest Risk,MEDIUM,"Cowpea, Sorghum",Dry heat favours aphids and thrips. Inspect crops. Consider neem spray.,2023-10
2023-10-26,Irrigation Required,INFO,All irrigated crops,High water demand today. Irrigate before 7am or after 6pm to reduce evaporation.,2023-10
2023-10-27,Dry Heat — Pest Risk,MEDIUM,"Cowpea, Sorghum",Dry heat favours aphids and thrips. Inspect crops. Consider neem spray.,2023-10
2023-10-27,Irrigation Required,INFO,All irrigated crops,High water demand today. Irrigate before 7am or after 6pm to reduce evaporation.,2023-10
2023-10-28,Heat Stress,HIGH,"Cowpea, Groundnut, Maize",Extreme heat may cause flower drop and yield loss. Irrigate in the evening.,2023-10
2023-10-28,Dry Heat — Pest Risk,MEDIUM,"Cowpea, Sorghum",Dry heat favours aphids and thrips. Inspect crops. Consider neem spray.,2023-10
2023-10-28,Irrigation Required,INFO,All irrigated crops,High water demand today. Irrigate before 7am or after 6pm to reduce evaporation.,2023-10
2023-10-29,Heat Stress,HIGH,"Cowpea, Groundnut, Maize",Extreme heat may cause flower drop and yield loss. Irrigate in the evening.,2023-10
2023-10-29,Dry Heat — Pest Risk,MEDIUM,"Cowpea, Sorghum",Dry heat favours aphids and thrips. Inspect crops. Consider neem spray.,2023-10
2023-10-29,Irrigation Required,INFO,All irrigated crops,High water demand today. Irrigate before 7am or after 6pm to reduce evaporation.,2023-10
2023-10-30,Dry Heat — Pest Risk,MEDIUM,"Cowpea, Sorghum",Dry heat favours aphids and thrips. Inspect crops. Consider neem spray.,2023-10
2023-10-30,Irrigation Required,INFO,All irrigated crops,High water demand today. Irrigate before 7am or after 6pm to reduce evaporation.,2023-10
2023-10-31,Dry Heat — Pest Risk,MEDIUM,"Cowpea, Sorghum",Dry heat favours aphids and thrips. Inspect crops. Consider neem spray.,2023-10
2023-10-31,Irrigation Required,INFO,All irrigated crops,High water demand today. Irrigate before 7am or after 6pm to reduce evaporation.,2023-10
2023-11-01,Dry Heat — Pest Risk,MEDIUM,"Cowpea, Sorghum",Dry heat favours aphids and thrips. Inspect crops. Consider neem spray.,2023-11
2023-11-01,Irrigation Required,INFO,All irrigated crops,High water demand today. Irrigate before 7am or after 6pm to reduce evaporation.,2023-11
2023-11-02,Dry Heat — Pest Risk,MEDIUM,"Cowpea, Sorghum",Dry heat favours aphids and thrips. Inspect crops. Consider neem spray.,2023-11
2023-11-02,Irrigation Required,INFO,All irrigated crops,High water demand today. Irrigate before 7am or after 6pm to reduce evaporation.,2023-11
2023-11-03,Dry Heat — Pest Risk,MEDIUM,"Cowpea, Sorghum",Dry heat favours aphids and thrips. Inspect crops. Consider neem spray.,2023-11
2023-11-05,Irrigation Required,INFO,All irrigated crops,High water demand today. Irrigate before 7am or after 6pm to reduce evaporation.,2023-11
2023-11-06,Dry Heat — Pest Risk,MEDIUM,"Cowpea, Sorghum",Dry heat favours aphids and thrips. Inspect crops. Consider neem spray.,2023-11
2023-11-06,Irrigation Required,INFO,All irrigated crops,High water demand today. Irrigate before 7am or after 6pm to reduce evaporation.,2023-11
2023-11-07,Dry Heat — Pest Risk,MEDIUM,"Cowpea, Sorghum",Dry heat favours aphids and thrips. Inspect crops. Consider neem spray.,2023-11
2023-11-07,Irrigation Required,INFO,All irrigated crops,High water demand today. Irrigate before 7am or after 6pm to reduce evaporation.,2023-11
2023-11-08,Dry Heat — Pest Risk,MEDIUM,"Cowpea, Sorghum",Dry heat favours aphids and thrips. Inspect crops. Consider neem spray.,2023-11
2023-11-08,Irrigation Required,INFO,All irrigated crops,High water demand today. Irrigate before 7am or after 6pm to reduce evaporation.,2023-11
2023-11-09,Dry Heat — Pest Risk,MEDIUM,"Cowpea, Sorghum",Dry heat favours aphids and thrips. Inspect crops. Consider neem spray.,2023-11
2023-11-09,Irrigation Required,INFO,All irrigated crops,High water demand today. Irrigate before 7am or after 6pm to reduce evaporation.,2023-11
2023-11-10,Dry Heat — Pest Risk,MEDIUM,"Cowpea, Sorghum",Dry heat favours aphids and thrips. Inspect crops. Consider neem spray.,2023-11
2023-11-10,Irrigation Required,INFO,All irrigated crops,High water demand today. Irrigate before 7am or after 6pm to reduce evaporation.,2023-11
2023-11-11,Dry Heat — Pest Risk,MEDIUM,"Cowpea, Sorghum",Dry heat favours aphids and thrips. Inspect crops. Consider neem spray.,2023-11
2023-11-11,Irrigation Required,INFO,All irrigated crops,High water demand today. Irrigate before 7am or after 6pm to reduce evaporation.,2023-11
2023-11-12,Dry Heat — Pest Risk,MEDIUM,"Cowpea, Sorghum",Dry heat favours aphids and thrips. Inspect crops. Consider neem spray.,2023-11
2023-11-12,Irrigation Required,INFO,All irrigated crops,High water demand today. Irrigate before 7am or after 6pm to reduce evaporation.,2023-11
2023-11-13,Dry Heat — Pest Risk,MEDIUM,"Cowpea, Sorghum",Dry heat favours aphids and thrips. Inspect crops. Consider neem spray.,2023-11
2023-11-13,Irrigation Required,INFO,All irrigated crops,High water demand today. Irrigate before 7am or after 6pm to reduce evaporation.,2023-11
2023-11-14,Dry Heat — Pest Risk,MEDIUM,"Cowpea, Sorghum",Dry heat favours aphids and thrips. Inspect crops. Consider neem spray.,2023-11
2023-11-15,Irrigation Required,INFO,All irrigated crops,High water demand today. Irrigate before 7am or after 6pm to reduce evaporation.,2023-11
2023-11-16,Dry Heat — Pest Risk,MEDIUM,"Cowpea, Sorghum",Dry heat favours aphids and thrips. Inspect crops. Consider neem spray.,2023-11
2023-11-16,Irrigation Required,INFO,All irrigated crops,High water demand today. Irrigate before 7am or after 6pm to reduce evaporation.,2023-11
2023-11-17,Dry Heat — Pest Risk,MEDIUM,"Cowpea, Sorghum",Dry heat favours aphids and thrips. Inspect crops. Consider neem spray.,2023-11
2023-11-17,Irrigation Required,INFO,All irrigated crops,High water demand today. Irrigate before 7am or after 6pm to reduce evaporation.,2023-11
2023-11-18,Dry Heat — Pest Risk,MEDIUM,"Cowpea, Sorghum",Dry heat favours aphids and thrips. Inspect crops. Consider neem spray.,2023-11
2023-11-18,Irrigation Required,INFO,All irrigated crops,High water demand today. Irrigate before 7am or after 6pm to reduce evaporation.,2023-11
2023-11-19,Dry Heat — Pest Risk,MEDIUM,"Cowpea, Sorghum",Dry heat favours aphids and thrips. Inspect crops. Consider neem spray.,2023-11
2023-11-19,Irrigation Required,INFO,All irrigated crops,High water demand today. Irrigate before 7am or after 6pm to reduce evaporation.,2023-11
2023-11-20,Dry Heat — Pest Risk,MEDIUM,"Cowpea, Sorghum",Dry heat favours aphids and thrips. Inspect crops. Consider neem spray.,2023-11
2023-11-20,Irrigation Required,INFO,All irrigated crops,High water demand today. Irrigate before 7am or after 6pm to reduce evaporation.,2023-11
2023-11-21,Dry Heat — Pest Risk,MEDIUM,"Cowpea, Sorghum",Dry heat favours aphids and thrips. Inspect crops. Consider neem spray.,2023-11
2023-11-22,Dry Heat — Pest Risk,MEDIUM,"Cowpea, Sorghum",Dry heat favours aphids and thrips. Inspect crops. Consider neem spray.,2023-11
2023-11-23,Dry Heat — Pest Risk,MEDIUM,"Cowpea, Sorghum",Dry heat favours aphids and thrips. Inspect crops. Consider neem spray.,2023-11
2023-11-23,Irrigation Required,INFO,All irrigated crops,High water demand today. Irrigate before 7am or after 6pm to reduce evaporation.,2023-11
2023-11-24,Dry Heat — Pest Risk,MEDIUM,"Cowpea, Sorghum",Dry heat favours aphids and thrips. Inspect crops. Consider neem spray.,2023-11
2023-11-24,Irrigation Required,INFO,All irrigated crops,High water demand today. Irrigate before 7am or after 6pm to reduce evaporation.,2023-11
2023-11-25,Heat Stress,HIGH,"Cowpea, Groundnut, Maize",Extreme heat may cause flower drop and yield loss. Irrigate in the evening.,2023-11
2023-11-25,Dry Heat — Pest Risk,MEDIUM,"Cowpea, Sorghum",Dry heat favours aphids and thrips. Inspect crops. Consider neem spray.,2023-11
2023-11-25,Irrigation Required,INFO,All irrigated crops,High water demand today. Irrigate before 7am or after 6pm to reduce evaporation.,2023-11
2023-11-26,Dry Heat — Pest Risk,MEDIUM,"Cowpea, Sorghum",Dry heat favours aphids and thrips. Inspect crops. Consider neem spray.,2023-11
2023-11-26,Irrigation Required,INFO,All irrigated crops,High water demand today. Irrigate before 7am or after 6pm to reduce evaporation.,2023-11
2023-11-27,Dry Heat — Pest Risk,MEDIUM,"Cowpea, Sorghum",Dry heat favours aphids and thrips. Inspect crops. Consider neem spray.,2023-11
2023-11-27,Irrigation Required,INFO,All irrigated crops,High water demand today. Irrigate before 7am or after 6pm to reduce evaporation.,2023-11
2023-11-28,Dry Heat — Pest Risk,MEDIUM,"Cowpea, Sorghum",Dry heat favours aphids and thrips. Inspect crops. Consider neem spray.,2023-11
2023-11-28,Irrigation Required,INFO,All irrigated crops,High water demand today. Irrigate before 7am or after 6pm to reduce evaporation.,2023-11
2023-11-29,Dry Heat — Pest Risk,MEDIUM,"Cowpea, Sorghum",Dry heat favours aphids and thrips. Inspect crops. Consider neem spray.,2023-11
2023-11-29,Irrigation Required,INFO,All irrigated crops,High water demand today. Irrigate before 7am or after 6pm to reduce evaporation.,2023-11
2023-11-30,Dry Heat — Pest Risk,MEDIUM,"Cowpea, Sorghum",Dry heat favours aphids and thrips. Inspect crops. Consider neem spray.,2023-11
2023-11-30,Irrigation Required,INFO,All irrigated crops,High water demand today. Irrigate before 7am or after 6pm to reduce evaporation.,2023-11
2023-11-30,High Crop Stress,HIGH,All crops,"Crop stress is high today. Heat, dryness and wind are combined. Shade or irrigate.",2023-11
2023-12-01,Dry Heat — Pest Risk,MEDIUM,"Cowpea, Sorghum",Dry heat favours aphids and thrips. Inspect crops. Consider neem spray.,2023-12
2023-12-01,Irrigation Required,INFO,All irrigated crops,High water demand today. Irrigate before 7am or after 6pm to reduce evaporation.,2023-12
2023-12-02,Dry Heat — Pest Risk,MEDIUM,"Cowpea, Sorghum",Dry heat favours aphids and thrips. Inspect crops. Consider neem spray.,2023-12
2023-12-02,Irrigation Required,INFO,All irrigated crops,High water demand today. Irrigate before 7am or after 6pm to reduce evaporation.,2023-12
2023-12-03,Dry Heat — Pest Risk,MEDIUM,"Cowpea, Sorghum",Dry heat favours aphids and thrips. Inspect crops. Consider neem spray.,2023-12
2023-12-03,Irrigation Required,INFO,All irrigated crops,High water demand today. Irrigate before 7am or after 6pm to reduce evaporation.,2023-12
2023-12-04,Dry Heat — Pest Risk,MEDIUM,"Cowpea, Sorghum",Dry heat favours aphids and thrips. Inspect crops. Consider neem spray.,2023-12
2023-12-04,Irrigation Required,INFO,All irrigated crops,High water demand today. Irrigate before 7am or after 6pm to reduce evaporation.,2023-12
2023-12-05,Dry Heat — Pest Risk,MEDIUM,"Cowpea, Sorghum",Dry heat favours aphids and thrips. Inspect crops. Consider neem spray.,2023-12
2023-12-05,Irrigation Required,INFO,All irrigated crops,High water demand today. Irrigate before 7am or after 6pm to reduce evaporation.,2023-12
2023-12-06,Dry Heat — Pest Risk,MEDIUM,"Cowpea, Sorghum",Dry heat favours aphids and thrips. Inspect crops. Consider neem spray.,2023-12
2023-12-06,Irrigation Required,INFO,All irrigated crops,High water demand today. Irrigate before 7am or after 6pm to reduce evaporation.,2023-12
2023-12-07,Dry Heat — Pest Risk,MEDIUM,"Cowpea, Sorghum",Dry heat favours aphids and thrips. Inspect crops. Consider neem spray.,2023-12
2023-12-07,Irrigation Required,INFO,All irrigated crops,High water demand today. Irrigate before 7am or after 6pm to reduce evaporation.,2023-12
2023-12-08,Dry Heat — Pest Risk,MEDIUM,"Cowpea, Sorghum",Dry heat favours aphids and thrips. Inspect crops. Consider neem spray.,2023-12
2023-12-08,Irrigation Required,INFO,All irrigated crops,High water demand today. Irrigate before 7am or after 6pm to reduce evaporation.,2023-12
2023-12-08,Rain Likely,INFO,All crops,Signs of approaching rain. Hold off irrigation and spraying today.,2023-12
2023-12-09,Dry Heat — Pest Risk,MEDIUM,"Cowpea, Sorghum",Dry heat favours aphids and thrips. Inspect crops. Consider neem spray.,2023-12
2023-12-09,Irrigation Required,INFO,All irrigated crops,High water demand today. Irrigate before 7am or after 6pm to reduce evaporation.,2023-12
2023-12-10,Irrigation Required,INFO,All irrigated crops,High water demand today. Irrigate before 7am or after 6pm to reduce evaporation.,2023-12
2023-12-15,Irrigation Required,INFO,All irrigated crops,High water demand today. Irrigate before 7am or after 6pm to reduce evaporation.,2023-12
2023-12-16,Dry Heat — Pest Risk,MEDIUM,"Cowpea, Sorghum",Dry heat favours aphids and thrips. Inspect crops. Consider neem spray.,2023-12
2023-12-16,Irrigation Required,INFO,All irrigated crops,High water demand today. Irrigate before 7am or after 6pm to reduce evaporation.,2023-12
2023-12-17,Dry Heat — Pest Risk,MEDIUM,"Cowpea, Sorghum",Dry heat favours aphids and thrips. Inspect crops. Consider neem spray.,2023-12
2023-12-17,Irrigation Required,INFO,All irrigated crops,High water demand today. Irrigate before 7am or after 6pm to reduce evaporation.,2023-12
2023-12-18,Dry Heat — Pest Risk,MEDIUM,"Cowpea, Sorghum",Dry heat favours aphids and thrips. Inspect crops. Consider neem spray.,2023-12
2023-12-18,Irrigation Required,INFO,All irrigated crops,High water demand today. Irrigate before 7am or after 6pm to reduce evaporation.,2023-12
2023-12-19,Dry Heat — Pest Risk,MEDIUM,"Cowpea, Sorghum",Dry heat favours aphids and thrips. Inspect crops. Consider neem spray.,2023-12
2023-12-20,Dry Heat — Pest Risk,MEDIUM,"Cowpea, Sorghum",Dry heat favours aphids and thrips. Inspect crops. Consider neem spray.,2023-12
2023-12-20,Irrigation Required,INFO,All irrigated crops,High water demand today. Irrigate before 7am or after 6pm to reduce evaporation.,2023-12
2023-12-21,Irrigation Required,INFO,All irrigated crops,High water demand today. Irrigate before 7am or after 6pm to reduce evaporation.,2023-12
2023-12-22,Irrigation Required,INFO,All irrigated crops,High water demand today. Irrigate before 7am or after 6pm to reduce evaporation.,2023-12
2023-12-23,Irrigation Required,INFO,All irrigated crops,High water demand today. Irrigate before 7am or after 6pm to reduce evaporation.,2023-12
2023-12-24,Irrigation Required,INFO,All irrigated crops,High water demand today. Irrigate before 7am or after 6pm to reduce evaporation.,2023-12
2023-12-29,Dry Heat — Pest Risk,MEDIUM,"Cowpea, Sorghum",Dry heat favours aphids and thrips. Inspect crops. Consider neem spray.,2023-12
2023-12-30,Dry Heat — Pest Risk,MEDIUM,"Cowpea, Sorghum",Dry heat favours aphids and thrips. Inspect crops. Consider neem spray.,2023-12
2023-12-30,Irrigation Required,INFO,All irrigated crops,High water demand today. Irrigate before 7am or after 6pm to reduce evaporation.,2023-12
2024-01-01,Dry Heat — Pest Risk,MEDIUM,"Cowpea, Sorghum",Dry heat favours aphids and thrips. Inspect crops. Consider neem spray.,2024-01
2024-01-01,Irrigation Required,INFO,All irrigated crops,High water demand today. Irrigate before 7am or after 6pm to reduce evaporation.,2024-01
2024-01-02,Dry Heat — Pest Risk,MEDIUM,"Cowpea, Sorghum",Dry heat favours aphids and thrips. Inspect crops. Consider neem spray.,2024-01
2024-01-03,Dry Heat — Pest Risk,MEDIUM,"Cowpea, Sorghum",Dry heat favours aphids and thrips. Inspect crops. Consider neem spray.,2024-01
2024-01-03,Irrigation Required,INFO,All irrigated crops,High water demand today. Irrigate before 7am or after 6pm to reduce evaporation.,2024-01
2024-01-04,Dry Heat — Pest Risk,MEDIUM,"Cowpea, Sorghum",Dry heat favours aphids and thrips. Inspect crops. Consider neem spray.,2024-01
2024-01-04,Irrigation Required,INFO,All irrigated crops,High water demand today. Irrigate before 7am or after 6pm to reduce evaporation.,2024-01
2024-01-05,Dry Heat — Pest Risk,MEDIUM,"Cowpea, Sorghum",Dry heat favours aphids and thrips. Inspect crops. Consider neem spray.,2024-01
2024-01-05,Irrigation Required,INFO,All irrigated crops,High water demand today. Irrigate before 7am or after 6pm to reduce evaporation.,2024-01
2024-01-06,Dry Heat — Pest Risk,MEDIUM,"Cowpea, Sorghum",Dry heat favours aphids and thrips. Inspect crops. Consider neem spray.,2024-01
2024-01-06,Irrigation Required,INFO,All irrigated crops,High water demand today. Irrigate before 7am or after 6pm to reduce evaporation.,2024-01
2024-01-07,Dry Heat — Pest Risk,MEDIUM,"Cowpea, Sorghum",Dry heat favours aphids and thrips. Inspect crops. Consider neem spray.,2024-01
2024-01-07,Irrigation Required,INFO,All irrigated crops,High water demand today. Irrigate before 7am or after 6pm to reduce evaporation.,2024-01
2024-01-08,Dry Heat — Pest Risk,MEDIUM,"Cowpea, Sorghum",Dry heat favours aphids and thrips. Inspect crops. Consider neem spray.,2024-01
2024-01-08,Irrigation Required,INFO,All irrigated crops,High water demand today. Irrigate before 7am or after 6pm to reduce evaporation.,2024-01
2024-01-09,Dry Heat — Pest Risk,MEDIUM,"Cowpea, Sorghum",Dry heat favours aphids and thrips. Inspect crops. Consider neem spray.,2024-01
2024-01-09,Irrigation Required,INFO,All irrigated crops,High water demand today. Irrigate before 7am or after 6pm to reduce evaporation.,2024-01
2024-01-10,Dry Heat — Pest Risk,MEDIUM,"Cowpea, Sorghum",Dry heat favours aphids and thrips. Inspect crops. Consider neem spray.,2024-01
2024-01-10,Irrigation Required,INFO,All irrigated crops,High water demand today. Irrigate before 7am or after 6pm to reduce evaporation.,2024-01
2024-01-11,Dry Heat — Pest Risk,MEDIUM,"Cowpea, Sorghum",Dry heat favours aphids and thrips. Inspect crops. Consider neem spray.,2024-01
2024-01-11,Irrigation Required,INFO,All irrigated crops,High water demand today. Irrigate before 7am or after 6pm to reduce evaporation.,2024-01
2024-01-12,Dry Heat — Pest Risk,MEDIUM,"Cowpea, Sorghum",Dry heat favours aphids and thrips. Inspect crops. Consider neem spray.,2024-01
2024-01-12,Irrigation Required,INFO,All irrigated crops,High water demand today. Irrigate before 7am or after 6pm to reduce evaporation.,2024-01
2024-01-13,Dry Heat — Pest Risk,MEDIUM,"Cowpea, Sorghum",Dry heat favours aphids and thrips. Inspect crops. Consider neem spray.,2024-01
2024-01-13,Irrigation Required,INFO,All irrigated crops,High water demand today. Irrigate before 7am or after 6pm to reduce evaporation.,2024-01
2024-01-14,Dry Heat — Pest Risk,MEDIUM,"Cowpea, Sorghum",Dry heat favours aphids and thrips. Inspect crops. Consider neem spray.,2024-01
2024-01-14,Irrigation Required,INFO,All irrigated crops,High water demand today. Irrigate before 7am or after 6pm to reduce evaporation.,2024-01
2024-01-15,Dry Heat — Pest Risk,MEDIUM,"Cowpea, Sorghum",Dry heat favours aphids and thrips. Inspect crops. Consider neem spray.,2024-01
2024-01-15,Irrigation Required,INFO,All irrigated crops,High water demand today. Irrigate before 7am or after 6pm to reduce evaporation.,2024-01
2024-01-16,Irrigation Required,INFO,All irrigated crops,High water demand today. Irrigate before 7am or after 6pm to reduce evaporation.,2024-01
2024-01-17,Irrigation Required,INFO,All irrigated crops,High water demand today. Irrigate before 7am or after 6pm to reduce evaporation.,2024-01
2024-01-18,Irrigation Required,INFO,All irrigated crops,High water demand today. Irrigate before 7am or after 6pm to reduce evaporation.,2024-01
2024-01-19,Irrigation Required,INFO,All irrigated crops,High water demand today. Irrigate before 7am or after 6pm to reduce evaporation.,2024-01
2024-01-20,Irrigation Required,INFO,All irrigated crops,High water demand today. Irrigate before 7am or after 6pm to reduce evaporation.,2024-01
2024-01-21,Dry Heat — Pest Risk,MEDIUM,"Cowpea, Sorghum",Dry heat favours aphids and thrips. Inspect crops. Consider neem spray.,2024-01
2024-01-21,Irrigation Required,INFO,All irrigated crops,High water demand today. Irrigate before 7am or after 6pm to reduce evaporation.,2024-01
2024-01-22,Dry Heat — Pest Risk,MEDIUM,"Cowpea, Sorghum",Dry heat favours aphids and thrips. Inspect crops. Consider neem spray.,2024-01
2024-01-22,Irrigation Required,INFO,All irrigated crops,High water demand today. Irrigate before 7am or after 6pm to reduce evaporation.,2024-01
2024-01-23,Dry Heat — Pest Risk,MEDIUM,"Cowpea, Sorghum",Dry heat favours aphids and thrips. Inspect crops. Consider neem spray.,2024-01
2024-01-23,Irrigation Required,INFO,All irrigated crops,High water demand today. Irrigate before 7am or after 6pm to reduce evaporation.,2024-01
2024-01-24,Irrigation Required,INFO,All irrigated crops,High water demand today. Irrigate before 7am or after 6pm to reduce evaporation.,2024-01
2024-01-25,Irrigation Required,INFO,All irrigated crops,High water demand today. Irrigate before 7am or after 6pm to reduce evaporation.,2024-01
2024-01-26,Irrigation Required,INFO,All irrigated crops,High water demand today. Irrigate before 7am or after 6pm to reduce evaporation.,2024-01
2024-01-27,Irrigation Required,INFO,All irrigated crops,High water demand today. Irrigate before 7am or after 6pm to reduce evaporation.,2024-01
2024-01-28,Irrigation Required,INFO,All irrigated crops,High water demand today. Irrigate before 7am or after 6pm to reduce evaporation.,2024-01
2024-01-29,Irrigation Required,INFO,All irrigated crops,High water demand today. Irrigate before 7am or after 6pm to reduce evaporation.,2024-01
2024-01-30,Irrigation Required,INFO,All irrigated crops,High water demand today. Irrigate before 7am or after 6pm to reduce evaporation.,2024-01
2024-01-31,Irrigation Required,INFO,All irrigated crops,High water demand today. Irrigate before 7am or after 6pm to reduce evaporation.,2024-01
2024-02-01,Irrigation Required,INFO,All irrigated crops,High water demand today. Irrigate before 7am or after 6pm to reduce evaporation.,2024-02
2024-02-02,Irrigation Required,INFO,All irrigated crops,High water demand today. Irrigate before 7am or after 6pm to reduce evaporation.,2024-02
2024-02-03,Irrigation Required,INFO,All irrigated crops,High water demand today. Irrigate before 7am or after 6pm to reduce evaporation.,2024-02
2024-02-04,Irrigation Required,INFO,All irrigated crops,High water demand today. Irrigate before 7am or after 6pm to reduce evaporation.,2024-02
2024-02-05,Irrigation Required,INFO,All irrigated crops,High water demand today. Irrigate before 7am or after 6pm to reduce evaporation.,2024-02
2024-02-06,Irrigation Required,INFO,All irrigated crops,High water demand today. Irrigate before 7am or after 6pm to reduce evaporation.,2024-02
2024-02-07,Irrigation Required,INFO,All irrigated crops,High water demand today. Irrigate before 7am or after 6pm to reduce evaporation.,2024-02
2024-02-08,Irrigation Required,INFO,All irrigated crops,High water demand today. Irrigate before 7am or after 6pm to reduce evaporation.,2024-02
2024-02-09,Dry Heat — Pest Risk,MEDIUM,"Cowpea, Sorghum",Dry heat favours aphids and thrips. Inspect crops. Consider neem spray.,2024-02
2024-02-09,Irrigation Required,INFO,All irrigated crops,High water demand today. Irrigate before 7am or after 6pm to reduce evaporation.,2024-02
2024-02-10,Dry Heat — Pest Risk,MEDIUM,"Cowpea, Sorghum",Dry heat favours aphids and thrips. Inspect crops. Consider neem spray.,2024-02
2024-02-10,Irrigation Required,INFO,All irrigated crops,High water demand today. Irrigate before 7am or after 6pm to reduce evaporation.,2024-02
2024-02-11,Dry Heat — Pest Risk,MEDIUM,"Cowpea, Sorghum",Dry heat favours aphids and thrips. Inspect crops. Consider neem spray.,2024-02
2024-02-11,Irrigation Required,INFO,All irrigated crops,High water demand today. Irrigate before 7am or after 6pm to reduce evaporation.,2024-02
2024-02-12,Dry Heat — Pest Risk,MEDIUM,"Cowpea, Sorghum",Dry heat favours aphids and thrips. Inspect crops. Consider neem spray.,2024-02
2024-02-12,Irrigation Required,INFO,All irrigated crops,High water demand today. Irrigate before 7am or after 6pm to reduce evaporation.,2024-02
2024-02-12,High Crop Stress,HIGH,All crops,"Crop stress is high today. Heat, dryness and wind are combined. Shade or irrigate.",2024-02
2024-02-13,Dry Heat — Pest Risk,MEDIUM,"Cowpea, Sorghum",Dry heat favours aphids and thrips. Inspect crops. Consider neem spray.,2024-02
2024-02-13,Fire Risk Alert,HIGH,"All crops, grassland","High bushfire danger. Low humidity, hot and windy conditions. Do not burn.",2024-02
2024-02-13,Irrigation Required,INFO,All irrigated crops,High water demand today. Irrigate before 7am or after 6pm to reduce evaporation.,2024-02
2024-02-13,High Crop Stress,HIGH,All crops,"Crop stress is high today. Heat, dryness and wind are combined. Shade or irrigate.",2024-02
2024-02-14,Dry Heat — Pest Risk,MEDIUM,"Cowpea, Sorghum",Dry heat favours aphids and thrips. Inspect crops. Consider neem spray.,2024-02
2024-02-14,Irrigation Required,INFO,All irrigated crops,High water demand today. Irrigate before 7am or after 6pm to reduce evaporation.,2024-02
2024-02-14,High Crop Stress,HIGH,All crops,"Crop stress is high today. Heat, dryness and wind are combined. Shade or irrigate.",2024-02
2024-02-15,Dry Heat — Pest Risk,MEDIUM,"Cowpea, Sorghum",Dry heat favours aphids and thrips. Inspect crops. Consider neem spray.,2024-02
2024-02-15,Irrigation Required,INFO,All irrigated crops,High water demand today. Irrigate before 7am or after 6pm to reduce evaporation.,2024-02
2024-02-16,Dry Heat — Pest Risk,MEDIUM,"Cowpea, Sorghum",Dry heat favours aphids and thrips. Inspect crops. Consider neem spray.,2024-02
2024-02-16,Irrigation Required,INFO,All irrigated crops,High water demand today. Irrigate before 7am or after 6pm to reduce evaporation.,2024-02
2024-02-17,Dry Heat — Pest Risk,MEDIUM,"Cowpea, Sorghum",Dry heat favours aphids and thrips. Inspect crops. Consider neem spray.,2024-02
2024-02-17,Irrigation Required,INFO,All irrigated crops,High water demand today. Irrigate before 7am or after 6pm to reduce evaporation.,2024-02
2024-02-18,Irrigation Required,INFO,All irrigated crops,High water demand today. Irrigate before 7am or after 6pm to reduce evaporation.,2024-02
2024-02-19,Dry Heat — Pest Risk,MEDIUM,"Cowpea, Sorghum",Dry heat favours aphids and thrips. Inspect crops. Consider neem spray.,2024-02
2024-02-19,Irrigation Required,INFO,All irrigated crops,High water demand today. Irrigate before 7am or after 6pm to reduce evaporation.,2024-02
2024-02-20,Dry Heat — Pest Risk,MEDIUM,"Cowpea, Sorghum",Dry heat favours aphids and thrips. Inspect crops. Consider neem spray.,2024-02
2024-02-20,Irrigation Required,INFO,All irrigated crops,High water demand today. Irrigate before 7am or after 6pm to reduce evaporation.,2024-02
2024-02-20,High Crop Stress,HIGH,All crops,"Crop stress is high today. Heat, dryness and wind are combined. Shade or irrigate.",2024-02
2024-02-21,Dry Heat — Pest Risk,MEDIUM,"Cowpea, Sorghum",Dry heat favours aphids and thrips. Inspect crops. Consider neem spray.,2024-02
2024-02-21,Irrigation Required,INFO,All irrigated crops,High water demand today. Irrigate before 7am or after 6pm to reduce evaporation.,2024-02
2024-02-21,High Crop Stress,HIGH,All crops,"Crop stress is high today. Heat, dryness and wind are combined. Shade or irrigate.",2024-02
2024-02-22,Dry Heat — Pest Risk,MEDIUM,"Cowpea, Sorghum",Dry heat favours aphids and thrips. Inspect crops. Consider neem spray.,2024-02
2024-02-22,Irrigation Required,INFO,All irrigated crops,High water demand today. Irrigate before 7am or after 6pm to reduce evaporation.,2024-02
2024-02-24,Dry Heat — Pest Risk,MEDIUM,"Cowpea, Sorghum",Dry heat favours aphids and thrips. Inspect crops. Consider neem spray.,2024-02
2024-02-24,Irrigation Required,INFO,All irrigated crops,High water demand today. Irrigate before 7am or after 6pm to reduce evaporation.,2024-02
2024-02-25,Dry Heat — Pest Risk,MEDIUM,"Cowpea, Sorghum",Dry heat favours aphids and thrips. Inspect crops. Consider neem spray.,2024-02
2024-02-25,Irrigation Required,INFO,All irrigated crops,High water demand today. Irrigate before 7am or after 6pm to reduce evaporation.,2024-02
2024-02-26,Dry Heat — Pest Risk,MEDIUM,"Cowpea, Sorghum",Dry heat favours aphids and thrips. Inspect crops. Consider neem spray.,2024-02
2024-02-26,Irrigation Required,INFO,All irrigated crops,High water demand today. Irrigate before 7am or after 6pm to reduce evaporation.,2024-02
2024-02-27,Heat Stress,HIGH,"Cowpea, Groundnut, Maize",Extreme heat may cause flower drop and yield loss. Irrigate in the evening.,2024-02
2024-02-27,Dry Heat — Pest Risk,MEDIUM,"Cowpea, Sorghum",Dry heat favours aphids and thrips. Inspect crops. Consider neem spray.,2024-02
2024-02-27,Irrigation Required,INFO,All irrigated crops,High water demand today. Irrigate before 7am or after 6pm to reduce evaporation.,2024-02
2024-02-27,High Crop Stress,HIGH,All crops,"Crop stress is high today. Heat, dryness and wind are combined. Shade or irrigate.",2024-02
2024-02-28,Heat Stress,HIGH,"Cowpea, Groundnut, Maize",Extreme heat may cause flower drop and yield loss. Irrigate in the evening.,2024-02
2024-02-28,Dry Heat — Pest Risk,MEDIUM,"Cowpea, Sorghum",Dry heat favours aphids and thrips. Inspect crops. Consider neem spray.,2024-02
2024-02-28,Irrigation Required,INFO,All irrigated crops,High water demand today. Irrigate before 7am or after 6pm to reduce evaporation.,2024-02
2024-02-28,High Crop Stress,HIGH,All crops,"Crop stress is high today. Heat, dryness and wind are combined. Shade or irrigate.",2024-02
2024-02-29,Heat Stress,HIGH,"Cowpea, Groundnut, Maize",Extreme heat may cause flower drop and yield loss. Irrigate in the evening.,2024-02
2024-02-29,Dry Heat — Pest Risk,MEDIUM,"Cowpea, Sorghum",Dry heat favours aphids and thrips. Inspect crops. Consider neem spray.,2024-02
2024-02-29,Fire Risk Alert,HIGH,"All crops, grassland","High bushfire danger. Low humidity, hot and windy conditions. Do not burn.",2024-02
2024-02-29,Irrigation Required,INFO,All irrigated crops,High water demand today. Irrigate before 7am or after 6pm to reduce evaporation.,2024-02
2024-02-29,High Crop Stress,HIGH,All crops,"Crop stress is high today. Heat, dryness and wind are combined. Shade or irrigate.",2024-02
2024-03-01,Heat Stress,HIGH,"Cowpea, Groundnut, Maize",Extreme heat may cause flower drop and yield loss. Irrigate in the evening.,2024-03
2024-03-01,Dry Heat — Pest Risk,MEDIUM,"Cowpea, Sorghum",Dry heat favours aphids and thrips. Inspect crops. Consider neem spray.,2024-03
2024-03-01,Fire Risk Alert,HIGH,"All crops, grassland","High bushfire danger. Low humidity, hot and windy conditions. Do not burn.",2024-03
2024-03-01,Irrigation Required,INFO,All irrigated crops,High water demand today. Irrigate before 7am or after 6pm to reduce evaporation.,2024-03
2024-03-01,High Crop Stress,HIGH,All crops,"Crop stress is high today. Heat, dryness and wind are combined. Shade or irrigate.",2024-03
2024-03-03,Heat Stress,HIGH,"Cowpea, Groundnut, Maize",Extreme heat may cause flower drop and yield loss. Irrigate in the evening.,2024-03
2024-03-03,Dry Heat — Pest Risk,MEDIUM,"Cowpea, Sorghum",Dry heat favours aphids and thrips. Inspect crops. Consider neem spray.,2024-03
2024-03-03,Fire Risk Alert,HIGH,"All crops, grassland","High bushfire danger. Low humidity, hot and windy conditions. Do not burn.",2024-03
2024-03-03,Irrigation Required,INFO,All irrigated crops,High water demand today. Irrigate before 7am or after 6pm to reduce evaporation.,2024-03
2024-03-03,High Crop Stress,HIGH,All crops,"Crop stress is high today. Heat, dryness and wind are combined. Shade or irrigate.",2024-03
2024-03-04,Heat Stress,HIGH,"Cowpea, Groundnut, Maize",Extreme heat may cause flower drop and yield loss. Irrigate in the evening.,2024-03
2024-03-04,Dry Heat — Pest Risk,MEDIUM,"Cowpea, Sorghum",Dry heat favours aphids and thrips. Inspect crops. Consider neem spray.,2024-03
2024-03-04,Fire Risk Alert,HIGH,"All crops, grassland","High bushfire danger. Low humidity, hot and windy conditions. Do not burn.",2024-03
2024-03-04,Irrigation Required,INFO,All irrigated crops,High water demand today. Irrigate before 7am or after 6pm to reduce evaporation.,2024-03
2024-03-04,High Crop Stress,HIGH,All crops,"Crop stress is high today. Heat, dryness and wind are combined. Shade or irrigate.",2024-03
2024-03-05,Heat Stress,HIGH,"Cowpea, Groundnut, Maize",Extreme heat may cause flower drop and yield loss. Irrigate in the evening.,2024-03
2024-03-05,Dry Heat — Pest Risk,MEDIUM,"Cowpea, Sorghum",Dry heat favours aphids and thrips. Inspect crops. Consider neem spray.,2024-03
2024-03-05,Fire Risk Alert,HIGH,"All crops, grassland","High bushfire danger. Low humidity, hot and windy conditions. Do not burn.",2024-03
2024-03-05,Irrigation Required,INFO,All irrigated crops,High water demand today. Irrigate before 7am or after 6pm to reduce evaporation.,2024-03
2024-03-05,High Crop Stress,HIGH,All crops,"Crop stress is high today. Heat, dryness and wind are combined. Shade or irrigate.",2024-03
2024-03-06,Heat Stress,HIGH,"Cowpea, Groundnut, Maize",Extreme heat may cause flower drop and yield loss. Irrigate in the evening.,2024-03
2024-03-06,Extreme Heat,CRITICAL,All crops,DANGER: Temperatures above 42°C. Emergency irrigation needed. Mulch immediately.,2024-03
2024-03-06,Dry Heat — Pest Risk,MEDIUM,"Cowpea, Sorghum",Dry heat favours aphids and thrips. Inspect crops. Consider neem spray.,2024-03
2024-03-06,Fire Risk Alert,HIGH,"All crops, grassland","High bushfire danger. Low humidity, hot and windy conditions. Do not burn.",2024-03
2024-03-06,Irrigation Required,INFO,All irrigated crops,High water demand today. Irrigate before 7am or after 6pm to reduce evaporation.,2024-03
2024-03-06,High Crop Stress,HIGH,All crops,"Crop stress is high today. Heat, dryness and wind are combined. Shade or irrigate.",2024-03
2024-03-07,Heat Stress,HIGH,"Cowpea, Groundnut, Maize",Extreme heat may cause flower drop and yield loss. Irrigate in the evening.,2024-03
2024-03-07,Dry Heat — Pest Risk,MEDIUM,"Cowpea, Sorghum",Dry heat favours aphids and thrips. Inspect crops. Consider neem spray.,2024-03
2024-03-07,Fire Risk Alert,HIGH,"All crops, grassland","High bushfire danger. Low humidity, hot and windy conditions. Do not burn.",2024-03
2024-03-07,Irrigation Required,INFO,All irrigated crops,High water demand today. Irrigate before 7am or after 6pm to reduce evaporation.,2024-03
2024-03-07,High Crop Stress,HIGH,All crops,"Crop stress is high today. Heat, dryness and wind are combined. Shade or irrigate.",2024-03
2024-03-08,Heat Stress,HIGH,"Cowpea, Groundnut, Maize",Extreme heat may cause flower drop and yield loss. Irrigate in the evening.,2024-03
2024-03-08,Dry Heat — Pest Risk,MEDIUM,"Cowpea, Sorghum",Dry heat favours aphids and thrips. Inspect crops. Consider neem spray.,2024-03
2024-03-08,Irrigation Required,INFO,All irrigated crops,High water demand today. Irrigate before 7am or after 6pm to reduce evaporation.,2024-03
2024-03-08,High Crop Stress,HIGH,All crops,"Crop stress is high today. Heat, dryness and wind are combined. Shade or irrigate.",2024-03
2024-03-09,Heat Stress,HIGH,"Cowpea, Groundnut, Maize",Extreme heat may cause flower drop and yield loss. Irrigate in the evening.,2024-03
2024-03-09,Irrigation Required,INFO,All irrigated crops,High water demand today. Irrigate before 7am or after 6pm to reduce evaporation.,2024-03
2024-03-10,Heat Stress,HIGH,"Cowpea, Groundnut, Maize",Extreme heat may cause flower drop and yield loss. Irrigate in the evening.,2024-03
2024-03-10,Dry Heat — Pest Risk,MEDIUM,"Cowpea, Sorghum",Dry heat favours aphids and thrips. Inspect crops. Consider neem spray.,2024-03
2024-03-10,Irrigation Required,INFO,All irrigated crops,High water demand today. Irrigate before 7am or after 6pm to reduce evaporation.,2024-03
2024-03-11,Heat Stress,HIGH,"Cowpea, Groundnut, Maize",Extreme heat may cause flower drop and yield loss. Irrigate in the evening.,2024-03
2024-03-11,Extreme Heat,CRITICAL,All crops,DANGER: Temperatures above 42°C. Emergency irrigation needed. Mulch immediately.,2024-03
2024-03-11,Dry Heat — Pest Risk,MEDIUM,"Cowpea, Sorghum",Dry heat favours aphids and thrips. Inspect crops. Consider neem spray.,2024-03
2024-03-11,Fire Risk Alert,HIGH,"All crops, grassland","High bushfire danger. Low humidity, hot and windy conditions. Do not burn.",2024-03
2024-03-11,Irrigation Required,INFO,All irrigated crops,High water demand today. Irrigate before 7am or after 6pm to reduce evaporation.,2024-03
2024-03-11,High Crop Stress,HIGH,All crops,"Crop stress is high today. Heat, dryness and wind are combined. Shade or irrigate.",2024-03
2024-03-12,Heat Stress,HIGH,"Cowpea, Groundnut, Maize",Extreme heat may cause flower drop and yield loss. Irrigate in the evening.,2024-03
2024-03-12,Extreme Heat,CRITICAL,All crops,DANGER: Temperatures above 42°C. Emergency irrigation needed. Mulch immediately.,2024-03
2024-03-12,Dry Heat — Pest Risk,MEDIUM,"Cowpea, Sorghum",Dry heat favours aphids and thrips. Inspect crops. Consider neem spray.,2024-03
2024-03-12,Fire Risk Alert,HIGH,"All crops, grassland","High bushfire danger. Low humidity, hot and windy conditions. Do not burn.",2024-03
2024-03-12,Irrigation Required,INFO,All irrigated crops,High water demand today. Irrigate before 7am or after 6pm to reduce evaporation.,2024-03
2024-03-12,High Crop Stress,HIGH,All crops,"Crop stress is high today. Heat, dryness and wind are combined. Shade or irrigate.",2024-03
2024-03-13,Heat Stress,HIGH,"Cowpea, Groundnut, Maize",Extreme heat may cause flower drop and yield loss. Irrigate in the evening.,2024-03
2024-03-13,Extreme Heat,CRITICAL,All crops,DANGER: Temperatures above 42°C. Emergency irrigation needed. Mulch immediately.,2024-03
2024-03-13,Dry Heat — Pest Risk,MEDIUM,"Cowpea, Sorghum",Dry heat favours aphids and thrips. Inspect crops. Consider neem spray.,2024-03
2024-03-13,Fire Risk Alert,HIGH,"All crops, grassland","High bushfire danger. Low humidity, hot and windy conditions. Do not burn.",2024-03
2024-03-13,Irrigation Required,INFO,All irrigated crops,High water demand today. Irrigate before 7am or after 6pm to reduce evaporation.,2024-03
2024-03-13,High Crop Stress,HIGH,All crops,"Crop stress is high today. Heat, dryness and wind are combined. Shade or irrigate.",2024-03
2024-03-14,Heat Stress,HIGH,"Cowpea, Groundnut, Maize",Extreme heat may cause flower drop and yield loss. Irrigate in the evening.,2024-03
2024-03-14,Extreme Heat,CRITICAL,All crops,DANGER: Temperatures above 42°C. Emergency irrigation needed. Mulch immediately.,2024-03
2024-03-14,Dry Heat — Pest Risk,MEDIUM,"Cowpea, Sorghum",Dry heat favours aphids and thrips. Inspect crops. Consider neem spray.,2024-03
2024-03-14,Fire Risk Alert,HIGH,"All crops, grassland","High bushfire danger. Low humidity, hot and windy conditions. Do not burn.",2024-03
2024-03-14,Irrigation Required,INFO,All irrigated crops,High water demand today. Irrigate before 7am or after 6pm to reduce evaporation.,2024-03
2024-03-14,High Crop Stress,HIGH,All crops,"Crop stress is high today. Heat, dryness and wind are combined. Shade or irrigate.",2024-03
2024-03-15,Heat Stress,HIGH,"Cowpea, Groundnut, Maize",Extreme heat may cause flower drop and yield loss. Irrigate in the evening.,2024-03
2024-03-15,Extreme Heat,CRITICAL,All crops,DANGER: Temperatures above 42°C. Emergency irrigation needed. Mulch immediately.,2024-03
2024-03-15,Dry Heat — Pest Risk,MEDIUM,"Cowpea, Sorghum",Dry heat favours aphids and thrips. Inspect crops. Consider neem spray.,2024-03
2024-03-15,Irrigation Required,INFO,All irrigated crops,High water demand today. Irrigate before 7am or after 6pm to reduce evaporation.,2024-03
2024-03-15,High Crop Stress,HIGH,All crops,"Crop stress is high today. Heat, dryness and wind are combined. Shade or irrigate.",2024-03
2024-03-16,Heat Stress,HIGH,"Cowpea, Groundnut, Maize",Extreme heat may cause flower drop and yield loss. Irrigate in the evening.,2024-03
2024-03-16,Dry Heat — Pest Risk,MEDIUM,"Cowpea, Sorghum",Dry heat favours aphids and thrips. Inspect crops. Consider neem spray.,2024-03
2024-03-16,Fire Risk Alert,HIGH,"All crops, grassland","High bushfire danger. Low humidity, hot and windy conditions. Do not burn.",2024-03
2024-03-16,Irrigation Required,INFO,All irrigated crops,High water demand today. Irrigate before 7am or after 6pm to reduce evaporation.,2024-03
2024-03-16,High Crop Stress,HIGH,All crops,"Crop stress is high today. Heat, dryness and wind are combined. Shade or irrigate.",2024-03
2024-03-17,Dry Heat — Pest Risk,MEDIUM,"Cowpea, Sorghum",Dry heat favours aphids and thrips. Inspect crops. Consider neem spray.,2024-03
2024-03-17,Fire Risk Alert,HIGH,"All crops, grassland","High bushfire danger. Low humidity, hot and windy conditions. Do not burn.",2024-03
2024-03-17,Irrigation Required,INFO,All irrigated crops,High water demand today. Irrigate before 7am or after 6pm to reduce evaporation.,2024-03
2024-03-17,High Crop Stress,HIGH,All crops,"Crop stress is high today. Heat, dryness and wind are combined. Shade or irrigate.",2024-03
2024-03-18,Dry Heat — Pest Risk,MEDIUM,"Cowpea, Sorghum",Dry heat favours aphids and thrips. Inspect crops. Consider neem spray.,2024-03
2024-03-18,Fire Risk Alert,HIGH,"All crops, grassland","High bushfire danger. Low humidity, hot and windy conditions. Do not burn.",2024-03
2024-03-18,Irrigation Required,INFO,All irrigated crops,High water demand today. Irrigate before 7am or after 6pm to reduce evaporation.,2024-03
2024-03-18,High Crop Stress,HIGH,All crops,"Crop stress is high today. Heat, dryness and wind are combined. Shade or irrigate.",2024-03
2024-03-19,Dry Heat — Pest Risk,MEDIUM,"Cowpea, Sorghum",Dry heat favours aphids and thrips. Inspect crops. Consider neem spray.,2024-03
2024-03-19,Fire Risk Alert,HIGH,"All crops, grassland","High bushfire danger. Low humidity, hot and windy conditions. Do not burn.",2024-03
2024-03-19,Irrigation Required,INFO,All irrigated crops,High water demand today. Irrigate before 7am or after 6pm to reduce evaporation.,2024-03
2024-03-19,High Crop Stress,HIGH,All crops,"Crop stress is high today. Heat, dryness and wind are combined. Shade or irrigate.",2024-03
2024-03-20,Dry Heat — Pest Risk,MEDIUM,"Cowpea, Sorghum",Dry heat favours aphids and thrips. Inspect crops. Consider neem spray.,2024-03
2024-03-20,Fire Risk Alert,HIGH,"All crops, grassland","High bushfire danger. Low humidity, hot and windy conditions. Do not burn.",2024-03
2024-03-20,Irrigation Required,INFO,All irrigated crops,High water demand today. Irrigate before 7am or after 6pm to reduce evaporation.,2024-03
2024-03-20,High Crop Stress,HIGH,All crops,"Crop stress is high today. Heat, dryness and wind are combined. Shade or irrigate.",2024-03
2024-03-21,Dry Heat — Pest Risk,MEDIUM,"Cowpea, Sorghum",Dry heat favours aphids and thrips. Inspect crops. Consider neem spray.,2024-03
2024-03-21,Fire Risk Alert,HIGH,"All crops, grassland","High bushfire danger. Low humidity, hot and windy conditions. Do not burn.",2024-03
2024-03-21,Irrigation Required,INFO,All irrigated crops,High water demand today. Irrigate before 7am or after 6pm to reduce evaporation.,2024-03
2024-03-21,High Crop Stress,HIGH,All crops,"Crop stress is high today. Heat, dryness and wind are combined. Shade or irrigate.",2024-03
2024-03-22,Dry Heat — Pest Risk,MEDIUM,"Cowpea, Sorghum",Dry heat favours aphids and thrips. Inspect crops. Consider neem spray.,2024-03
2024-03-22,Fire Risk Alert,HIGH,"All crops, grassland","High bushfire danger. Low humidity, hot and windy conditions. Do not burn.",2024-03
2024-03-22,Irrigation Required,INFO,All irrigated crops,High water demand today. Irrigate before 7am or after 6pm to reduce evaporation.,2024-03
2024-03-22,High Crop Stress,HIGH,All crops,"Crop stress is high today. Heat, dryness and wind are combined. Shade or irrigate.",2024-03
2024-03-23,Heat Stress,HIGH,"Cowpea, Groundnut, Maize",Extreme heat may cause flower drop and yield loss. Irrigate in the evening.,2024-03
2024-03-23,Dry Heat — Pest Risk,MEDIUM,"Cowpea, Sorghum",Dry heat favours aphids and thrips. Inspect crops. Consider neem spray.,2024-03
2024-03-23,Fire Risk Alert,HIGH,"All crops, grassland","High bushfire danger. Low humidity, hot and windy conditions. Do not burn.",2024-03
2024-03-23,Irrigation Required,INFO,All irrigated crops,High water demand today. Irrigate before 7am or after 6pm to reduce evaporation.,2024-03
2024-03-23,High Crop Stress,HIGH,All crops,"Crop stress is high today. Heat, dryness and wind are combined. Shade or irrigate.",2024-03
2024-03-24,Heat Stress,HIGH,"Cowpea, Groundnut, Maize",Extreme heat may cause flower drop and yield loss. Irrigate in the evening.,2024-03
2024-03-24,Dry Heat — Pest Risk,MEDIUM,"Cowpea, Sorghum",Dry heat favours aphids and thrips. Inspect crops. Consider neem spray.,2024-03
2024-03-24,Fire Risk Alert,HIGH,"All crops, grassland","High bushfire danger. Low humidity, hot and windy conditions. Do not burn.",2024-03
2024-03-24,Irrigation Required,INFO,All irrigated crops,High water demand today. Irrigate before 7am or after 6pm to reduce evaporation.,2024-03
2024-03-24,High Crop Stress,HIGH,All crops,"Crop stress is high today. Heat, dryness and wind are combined. Shade or irrigate.",2024-03
2024-03-25,Heat Stress,HIGH,"Cowpea, Groundnut, Maize",Extreme heat may cause flower drop and yield loss. Irrigate in the evening.,2024-03
2024-03-25,Dry Heat — Pest Risk,MEDIUM,"Cowpea, Sorghum",Dry heat favours aphids and thrips. Inspect crops. Consider neem spray.,2024-03
2024-03-25,Fire Risk Alert,HIGH,"All crops, grassland","High bushfire danger. Low humidity, hot and windy conditions. Do not burn.",2024-03
2024-03-25,Irrigation Required,INFO,All irrigated crops,High water demand today. Irrigate before 7am or after 6pm to reduce evaporation.,2024-03
2024-03-25,High Crop Stress,HIGH,All crops,"Crop stress is high today. Heat, dryness and wind are combined. Shade or irrigate.",2024-03
2024-03-26,Heat Stress,HIGH,"Cowpea, Groundnut, Maize",Extreme heat may cause flower drop and yield loss. Irrigate in the evening.,2024-03
2024-03-26,Dry Heat — Pest Risk,MEDIUM,"Cowpea, Sorghum",Dry heat favours aphids and thrips. Inspect crops. Consider neem spray.,2024-03
2024-03-26,Irrigation Required,INFO,All irrigated crops,High water demand today. Irrigate before 7am or after 6pm to reduce evaporation.,2024-03
2024-03-26,High Crop Stress,HIGH,All crops,"Crop stress is high today. Heat, dryness and wind are combined. Shade or irrigate.",2024-03
2024-03-27,Heat Stress,HIGH,"Cowpea, Groundnut, Maize",Extreme heat may cause flower drop and yield loss. Irrigate in the evening.,2024-03
2024-03-27,Dry Heat — Pest Risk,MEDIUM,"Cowpea, Sorghum",Dry heat favours aphids and thrips. Inspect crops. Consider neem spray.,2024-03
2024-03-27,Fire Risk Alert,HIGH,"All crops, grassland","High bushfire danger. Low humidity, hot and windy conditions. Do not burn.",2024-03
2024-03-27,Irrigation Required,INFO,All irrigated crops,High water demand today. Irrigate before 7am or after 6pm to reduce evaporation.,2024-03
2024-03-27,High Crop Stress,HIGH,All crops,"Crop stress is high today. Heat, dryness and wind are combined. Shade or irrigate.",2024-03
2024-03-28,Heat Stress,HIGH,"Cowpea, Groundnut, Maize",Extreme heat may cause flower drop and yield loss. Irrigate in the evening.,2024-03
2024-03-28,Dry Heat — Pest Risk,MEDIUM,"Cowpea, Sorghum",Dry heat favours aphids and thrips. Inspect crops. Consider neem spray.,2024-03
2024-03-28,Fire Risk Alert,HIGH,"All crops, grassland","High bushfire danger. Low humidity, hot and windy conditions. Do not burn.",2024-03
2024-03-28,Irrigation Required,INFO,All irrigated crops,High water demand today. Irrigate before 7am or after 6pm to reduce evaporation.,2024-03
2024-03-28,High Crop Stress,HIGH,All crops,"Crop stress is high today. Heat, dryness and wind are combined. Shade or irrigate.",2024-03
2024-03-29,Heat Stress,HIGH,"Cowpea, Groundnut, Maize",Extreme heat may cause flower drop and yield loss. Irrigate in the evening.,2024-03
2024-03-29,Extreme Heat,CRITICAL,All crops,DANGER: Temperatures above 42°C. Emergency irrigation needed. Mulch immediately.,2024-03
2024-03-29,Dry Heat — Pest Risk,MEDIUM,"Cowpea, Sorghum",Dry heat favours aphids and thrips. Inspect crops. Consider neem spray.,2024-03
2024-03-29,Fire Risk Alert,HIGH,"All crops, grassland","High bushfire danger. Low humidity, hot and windy conditions. Do not burn.",2024-03
2024-03-29,Irrigation Required,INFO,All irrigated crops,High water demand today. Irrigate before 7am or after 6pm to reduce evaporation.,2024-03
2024-03-29,High Crop Stress,HIGH,All crops,"Crop stress is high today. Heat, dryness and wind are combined. Shade or irrigate.",2024-03
2024-03-30,Heat Stress,HIGH,"Cowpea, Groundnut, Maize",Extreme heat may cause flower drop and yield loss. Irrigate in the evening.,2024-03
2024-03-30,Extreme Heat,CRITICAL,All crops,DANGER: Temperatures above 42°C. Emergency irrigation needed. Mulch immediately.,2024-03
2024-03-30,Dry Heat — Pest Risk,MEDIUM,"Cowpea, Sorghum",Dry heat favours aphids and thrips. Inspect crops. Consider neem spray.,2024-03
2024-03-30,Fire Risk Alert,HIGH,"All crops, grassland","High bushfire danger. Low humidity, hot and windy conditions. Do not burn.",2024-03
2024-03-30,Irrigation Required,INFO,All irrigated crops,High water demand today. Irrigate before 7am or after 6pm to reduce evaporation.,2024-03
2024-03-30,High Crop Stress,HIGH,All crops,"Crop stress is high today. Heat, dryness and wind are combined. Shade or irrigate.",2024-03
2024-03-31,Heat Stress,HIGH,"Cowpea, Groundnut, Maize",Extreme heat may cause flower drop and yield loss. Irrigate in the evening.,2024-03
2024-03-31,Extreme Heat,CRITICAL,All crops,DANGER: Temperatures above 42°C. Emergency irrigation needed. Mulch immediately.,2024-03
2024-03-31,Dry Heat — Pest Risk,MEDIUM,"Cowpea, Sorghum",Dry heat favours aphids and thrips. Inspect crops. Consider neem spray.,2024-03
2024-03-31,Fire Risk Alert,HIGH,"All crops, grassland","High bushfire danger. Low humidity, hot and windy conditions. Do not burn.",2024-03
2024-03-31,Irrigation Required,INFO,All irrigated crops,High water demand today. Irrigate before 7am or after 6pm to reduce evaporation.,2024-03
2024-03-31,High Crop Stress,HIGH,All crops,"Crop stress is high today. Heat, dryness and wind are combined. Shade or irrigate.",2024-03
2024-04-01,Heat Stress,HIGH,"Cowpea, Groundnut, Maize",Extreme heat may cause flower drop and yield loss. Irrigate in the evening.,2024-04
2024-04-01,Extreme Heat,CRITICAL,All crops,DANGER: Temperatures above 42°C. Emergency irrigation needed. Mulch immediately.,2024-04
2024-04-01,Dry Heat — Pest Risk,MEDIUM,"Cowpea, Sorghum",Dry heat favours aphids and thrips. Inspect crops. Consider neem spray.,2024-04
2024-04-01,Fire Risk Alert,HIGH,"All crops, grassland","High bushfire danger. Low humidity, hot and windy conditions. Do not burn.",2024-04
2024-04-01,Irrigation Required,INFO,All irrigated crops,High water demand today. Irrigate before 7am or after 6pm to reduce evaporation.,2024-04
2024-04-01,High Crop Stress,HIGH,All crops,"Crop stress is high today. Heat, dryness and wind are combined. Shade or irrigate.",2024-04
2024-04-02,Heat Stress,HIGH,"Cowpea, Groundnut, Maize",Extreme heat may cause flower drop and yield loss. Irrigate in the evening.,2024-04
2024-04-02,Extreme Heat,CRITICAL,All crops,DANGER: Temperatures above 42°C. Emergency irrigation needed. Mulch immediately.,2024-04
2024-04-02,Dry Heat — Pest Risk,MEDIUM,"Cowpea, Sorghum",Dry heat favours aphids and thrips. Inspect crops. Consider neem spray.,2024-04
2024-04-02,Fire Risk Alert,HIGH,"All crops, grassland","High bushfire danger. Low humidity, hot and windy conditions. Do not burn.",2024-04
2024-04-02,Irrigation Required,INFO,All irrigated crops,High water demand today. Irrigate before 7am or after 6pm to reduce evaporation.,2024-04
2024-04-02,High Crop Stress,HIGH,All crops,"Crop stress is high today. Heat, dryness and wind are combined. Shade or irrigate.",2024-04
2024-04-03,Heat Stress,HIGH,"Cowpea, Groundnut, Maize",Extreme heat may cause flower drop and yield loss. Irrigate in the evening.,2024-04
2024-04-03,Extreme Heat,CRITICAL,All crops,DANGER: Temperatures above 42°C. Emergency irrigation needed. Mulch immediately.,2024-04
2024-04-03,Dry Heat — Pest Risk,MEDIUM,"Cowpea, Sorghum",Dry heat favours aphids and thrips. Inspect crops. Consider neem spray.,2024-04
2024-04-03,Fire Risk Alert,HIGH,"All crops, grassland","High bushfire danger. Low humidity, hot and windy conditions. Do not burn.",2024-04
2024-04-03,Irrigation Required,INFO,All irrigated crops,High water demand today. Irrigate before 7am or after 6pm to reduce evaporation.,2024-04
2024-04-03,High Crop Stress,HIGH,All crops,"Crop stress is high today. Heat, dryness and wind are combined. Shade or irrigate.",2024-04
2024-04-04,Heat Stress,HIGH,"Cowpea, Groundnut, Maize",Extreme heat may cause flower drop and yield loss. Irrigate in the evening.,2024-04
2024-04-04,Dry Heat — Pest Risk,MEDIUM,"Cowpea, Sorghum",Dry heat favours aphids and thrips. Inspect crops. Consider neem spray.,2024-04
2024-04-04,Irrigation Required,INFO,All irrigated crops,High water demand today. Irrigate before 7am or after 6pm to reduce evaporation.,2024-04
2024-04-04,High Crop Stress,HIGH,All crops,"Crop stress is high today. Heat, dryness and wind are combined. Shade or irrigate.",2024-04
2024-04-05,Heat Stress,HIGH,"Cowpea, Groundnut, Maize",Extreme heat may cause flower drop and yield loss. Irrigate in the evening.,2024-04
2024-04-05,Dry Heat — Pest Risk,MEDIUM,"Cowpea, Sorghum",Dry heat favours aphids and thrips. Inspect crops. Consider neem spray.,2024-04
2024-04-05,Irrigation Required,INFO,All irrigated crops,High water demand today. Irrigate before 7am or after 6pm to reduce evaporation.,2024-04
2024-04-05,High Crop Stress,HIGH,All crops,"Crop stress is high today. Heat, dryness and wind are combined. Shade or irrigate.",2024-04
2024-04-06,Heat Stress,HIGH,"Cowpea, Groundnut, Maize",Extreme heat may cause flower drop and yield loss. Irrigate in the evening.,2024-04
2024-04-06,Dry Heat — Pest Risk,MEDIUM,"Cowpea, Sorghum",Dry heat favours aphids and thrips. Inspect crops. Consider neem spray.,2024-04
2024-04-06,Irrigation Required,INFO,All irrigated crops,High water demand today. Irrigate before 7am or after 6pm to reduce evaporation.,2024-04
2024-04-06,High Crop Stress,HIGH,All crops,"Crop stress is high today. Heat, dryness and wind are combined. Shade or irrigate.",2024-04
2024-04-07,Heat Stress,HIGH,"Cowpea, Groundnut, Maize",Extreme heat may cause flower drop and yield loss. Irrigate in the evening.,2024-04
2024-04-07,Dry Heat — Pest Risk,MEDIUM,"Cowpea, Sorghum",Dry heat favours aphids and thrips. Inspect crops. Consider neem spray.,2024-04
2024-04-07,Irrigation Required,INFO,All irrigated crops,High water demand today. Irrigate before 7am or after 6pm to reduce evaporation.,2024-04
2024-04-07,High Crop Stress,HIGH,All crops,"Crop stress is high today. Heat, dryness and wind are combined. Shade or irrigate.",2024-04
2024-04-08,Heat Stress,HIGH,"Cowpea, Groundnut, Maize",Extreme heat may cause flower drop and yield loss. Irrigate in the evening.,2024-04
2024-04-08,Dry Heat — Pest Risk,MEDIUM,"Cowpea, Sorghum",Dry heat favours aphids and thrips. Inspect crops. Consider neem spray.,2024-04
2024-04-08,Irrigation Required,INFO,All irrigated crops,High water demand today. Irrigate before 7am or after 6pm to reduce evaporation.,2024-04
2024-04-08,High Crop Stress,HIGH,All crops,"Crop stress is high today. Heat, dryness and wind are combined. Shade or irrigate.",2024-04
2024-04-09,Heat Stress,HIGH,"Cowpea, Groundnut, Maize",Extreme heat may cause flower drop and yield loss. Irrigate in the evening.,2024-04
2024-04-09,Dry Heat — Pest Risk,MEDIUM,"Cowpea, Sorghum",Dry heat favours aphids and thrips. Inspect crops. Consider neem spray.,2024-04
2024-04-09,Irrigation Required,INFO,All irrigated crops,High water demand today. Irrigate before 7am or after 6pm to reduce evaporation.,2024-04
2024-04-10,Heat Stress,HIGH,"Cowpea, Groundnut, Maize",Extreme heat may cause flower drop and yield loss. Irrigate in the evening.,2024-04
2024-04-10,Dry Heat — Pest Risk,MEDIUM,"Cowpea, Sorghum",Dry heat favours aphids and thrips. Inspect crops. Consider neem spray.,2024-04
2024-04-10,Fire Risk Alert,HIGH,"All crops, grassland","High bushfire danger. Low humidity, hot and windy conditions. Do not burn.",2024-04
2024-04-10,Irrigation Required,INFO,All irrigated crops,High water demand today. Irrigate before 7am or after 6pm to reduce evaporation.,2024-04
2024-04-10,High Crop Stress,HIGH,All crops,"Crop stress is high today. Heat, dryness and wind are combined. Shade or irrigate.",2024-04
2024-04-11,Heat Stress,HIGH,"Cowpea, Groundnut, Maize",Extreme heat may cause flower drop and yield loss. Irrigate in the evening.,2024-04
2024-04-11,Dry Heat — Pest Risk,MEDIUM,"Cowpea, Sorghum",Dry heat favours aphids and thrips. Inspect crops. Consider neem spray.,2024-04
2024-04-11,Fire Risk Alert,HIGH,"All crops, grassland","High bushfire danger. Low humidity, hot and windy conditions. Do not burn.",2024-04
2024-04-11,Irrigation Required,INFO,All irrigated crops,High water demand today. Irrigate before 7am or after 6pm to reduce evaporation.,2024-04
2024-04-11,High Crop Stress,HIGH,All crops,"Crop stress is high today. Heat, dryness and wind are combined. Shade or irrigate.",2024-04
2024-04-12,Heat Stress,HIGH,"Cowpea, Groundnut, Maize",Extreme heat may cause flower drop and yield loss. Irrigate in the evening.,2024-04
2024-04-12,Extreme Heat,CRITICAL,All crops,DANGER: Temperatures above 42°C. Emergency irrigation needed. Mulch immediately.,2024-04
2024-04-12,Dry Heat — Pest Risk,MEDIUM,"Cowpea, Sorghum",Dry heat favours aphids and thrips. Inspect crops. Consider neem spray.,2024-04
2024-04-12,Fire Risk Alert,HIGH,"All crops, grassland","High bushfire danger. Low humidity, hot and windy conditions. Do not burn.",2024-04
2024-04-12,Irrigation Required,INFO,All irrigated crops,High water demand today. Irrigate before 7am or after 6pm to reduce evaporation.,2024-04
2024-04-12,High Crop Stress,HIGH,All crops,"Crop stress is high today. Heat, dryness and wind are combined. Shade or irrigate.",2024-04
2024-04-13,Heat Stress,HIGH,"Cowpea, Groundnut, Maize",Extreme heat may cause flower drop and yield loss. Irrigate in the evening.,2024-04
2024-04-13,Extreme Heat,CRITICAL,All crops,DANGER: Temperatures above 42°C. Emergency irrigation needed. Mulch immediately.,2024-04
2024-04-13,Dry Heat — Pest Risk,MEDIUM,"Cowpea, Sorghum",Dry heat favours aphids and thrips. Inspect crops. Consider neem spray.,2024-04
2024-04-13,Irrigation Required,INFO,All irrigated crops,High water demand today. Irrigate before 7am or after 6pm to reduce evaporation.,2024-04
2024-04-13,High Crop Stress,HIGH,All crops,"Crop stress is high today. Heat, dryness and wind are combined. Shade or irrigate.",2024-04
2024-04-14,Heat Stress,HIGH,"Cowpea, Groundnut, Maize",Extreme heat may cause flower drop and yield loss. Irrigate in the evening.,2024-04
2024-04-14,Dry Heat — Pest Risk,MEDIUM,"Cowpea, Sorghum",Dry heat favours aphids and thrips. Inspect crops. Consider neem spray.,2024-04
2024-04-14,Irrigation Required,INFO,All irrigated crops,High water demand today. Irrigate before 7am or after 6pm to reduce evaporation.,2024-04
2024-04-14,High Crop Stress,HIGH,All crops,"Crop stress is high today. Heat, dryness and wind are combined. Shade or irrigate.",2024-04
2024-04-15,Heat Stress,HIGH,"Cowpea, Groundnut, Maize",Extreme heat may cause flower drop and yield loss. Irrigate in the evening.,2024-04
2024-04-15,Dry Heat — Pest Risk,MEDIUM,"Cowpea, Sorghum",Dry heat favours aphids and thrips. Inspect crops. Consider neem spray.,2024-04
2024-04-15,Irrigation Required,INFO,All irrigated crops,High water demand today. Irrigate before 7am or after 6pm to reduce evaporation.,2024-04
2024-04-15,High Crop Stress,HIGH,All crops,"Crop stress is high today. Heat, dryness and wind are combined. Shade or irrigate.",2024-04
2024-04-16,Heat Stress,HIGH,"Cowpea, Groundnut, Maize",Extreme heat may cause flower drop and yield loss. Irrigate in the evening.,2024-04
2024-04-16,Extreme Heat,CRITICAL,All crops,DANGER: Temperatures above 42°C. Emergency irrigation needed. Mulch immediately.,2024-04
2024-04-16,Dry Heat — Pest Risk,MEDIUM,"Cowpea, Sorghum",Dry heat favours aphids and thrips. Inspect crops. Consider neem spray.,2024-04
2024-04-16,Fire Risk Alert,HIGH,"All crops, grassland","High bushfire danger. Low humidity, hot and windy conditions. Do not burn.",2024-04
2024-04-16,Irrigation Required,INFO,All irrigated crops,High water demand today. Irrigate before 7am or after 6pm to reduce evaporation.,2024-04
2024-04-16,Rain Likely,INFO,All crops,Signs of approaching rain. Hold off irrigation and spraying today.,2024-04
2024-04-16,High Crop Stress,HIGH,All crops,"Crop stress is high today. Heat, dryness and wind are combined. Shade or irrigate.",2024-04
2024-04-17,Heat Stress,HIGH,"Cowpea, Groundnut, Maize",Extreme heat may cause flower drop and yield loss. Irrigate in the evening.,2024-04
2024-04-17,Extreme Heat,CRITICAL,All crops,DANGER: Temperatures above 42°C. Emergency irrigation needed. Mulch immediately.,2024-04
2024-04-17,Dry Heat — Pest Risk,MEDIUM,"Cowpea, Sorghum",Dry heat favours aphids and thrips. Inspect crops. Consider neem spray.,2024-04
2024-04-17,Fire Risk Alert,HIGH,"All crops, grassland","High bushfire danger. Low humidity, hot and windy conditions. Do not burn.",2024-04
2024-04-17,Irrigation Required,INFO,All irrigated crops,High water demand today. Irrigate before 7am or after 6pm to reduce evaporation.,2024-04
2024-04-17,High Crop Stress,HIGH,All crops,"Crop stress is high today. Heat, dryness and wind are combined. Shade or irrigate.",2024-04
2024-04-18,Heat Stress,HIGH,"Cowpea, Groundnut, Maize",Extreme heat may cause flower drop and yield loss. Irrigate in the evening.,2024-04
2024-04-18,Extreme Heat,CRITICAL,All crops,DANGER: Temperatures above 42°C. Emergency irrigation needed. Mulch immediately.,2024-04
2024-04-18,Dry Heat — Pest Risk,MEDIUM,"Cowpea, Sorghum",Dry heat favours aphids and thrips. Inspect crops. Consider neem spray.,2024-04
2024-04-18,Fire Risk Alert,HIGH,"All crops, grassland","High bushfire danger. Low humidity, hot and windy conditions. Do not burn.",2024-04
2024-04-18,Irrigation Required,INFO,All irrigated crops,High water demand today. Irrigate before 7am or after 6pm to reduce evaporation.,2024-04
2024-04-18,High Crop Stress,HIGH,All crops,"Crop stress is high today. Heat, dryness and wind are combined. Shade or irrigate.",2024-04
2024-04-19,Heat Stress,HIGH,"Cowpea, Groundnut, Maize",Extreme heat may cause flower drop and yield loss. Irrigate in the evening.,2024-04
2024-04-19,Extreme Heat,CRITICAL,All crops,DANGER: Temperatures above 42°C. Emergency irrigation needed. Mulch immediately.,2024-04
2024-04-19,Dry Heat — Pest Risk,MEDIUM,"Cowpea, Sorghum",Dry heat favours aphids and thrips. Inspect crops. Consider neem spray.,2024-04
2024-04-19,Fire Risk Alert,HIGH,"All crops, grassland","High bushfire danger. Low humidity, hot and windy conditions. Do not burn.",2024-04
2024-04-19,Irrigation Required,INFO,All irrigated crops,High water demand today. Irrigate before 7am or after 6pm to reduce evaporation.,2024-04
2024-04-19,High Crop Stress,HIGH,All crops,"Crop stress is high today. Heat, dryness and wind are combined. Shade or irrigate.",2024-04
2024-04-20,Heat Stress,HIGH,"Cowpea, Groundnut, Maize",Extreme heat may cause flower drop and yield loss. Irrigate in the evening.,2024-04
2024-04-20,Extreme Heat,CRITICAL,All crops,DANGER: Temperatures above 42°C. Emergency irrigation needed. Mulch immediately.,2024-04
2024-04-20,Dry Heat — Pest Risk,MEDIUM,"Cowpea, Sorghum",Dry heat favours aphids and thrips. Inspect crops. Consider neem spray.,2024-04
2024-04-20,Irrigation Required,INFO,All irrigated crops,High water demand today. Irrigate before 7am or after 6pm to reduce evaporation.,2024-04
2024-04-20,High Crop Stress,HIGH,All crops,"Crop stress is high today. Heat, dryness and wind are combined. Shade or irrigate.",2024-04
2024-04-21,Heat Stress,HIGH,"Cowpea, Groundnut, Maize",Extreme heat may cause flower drop and yield loss. Irrigate in the evening.,2024-04
2024-04-21,Extreme Heat,CRITICAL,All crops,DANGER: Temperatures above 42°C. Emergency irrigation needed. Mulch immediately.,2024-04
2024-04-21,Dry Heat — Pest Risk,MEDIUM,"Cowpea, Sorghum",Dry heat favours aphids and thrips. Inspect crops. Consider neem spray.,2024-04
2024-04-21,Fire Risk Alert,HIGH,"All crops, grassland","High bushfire danger. Low humidity, hot and windy conditions. Do not burn.",2024-04
2024-04-21,Irrigation Required,INFO,All irrigated crops,High water demand today. Irrigate before 7am or after 6pm to reduce evaporation.,2024-04
2024-04-21,High Crop Stress,HIGH,All crops,"Crop stress is high today. Heat, dryness and wind are combined. Shade or irrigate.",2024-04
2024-04-22,Heat Stress,HIGH,"Cowpea, Groundnut, Maize",Extreme heat may cause flower drop and yield loss. Irrigate in the evening.,2024-04
2024-04-22,Extreme Heat,CRITICAL,All crops,DANGER: Temperatures above 42°C. Emergency irrigation needed. Mulch immediately.,2024-04
2024-04-22,Dry Heat — Pest Risk,MEDIUM,"Cowpea, Sorghum",Dry heat favours aphids and thrips. Inspect crops. Consider neem spray.,2024-04
2024-04-22,Irrigation Required,INFO,All irrigated crops,High water demand today. Irrigate before 7am or after 6pm to reduce evaporation.,2024-04
2024-04-22,High Crop Stress,HIGH,All crops,"Crop stress is high today. Heat, dryness and wind are combined. Shade or irrigate.",2024-04
2024-04-23,Heat Stress,HIGH,"Cowpea, Groundnut, Maize",Extreme heat may cause flower drop and yield loss. Irrigate in the evening.,2024-04
2024-04-23,Extreme Heat,CRITICAL,All crops,DANGER: Temperatures above 42°C. Emergency irrigation needed. Mulch immediately.,2024-04
2024-04-23,Dry Heat — Pest Risk,MEDIUM,"Cowpea, Sorghum",Dry heat favours aphids and thrips. Inspect crops. Consider neem spray.,2024-04
2024-04-23,Irrigation Required,INFO,All irrigated crops,High water demand today. Irrigate before 7am or after 6pm to reduce evaporation.,2024-04
2024-04-23,High Crop Stress,HIGH,All crops,"Crop stress is high today. Heat, dryness and wind are combined. Shade or irrigate.",2024-04
2024-04-24,Heat Stress,HIGH,"Cowpea, Groundnut, Maize",Extreme heat may cause flower drop and yield loss. Irrigate in the evening.,2024-04
2024-04-24,Extreme Heat,CRITICAL,All crops,DANGER: Temperatures above 42°C. Emergency irrigation needed. Mulch immediately.,2024-04
2024-04-24,Dry Heat — Pest Risk,MEDIUM,"Cowpea, Sorghum",Dry heat favours aphids and thrips. Inspect crops. Consider neem spray.,2024-04
2024-04-24,Irrigation Required,INFO,All irrigated crops,High water demand today. Irrigate before 7am or after 6pm to reduce evaporation.,2024-04
2024-04-24,High Crop Stress,HIGH,All crops,"Crop stress is high today. Heat, dryness and wind are combined. Shade or irrigate.",2024-04
2024-04-25,Heat Stress,HIGH,"Cowpea, Groundnut, Maize",Extreme heat may cause flower drop and yield loss. Irrigate in the evening.,2024-04
2024-04-25,Extreme Heat,CRITICAL,All crops,DANGER: Temperatures above 42°C. Emergency irrigation needed. Mulch immediately.,2024-04
2024-04-25,Dry Heat — Pest Risk,MEDIUM,"Cowpea, Sorghum",Dry heat favours aphids and thrips. Inspect crops. Consider neem spray.,2024-04
2024-04-25,Irrigation Required,INFO,All irrigated crops,High water demand today. Irrigate before 7am or after 6pm to reduce evaporation.,2024-04
2024-04-25,High Crop Stress,HIGH,All crops,"Crop stress is high today. Heat, dryness and wind are combined. Shade or irrigate.",2024-04
2024-04-26,Heat Stress,HIGH,"Cowpea, Groundnut, Maize",Extreme heat may cause flower drop and yield loss. Irrigate in the evening.,2024-04
2024-04-26,Extreme Heat,CRITICAL,All crops,DANGER: Temperatures above 42°C. Emergency irrigation needed. Mulch immediately.,2024-04
2024-04-26,Dry Heat — Pest Risk,MEDIUM,"Cowpea, Sorghum",Dry heat favours aphids and thrips. Inspect crops. Consider neem spray.,2024-04
2024-04-26,Irrigation Required,INFO,All irrigated crops,High water demand today. Irrigate before 7am or after 6pm to reduce evaporation.,2024-04
2024-04-26,High Crop Stress,HIGH,All crops,"Crop stress is high today. Heat, dryness and wind are combined. Shade or irrigate.",2024-04
2024-04-27,Heat Stress,HIGH,"Cowpea, Groundnut, Maize",Extreme heat may cause flower drop and yield loss. Irrigate in the evening.,2024-04
2024-04-27,Extreme Heat,CRITICAL,All crops,DANGER: Temperatures above 42°C. Emergency irrigation needed. Mulch immediately.,2024-04
2024-04-27,Dry Heat — Pest Risk,MEDIUM,"Cowpea, Sorghum",Dry heat favours aphids and thrips. Inspect crops. Consider neem spray.,2024-04
2024-04-27,Irrigation Required,INFO,All irrigated crops,High water demand today. Irrigate before 7am or after 6pm to reduce evaporation.,2024-04
2024-04-27,High Crop Stress,HIGH,All crops,"Crop stress is high today. Heat, dryness and wind are combined. Shade or irrigate.",2024-04
2024-04-28,Heat Stress,HIGH,"Cowpea, Groundnut, Maize",Extreme heat may cause flower drop and yield loss. Irrigate in the evening.,2024-04
2024-04-28,Extreme Heat,CRITICAL,All crops,DANGER: Temperatures above 42°C. Emergency irrigation needed. Mulch immediately.,2024-04
2024-04-28,Dry Heat — Pest Risk,MEDIUM,"Cowpea, Sorghum",Dry heat favours aphids and thrips. Inspect crops. Consider neem spray.,2024-04
2024-04-28,Fire Risk Alert,HIGH,"All crops, grassland","High bushfire danger. Low humidity, hot and windy conditions. Do not burn.",2024-04
2024-04-28,Irrigation Required,INFO,All irrigated crops,High water demand today. Irrigate before 7am or after 6pm to reduce evaporation.,2024-04
2024-04-28,High Crop Stress,HIGH,All crops,"Crop stress is high today. Heat, dryness and wind are combined. Shade or irrigate.",2024-04
2024-04-29,Heat Stress,HIGH,"Cowpea, Groundnut, Maize",Extreme heat may cause flower drop and yield loss. Irrigate in the evening.,2024-04
2024-04-29,Extreme Heat,CRITICAL,All crops,DANGER: Temperatures above 42°C. Emergency irrigation needed. Mulch immediately.,2024-04
2024-04-29,Dry Heat — Pest Risk,MEDIUM,"Cowpea, Sorghum",Dry heat favours aphids and thrips. Inspect crops. Consider neem spray.,2024-04
2024-04-29,Fire Risk Alert,HIGH,"All crops, grassland","High bushfire danger. Low humidity, hot and windy conditions. Do not burn.",2024-04
2024-04-29,Irrigation Required,INFO,All irrigated crops,High water demand today. Irrigate before 7am or after 6pm to reduce evaporation.,2024-04
2024-04-29,High Crop Stress,HIGH,All crops,"Crop stress is high today. Heat, dryness and wind are combined. Shade or irrigate.",2024-04
2024-04-30,Heat Stress,HIGH,"Cowpea, Groundnut, Maize",Extreme heat may cause flower drop and yield loss. Irrigate in the evening.,2024-04
2024-04-30,Extreme Heat,CRITICAL,All crops,DANGER: Temperatures above 42°C. Emergency irrigation needed. Mulch immediately.,2024-04
2024-04-30,Dry Heat — Pest Risk,MEDIUM,"Cowpea, Sorghum",Dry heat favours aphids and thrips. Inspect crops. Consider neem spray.,2024-04
2024-04-30,Fire Risk Alert,HIGH,"All crops, grassland","High bushfire danger. Low humidity, hot and windy conditions. Do not burn.",2024-04
2024-04-30,Irrigation Required,INFO,All irrigated crops,High water demand today. Irrigate before 7am or after 6pm to reduce evaporation.,2024-04
2024-04-30,High Crop Stress,HIGH,All crops,"Crop stress is high today. Heat, dryness and wind are combined. Shade or irrigate.",2024-04
2024-05-01,Heat Stress,HIGH,"Cowpea, Groundnut, Maize",Extreme heat may cause flower drop and yield loss. Irrigate in the evening.,2024-05
2024-05-01,Extreme Heat,CRITICAL,All crops,DANGER: Temperatures above 42°C. Emergency irrigation needed. Mulch immediately.,2024-05
2024-05-01,Dry Heat — Pest Risk,MEDIUM,"Cowpea, Sorghum",Dry heat favours aphids and thrips. Inspect crops. Consider neem spray.,2024-05
2024-05-01,Irrigation Required,INFO,All irrigated crops,High water demand today. Irrigate before 7am or after 6pm to reduce evaporation.,2024-05
2024-05-01,High Crop Stress,HIGH,All crops,"Crop stress is high today. Heat, dryness and wind are combined. Shade or irrigate.",2024-05
2024-05-02,Heat Stress,HIGH,"Cowpea, Groundnut, Maize",Extreme heat may cause flower drop and yield loss. Irrigate in the evening.,2024-05
2024-05-02,Extreme Heat,CRITICAL,All crops,DANGER: Temperatures above 42°C. Emergency irrigation needed. Mulch immediately.,2024-05
2024-05-02,Dry Heat — Pest Risk,MEDIUM,"Cowpea, Sorghum",Dry heat favours aphids and thrips. Inspect crops. Consider neem spray.,2024-05
2024-05-02,Irrigation Required,INFO,All irrigated crops,High water demand today. Irrigate before 7am or after 6pm to reduce evaporation.,2024-05
2024-05-02,High Crop Stress,HIGH,All crops,"Crop stress is high today. Heat, dryness and wind are combined. Shade or irrigate.",2024-05
2024-05-03,Heat Stress,HIGH,"Cowpea, Groundnut, Maize",Extreme heat may cause flower drop and yield loss. Irrigate in the evening.,2024-05
2024-05-03,Extreme Heat,CRITICAL,All crops,DANGER: Temperatures above 42°C. Emergency irrigation needed. Mulch immediately.,2024-05
2024-05-03,Dry Heat — Pest Risk,MEDIUM,"Cowpea, Sorghum",Dry heat favours aphids and thrips. Inspect crops. Consider neem spray.,2024-05
2024-05-03,Irrigation Required,INFO,All irrigated crops,High water demand today. Irrigate before 7am or after 6pm to reduce evaporation.,2024-05
2024-05-03,High Crop Stress,HIGH,All crops,"Crop stress is high today. Heat, dryness and wind are combined. Shade or irrigate.",2024-05
2024-05-04,Heat Stress,HIGH,"Cowpea, Groundnut, Maize",Extreme heat may cause flower drop and yield loss. Irrigate in the evening.,2024-05
2024-05-04,Dry Heat — Pest Risk,MEDIUM,"Cowpea, Sorghum",Dry heat favours aphids and thrips. Inspect crops. Consider neem spray.,2024-05
2024-05-04,Irrigation Required,INFO,All irrigated crops,High water demand today. Irrigate before 7am or after 6pm to reduce evaporation.,2024-05
2024-05-05,Heat Stress,HIGH,"Cowpea, Groundnut, Maize",Extreme heat may cause flower drop and yield loss. Irrigate in the evening.,2024-05
2024-05-05,Dry Heat — Pest Risk,MEDIUM,"Cowpea, Sorghum",Dry heat favours aphids and thrips. Inspect crops. Consider neem spray.,2024-05
2024-05-05,Irrigation Required,INFO,All irrigated crops,High water demand today. Irrigate before 7am or after 6pm to reduce evaporation.,2024-05
2024-05-06,Heat Stress,HIGH,"Cowpea, Groundnut, Maize",Extreme heat may cause flower drop and yield loss. Irrigate in the evening.,2024-05
2024-05-06,Irrigation Required,INFO,All irrigated crops,High water demand today. Irrigate before 7am or after 6pm to reduce evaporation.,2024-05
2024-05-07,Heat Stress,HIGH,"Cowpea, Groundnut, Maize",Extreme heat may cause flower drop and yield loss. Irrigate in the evening.,2024-05
2024-05-07,Dry Heat — Pest Risk,MEDIUM,"Cowpea, Sorghum",Dry heat favours aphids and thrips. Inspect crops. Consider neem spray.,2024-05
2024-05-07,Irrigation Required,INFO,All irrigated crops,High water demand today. Irrigate before 7am or after 6pm to reduce evaporation.,2024-05
2024-05-08,Heat Stress,HIGH,"Cowpea, Groundnut, Maize",Extreme heat may cause flower drop and yield loss. Irrigate in the evening.,2024-05
2024-05-08,Extreme Heat,CRITICAL,All crops,DANGER: Temperatures above 42°C. Emergency irrigation needed. Mulch immediately.,2024-05
2024-05-08,Dry Heat — Pest Risk,MEDIUM,"Cowpea, Sorghum",Dry heat favours aphids and thrips. Inspect crops. Consider neem spray.,2024-05
2024-05-08,Irrigation Required,INFO,All irrigated crops,High water demand today. Irrigate before 7am or after 6pm to reduce evaporation.,2024-05
2024-05-08,High Crop Stress,HIGH,All crops,"Crop stress is high today. Heat, dryness and wind are combined. Shade or irrigate.",2024-05
2024-05-09,Heat Stress,HIGH,"Cowpea, Groundnut, Maize",Extreme heat may cause flower drop and yield loss. Irrigate in the evening.,2024-05
2024-05-09,Dry Heat — Pest Risk,MEDIUM,"Cowpea, Sorghum",Dry heat favours aphids and thrips. Inspect crops. Consider neem spray.,2024-05
2024-05-09,Irrigation Required,INFO,All irrigated crops,High water demand today. Irrigate before 7am or after 6pm to reduce evaporation.,2024-05
2024-05-09,High Crop Stress,HIGH,All crops,"Crop stress is high today. Heat, dryness and wind are combined. Shade or irrigate.",2024-05
2024-05-10,Heat Stress,HIGH,"Cowpea, Groundnut, Maize",Extreme heat may cause flower drop and yield loss. Irrigate in the evening.,2024-05
2024-05-10,Dry Heat — Pest Risk,MEDIUM,"Cowpea, Sorghum",Dry heat favours aphids and thrips. Inspect crops. Consider neem spray.,2024-05
2024-05-10,Irrigation Required,INFO,All irrigated crops,High water demand today. Irrigate before 7am or after 6pm to reduce evaporation.,2024-05
2024-05-11,Irrigation Required,INFO,All irrigated crops,High water demand today. Irrigate before 7am or after 6pm to reduce evaporation.,2024-05
2024-05-12,Heat Stress,HIGH,"Cowpea, Groundnut, Maize",Extreme heat may cause flower drop and yield loss. Irrigate in the evening.,2024-05
2024-05-12,Irrigation Required,INFO,All irrigated crops,High water demand today. Irrigate before 7am or after 6pm to reduce evaporation.,2024-05
2024-05-13,Irrigation Required,INFO,All irrigated crops,High water demand today. Irrigate before 7am or after 6pm to reduce evaporation.,2024-05
2024-05-14,Heat Stress,HIGH,"Cowpea, Groundnut, Maize",Extreme heat may cause flower drop and yield loss. Irrigate in the evening.,2024-05
2024-05-14,Irrigation Required,INFO,All irrigated crops,High water demand today. Irrigate before 7am or after 6pm to reduce evaporation.,2024-05
2024-05-15,Heat Stress,HIGH,"Cowpea, Groundnut, Maize",Extreme heat may cause flower drop and yield loss. Irrigate in the evening.,2024-05
2024-05-15,Irrigation Required,INFO,All irrigated crops,High water demand today. Irrigate before 7am or after 6pm to reduce evaporation.,2024-05
2024-05-16,Heat Stress,HIGH,"Cowpea, Groundnut, Maize",Extreme heat may cause flower drop and yield loss. Irrigate in the evening.,2024-05
2024-05-16,Irrigation Required,INFO,All irrigated crops,High water demand today. Irrigate before 7am or after 6pm to reduce evaporation.,2024-05
2024-05-17,Heat Stress,HIGH,"Cowpea, Groundnut, Maize",Extreme heat may cause flower drop and yield loss. Irrigate in the evening.,2024-05
2024-05-17,Irrigation Required,INFO,All irrigated crops,High water demand today. Irrigate before 7am or after 6pm to reduce evaporation.,2024-05
2024-05-18,Heat Stress,HIGH,"Cowpea, Groundnut, Maize",Extreme heat may cause flower drop and yield loss. Irrigate in the evening.,2024-05
2024-05-18,Extreme Heat,CRITICAL,All crops,DANGER: Temperatures above 42°C. Emergency irrigation needed. Mulch immediately.,2024-05
2024-05-18,Dry Heat — Pest Risk,MEDIUM,"Cowpea, Sorghum",Dry heat favours aphids and thrips. Inspect crops. Consider neem spray.,2024-05
2024-05-18,Fire Risk Alert,HIGH,"All crops, grassland","High bushfire danger. Low humidity, hot and windy conditions. Do not burn.",2024-05
2024-05-18,Irrigation Required,INFO,All irrigated crops,High water demand today. Irrigate before 7am or after 6pm to reduce evaporation.,2024-05
2024-05-18,High Crop Stress,HIGH,All crops,"Crop stress is high today. Heat, dryness and wind are combined. Shade or irrigate.",2024-05
2024-05-19,Heat Stress,HIGH,"Cowpea, Groundnut, Maize",Extreme heat may cause flower drop and yield loss. Irrigate in the evening.,2024-05
2024-05-19,Dry Heat — Pest Risk,MEDIUM,"Cowpea, Sorghum",Dry heat favours aphids and thrips. Inspect crops. Consider neem spray.,2024-05
2024-05-19,Irrigation Required,INFO,All irrigated crops,High water demand today. Irrigate before 7am or after 6pm to reduce evaporation.,2024-05
2024-05-19,High Crop Stress,HIGH,All crops,"Crop stress is high today. Heat, dryness and wind are combined. Shade or irrigate.",2024-05
2024-05-20,Heat Stress,HIGH,"Cowpea, Groundnut, Maize",Extreme heat may cause flower drop and yield loss. Irrigate in the evening.,2024-05
2024-05-20,Dry Heat — Pest Risk,MEDIUM,"Cowpea, Sorghum",Dry heat favours aphids and thrips. Inspect crops. Consider neem spray.,2024-05
2024-05-20,Irrigation Required,INFO,All irrigated crops,High water demand today. Irrigate before 7am or after 6pm to reduce evaporation.,2024-05
2024-05-20,High Crop Stress,HIGH,All crops,"Crop stress is high today. Heat, dryness and wind are combined. Shade or irrigate.",2024-05
2024-05-21,Heat Stress,HIGH,"Cowpea, Groundnut, Maize",Extreme heat may cause flower drop and yield loss. Irrigate in the evening.,2024-05
2024-05-21,Dry Heat — Pest Risk,MEDIUM,"Cowpea, Sorghum",Dry heat favours aphids and thrips. Inspect crops. Consider neem spray.,2024-05
2024-05-21,Irrigation Required,INFO,All irrigated crops,High water demand today. Irrigate before 7am or after 6pm to reduce evaporation.,2024-05
2024-05-21,High Crop Stress,HIGH,All crops,"Crop stress is high today. Heat, dryness and wind are combined. Shade or irrigate.",2024-05
2024-05-22,Heat Stress,HIGH,"Cowpea, Groundnut, Maize",Extreme heat may cause flower drop and yield loss. Irrigate in the evening.,2024-05
2024-05-22,Extreme Heat,CRITICAL,All crops,DANGER: Temperatures above 42°C. Emergency irrigation needed. Mulch immediately.,2024-05
2024-05-22,Dry Heat — Pest Risk,MEDIUM,"Cowpea, Sorghum",Dry heat favours aphids and thrips. Inspect crops. Consider neem spray.,2024-05
2024-05-22,Irrigation Required,INFO,All irrigated crops,High water demand today. Irrigate before 7am or after 6pm to reduce evaporation.,2024-05
2024-05-22,High Crop Stress,HIGH,All crops,"Crop stress is high today. Heat, dryness and wind are combined. Shade or irrigate.",2024-05
2024-05-23,Heat Stress,HIGH,"Cowpea, Groundnut, Maize",Extreme heat may cause flower drop and yield loss. Irrigate in the evening.,2024-05
2024-05-23,Extreme Heat,CRITICAL,All crops,DANGER: Temperatures above 42°C. Emergency irrigation needed. Mulch immediately.,2024-05
2024-05-23,Dry Heat — Pest Risk,MEDIUM,"Cowpea, Sorghum",Dry heat favours aphids and thrips. Inspect crops. Consider neem spray.,2024-05
2024-05-23,Irrigation Required,INFO,All irrigated crops,High water demand today. Irrigate before 7am or after 6pm to reduce evaporation.,2024-05
2024-05-23,High Crop Stress,HIGH,All crops,"Crop stress is high today. Heat, dryness and wind are combined. Shade or irrigate.",2024-05
2024-05-24,Heat Stress,HIGH,"Cowpea, Groundnut, Maize",Extreme heat may cause flower drop and yield loss. Irrigate in the evening.,2024-05
2024-05-24,Dry Heat — Pest Risk,MEDIUM,"Cowpea, Sorghum",Dry heat favours aphids and thrips. Inspect crops. Consider neem spray.,2024-05
2024-05-24,Irrigation Required,INFO,All irrigated crops,High water demand today. Irrigate before 7am or after 6pm to reduce evaporation.,2024-05
2024-05-25,Heat Stress,HIGH,"Cowpea, Groundnut, Maize",Extreme heat may cause flower drop and yield loss. Irrigate in the evening.,2024-05
2024-05-25,Irrigation Required,INFO,All irrigated crops,High water demand today. Irrigate before 7am or after 6pm to reduce evaporation.,2024-05
2024-05-26,Heat Stress,HIGH,"Cowpea, Groundnut, Maize",Extreme heat may cause flower drop and yield loss. Irrigate in the evening.,2024-05
2024-05-26,Irrigation Required,INFO,All irrigated crops,High water demand today. Irrigate before 7am or after 6pm to reduce evaporation.,2024-05
2024-05-27,Heat Stress,HIGH,"Cowpea, Groundnut, Maize",Extreme heat may cause flower drop and yield loss. Irrigate in the evening.,2024-05
2024-05-27,Dry Heat — Pest Risk,MEDIUM,"Cowpea, Sorghum",Dry heat favours aphids and thrips. Inspect crops. Consider neem spray.,2024-05
2024-05-27,Irrigation Required,INFO,All irrigated crops,High water demand today. Irrigate before 7am or after 6pm to reduce evaporation.,2024-05
2024-05-28,Heat Stress,HIGH,"Cowpea, Groundnut, Maize",Extreme heat may cause flower drop and yield loss. Irrigate in the evening.,2024-05
2024-05-28,Dry Heat — Pest Risk,MEDIUM,"Cowpea, Sorghum",Dry heat favours aphids and thrips. Inspect crops. Consider neem spray.,2024-05
2024-05-28,Irrigation Required,INFO,All irrigated crops,High water demand today. Irrigate before 7am or after 6pm to reduce evaporation.,2024-05
2024-05-29,Heat Stress,HIGH,"Cowpea, Groundnut, Maize",Extreme heat may cause flower drop and yield loss. Irrigate in the evening.,2024-05
2024-05-29,Irrigation Required,INFO,All irrigated crops,High water demand today. Irrigate before 7am or after 6pm to reduce evaporation.,2024-05
2024-05-30,Heat Stress,HIGH,"Cowpea, Groundnut, Maize",Extreme heat may cause flower drop and yield loss. Irrigate in the evening.,2024-05
2024-05-30,Planting Window Open,POSITIVE,"Millet, Sorghum, Cowpea",Good planting conditions. Soil warm and moisture adequate. Plant within 48 hours.,2024-05
2024-05-31,Heat Stress,HIGH,"Cowpea, Groundnut, Maize",Extreme heat may cause flower drop and yield loss. Irrigate in the evening.,2024-05
2024-06-02,Rain Likely,INFO,All crops,Signs of approaching rain. Hold off irrigation and spraying today.,2024-06
2024-06-03,Heat Stress,HIGH,"Cowpea, Groundnut, Maize",Extreme heat may cause flower drop and yield loss. Irrigate in the evening.,2024-06
2024-06-03,Irrigation Required,INFO,All irrigated crops,High water demand today. Irrigate before 7am or after 6pm to reduce evaporation.,2024-06
2024-06-05,Heat Stress,HIGH,"Cowpea, Groundnut, Maize",Extreme heat may cause flower drop and yield loss. Irrigate in the evening.,2024-06
2024-06-05,Irrigation Required,INFO,All irrigated crops,High water demand today. Irrigate before 7am or after 6pm to reduce evaporation.,2024-06
2024-06-07,Heat Stress,HIGH,"Cowpea, Groundnut, Maize",Extreme heat may cause flower drop and yield loss. Irrigate in the evening.,2024-06
2024-06-11,Planting Window Open,POSITIVE,"Millet, Sorghum, Cowpea",Good planting conditions. Soil warm and moisture adequate. Plant within 48 hours.,2024-06
2024-06-12,Planting Window Open,POSITIVE,"Millet, Sorghum, Cowpea",Good planting conditions. Soil warm and moisture adequate. Plant within 48 hours.,2024-06
2024-06-15,Planting Window Open,POSITIVE,"Millet, Sorghum, Cowpea",Good planting conditions. Soil warm and moisture adequate. Plant within 48 hours.,2024-06
2024-06-16,Planting Window Open,POSITIVE,"Millet, Sorghum, Cowpea",Good planting conditions. Soil warm and moisture adequate. Plant within 48 hours.,2024-06
2024-06-17,Planting Window Open,POSITIVE,"Millet, Sorghum, Cowpea",Good planting conditions. Soil warm and moisture adequate. Plant within 48 hours.,2024-06
2024-06-20,Planting Window Open,POSITIVE,"Millet, Sorghum, Cowpea",Good planting conditions. Soil warm and moisture adequate. Plant within 48 hours.,2024-06
2024-06-22,Planting Window Open,POSITIVE,"Millet, Sorghum, Cowpea",Good planting conditions. Soil warm and moisture adequate. Plant within 48 hours.,2024-06
2024-06-23,Irrigation Required,INFO,All irrigated crops,High water demand today. Irrigate before 7am or after 6pm to reduce evaporation.,2024-06
2024-06-25,Planting Window Open,POSITIVE,"Millet, Sorghum, Cowpea",Good planting conditions. Soil warm and moisture adequate. Plant within 48 hours.,2024-06
2024-06-26,Planting Window Open,POSITIVE,"Millet, Sorghum, Cowpea",Good planting conditions. Soil warm and moisture adequate. Plant within 48 hours.,2024-06
2024-06-28,Planting Window Open,POSITIVE,"Millet, Sorghum, Cowpea",Good planting conditions. Soil warm and moisture adequate. Plant within 48 hours.,2024-06
2024-06-29,Planting Window Open,POSITIVE,"Millet, Sorghum, Cowpea",Good planting conditions. Soil warm and moisture adequate. Plant within 48 hours.,2024-06
2024-06-30,Planting Window Open,POSITIVE,"Millet, Sorghum, Cowpea",Good planting conditions. Soil warm and moisture adequate. Plant within 48 hours.,2024-06
2024-07-01,Planting Window Open,POSITIVE,"Millet, Sorghum, Cowpea",Good planting conditions. Soil warm and moisture adequate. Plant within 48 hours.,2024-07
2024-07-02,Planting Window Open,POSITIVE,"Millet, Sorghum, Cowpea",Good planting conditions. Soil warm and moisture adequate. Plant within 48 hours.,2024-07
2024-07-03,Planting Window Open,POSITIVE,"Millet, Sorghum, Cowpea",Good planting conditions. Soil warm and moisture adequate. Plant within 48 hours.,2024-07
2024-07-04,Planting Window Open,POSITIVE,"Millet, Sorghum, Cowpea",Good planting conditions. Soil warm and moisture adequate. Plant within 48 hours.,2024-07
2024-07-05,Planting Window Open,POSITIVE,"Millet, Sorghum, Cowpea",Good planting conditions. Soil warm and moisture adequate. Plant within 48 hours.,2024-07
2024-07-06,Planting Window Open,POSITIVE,"Millet, Sorghum, Cowpea",Good planting conditions. Soil warm and moisture adequate. Plant within 48 hours.,2024-07
2024-07-07,Planting Window Open,POSITIVE,"Millet, Sorghum, Cowpea",Good planting conditions. Soil warm and moisture adequate. Plant within 48 hours.,2024-07
2024-07-11,Planting Window Open,POSITIVE,"Millet, Sorghum, Cowpea",Good planting conditions. Soil warm and moisture adequate. Plant within 48 hours.,2024-07
2024-07-12,Planting Window Open,POSITIVE,"Millet, Sorghum, Cowpea",Good planting conditions. Soil warm and moisture adequate. Plant within 48 hours.,2024-07
2024-07-13,Planting Window Open,POSITIVE,"Millet, Sorghum, Cowpea",Good planting conditions. Soil warm and moisture adequate. Plant within 48 hours.,2024-07
2024-07-14,Planting Window Open,POSITIVE,"Millet, Sorghum, Cowpea",Good planting conditions. Soil warm and moisture adequate. Plant within 48 hours.,2024-07
2024-07-15,Rain Likely,INFO,All crops,Signs of approaching rain. Hold off irrigation and spraying today.,2024-07
2024-07-15,Planting Window Open,POSITIVE,"Millet, Sorghum, Cowpea",Good planting conditions. Soil warm and moisture adequate. Plant within 48 hours.,2024-07
2024-07-16,Planting Window Open,POSITIVE,"Millet, Sorghum, Cowpea",Good planting conditions. Soil warm and moisture adequate. Plant within 48 hours.,2024-07
2024-07-17,Planting Window Open,POSITIVE,"Millet, Sorghum, Cowpea",Good planting conditions. Soil warm and moisture adequate. Plant within 48 hours.,2024-07
2024-07-18,Planting Window Open,POSITIVE,"Millet, Sorghum, Cowpea",Good planting conditions. Soil warm and moisture adequate. Plant within 48 hours.,2024-07
2024-07-19,Planting Window Open,POSITIVE,"Millet, Sorghum, Cowpea",Good planting conditions. Soil warm and moisture adequate. Plant within 48 hours.,2024-07
2024-07-21,Planting Window Open,POSITIVE,"Millet, Sorghum, Cowpea",Good planting conditions. Soil warm and moisture adequate. Plant within 48 hours.,2024-07
2024-07-22,Planting Window Open,POSITIVE,"Millet, Sorghum, Cowpea",Good planting conditions. Soil warm and moisture adequate. Plant within 48 hours.,2024-07
2024-07-23,Planting Window Open,POSITIVE,"Millet, Sorghum, Cowpea",Good planting conditions. Soil warm and moisture adequate. Plant within 48 hours.,2024-07
2024-07-24,Planting Window Open,POSITIVE,"Millet, Sorghum, Cowpea",Good planting conditions. Soil warm and moisture adequate. Plant within 48 hours.,2024-07
2024-07-25,Planting Window Open,POSITIVE,"Millet, Sorghum, Cowpea",Good planting conditions. Soil warm and moisture adequate. Plant within 48 hours.,2024-07
2024-07-26,Planting Window Open,POSITIVE,"Millet, Sorghum, Cowpea",Good planting conditions. Soil warm and moisture adequate. Plant within 48 hours.,2024-07
2024-07-27,Planting Window Open,POSITIVE,"Millet, Sorghum, Cowpea",Good planting conditions. Soil warm and moisture adequate. Plant within 48 hours.,2024-07
2024-07-28,Fungal Risk Spike,MEDIUM,"Tomato, Pepper, Onion",Heavy moist air detected. Check leaves for spots. Apply fungicide if needed.,2024-07
2024-07-28,Rain Likely,INFO,All crops,Signs of approaching rain. Hold off irrigation and spraying today.,2024-07
2024-07-28,Planting Window Open,POSITIVE,"Millet, Sorghum, Cowpea",Good planting conditions. Soil warm and moisture adequate. Plant within 48 hours.,2024-07
2024-07-29,Planting Window Open,POSITIVE,"Millet, Sorghum, Cowpea",Good planting conditions. Soil warm and moisture adequate. Plant within 48 hours.,2024-07
2024-07-30,Rain Likely,INFO,All crops,Signs of approaching rain. Hold off irrigation and spraying today.,2024-07
2024-07-30,Planting Window Open,POSITIVE,"Millet, Sorghum, Cowpea",Good planting conditions. Soil warm and moisture adequate. Plant within 48 hours.,2024-07
2024-08-04,Planting Window Open,POSITIVE,"Millet, Sorghum, Cowpea",Good planting conditions. Soil warm and moisture adequate. Plant within 48 hours.,2024-08
2024-08-05,Planting Window Open,POSITIVE,"Millet, Sorghum, Cowpea",Good planting conditions. Soil warm and moisture adequate. Plant within 48 hours.,2024-08
2024-08-06,Fungal Risk Spike,MEDIUM,"Tomato, Pepper, Onion",Heavy moist air detected. Check leaves for spots. Apply fungicide if needed.,2024-08
2024-08-06,Rain Likely,INFO,All crops,Signs of approaching rain. Hold off irrigation and spraying today.,2024-08
2024-08-07,Fungal Risk Spike,MEDIUM,"Tomato, Pepper, Onion",Heavy moist air detected. Check leaves for spots. Apply fungicide if needed.,2024-08
2024-08-08,Planting Window Open,POSITIVE,"Millet, Sorghum, Cowpea",Good planting conditions. Soil warm and moisture adequate. Plant within 48 hours.,2024-08
2024-08-09,Fungal Risk Spike,MEDIUM,"Tomato, Pepper, Onion",Heavy moist air detected. Check leaves for spots. Apply fungicide if needed.,2024-08
2024-08-09,Rain Likely,INFO,All crops,Signs of approaching rain. Hold off irrigation and spraying today.,2024-08
2024-08-10,Planting Window Open,POSITIVE,"Millet, Sorghum, Cowpea",Good planting conditions. Soil warm and moisture adequate. Plant within 48 hours.,2024-08
2024-08-11,Planting Window Open,POSITIVE,"Millet, Sorghum, Cowpea",Good planting conditions. Soil warm and moisture adequate. Plant within 48 hours.,2024-08
2024-08-12,Planting Window Open,POSITIVE,"Millet, Sorghum, Cowpea",Good planting conditions. Soil warm and moisture adequate. Plant within 48 hours.,2024-08
2024-08-13,Planting Window Open,POSITIVE,"Millet, Sorghum, Cowpea",Good planting conditions. Soil warm and moisture adequate. Plant within 48 hours.,2024-08
2024-08-14,Planting Window Open,POSITIVE,"Millet, Sorghum, Cowpea",Good planting conditions. Soil warm and moisture adequate. Plant within 48 hours.,2024-08
2024-08-15,Rain Likely,INFO,All crops,Signs of approaching rain. Hold off irrigation and spraying today.,2024-08
2024-08-15,Planting Window Open,POSITIVE,"Millet, Sorghum, Cowpea",Good planting conditions. Soil warm and moisture adequate. Plant within 48 hours.,2024-08
2024-08-16,Fungal Risk Spike,MEDIUM,"Tomato, Pepper, Onion",Heavy moist air detected. Check leaves for spots. Apply fungicide if needed.,2024-08
2024-08-16,Planting Window Open,POSITIVE,"Millet, Sorghum, Cowpea",Good planting conditions. Soil warm and moisture adequate. Plant within 48 hours.,2024-08
2024-08-17,Planting Window Open,POSITIVE,"Millet, Sorghum, Cowpea",Good planting conditions. Soil warm and moisture adequate. Plant within 48 hours.,2024-08
2024-08-18,Planting Window Open,POSITIVE,"Millet, Sorghum, Cowpea",Good planting conditions. Soil warm and moisture adequate. Plant within 48 hours.,2024-08
2024-08-19,Rain Likely,INFO,All crops,Signs of approaching rain. Hold off irrigation and spraying today.,2024-08
2024-08-19,Planting Window Open,POSITIVE,"Millet, Sorghum, Cowpea",Good planting conditions. Soil warm and moisture adequate. Plant within 48 hours.,2024-08
2024-08-20,Planting Window Open,POSITIVE,"Millet, Sorghum, Cowpea",Good planting conditions. Soil warm and moisture adequate. Plant within 48 hours.,2024-08
2024-08-21,Planting Window Open,POSITIVE,"Millet, Sorghum, Cowpea",Good planting conditions. Soil warm and moisture adequate. Plant within 48 hours.,2024-08
2024-08-22,Rain Likely,INFO,All crops,Signs of approaching rain. Hold off irrigation and spraying today.,2024-08
2024-08-22,Planting Window Open,POSITIVE,"Millet, Sorghum, Cowpea",Good planting conditions. Soil warm and moisture adequate. Plant within 48 hours.,2024-08
2024-08-23,Planting Window Open,POSITIVE,"Millet, Sorghum, Cowpea",Good planting conditions. Soil warm and moisture adequate. Plant within 48 hours.,2024-08
2024-08-24,Planting Window Open,POSITIVE,"Millet, Sorghum, Cowpea",Good planting conditions. Soil warm and moisture adequate. Plant within 48 hours.,2024-08
2024-08-25,Rain Likely,INFO,All crops,Signs of approaching rain. Hold off irrigation and spraying today.,2024-08
2024-08-25,Planting Window Open,POSITIVE,"Millet, Sorghum, Cowpea",Good planting conditions. Soil warm and moisture adequate. Plant within 48 hours.,2024-08
2024-08-26,Fungal Risk Spike,MEDIUM,"Tomato, Pepper, Onion",Heavy moist air detected. Check leaves for spots. Apply fungicide if needed.,2024-08
2024-08-26,Rain Likely,INFO,All crops,Signs of approaching rain. Hold off irrigation and spraying today.,2024-08
2024-08-27,Planting Window Open,POSITIVE,"Millet, Sorghum, Cowpea",Good planting conditions. Soil warm and moisture adequate. Plant within 48 hours.,2024-08
2024-08-28,Planting Window Open,POSITIVE,"Millet, Sorghum, Cowpea",Good planting conditions. Soil warm and moisture adequate. Plant within 48 hours.,2024-08
2024-08-29,Rain Likely,INFO,All crops,Signs of approaching rain. Hold off irrigation and spraying today.,2024-08
2024-08-29,Planting Window Open,POSITIVE,"Millet, Sorghum, Cowpea",Good planting conditions. Soil warm and moisture adequate. Plant within 48 hours.,2024-08
2024-08-30,Planting Window Open,POSITIVE,"Millet, Sorghum, Cowpea",Good planting conditions. Soil warm and moisture adequate. Plant within 48 hours.,2024-08
2024-08-31,Planting Window Open,POSITIVE,"Millet, Sorghum, Cowpea",Good planting conditions. Soil warm and moisture adequate. Plant within 48 hours.,2024-08
2024-09-01,Planting Window Open,POSITIVE,"Millet, Sorghum, Cowpea",Good planting conditions. Soil warm and moisture adequate. Plant within 48 hours.,2024-09
2024-09-02,Planting Window Open,POSITIVE,"Millet, Sorghum, Cowpea",Good planting conditions. Soil warm and moisture adequate. Plant within 48 hours.,2024-09
2024-09-03,Fungal Risk Spike,MEDIUM,"Tomato, Pepper, Onion",Heavy moist air detected. Check leaves for spots. Apply fungicide if needed.,2024-09
2024-09-03,Rain Likely,INFO,All crops,Signs of approaching rain. Hold off irrigation and spraying today.,2024-09
2024-09-04,Planting Window Open,POSITIVE,"Millet, Sorghum, Cowpea",Good planting conditions. Soil warm and moisture adequate. Plant within 48 hours.,2024-09
2024-09-05,Planting Window Open,POSITIVE,"Millet, Sorghum, Cowpea",Good planting conditions. Soil warm and moisture adequate. Plant within 48 hours.,2024-09
2024-09-06,Fungal Risk Spike,MEDIUM,"Tomato, Pepper, Onion",Heavy moist air detected. Check leaves for spots. Apply fungicide if needed.,2024-09
2024-09-07,Planting Window Open,POSITIVE,"Millet, Sorghum, Cowpea",Good planting conditions. Soil warm and moisture adequate. Plant within 48 hours.,2024-09
2024-09-08,Planting Window Open,POSITIVE,"Millet, Sorghum, Cowpea",Good planting conditions. Soil warm and moisture adequate. Plant within 48 hours.,2024-09
2024-09-09,Planting Window Open,POSITIVE,"Millet, Sorghum, Cowpea",Good planting conditions. Soil warm and moisture adequate. Plant within 48 hours.,2024-09
2024-09-10,Planting Window Open,POSITIVE,"Millet, Sorghum, Cowpea",Good planting conditions. Soil warm and moisture adequate. Plant within 48 hours.,2024-09
2024-09-11,Planting Window Open,POSITIVE,"Millet, Sorghum, Cowpea",Good planting conditions. Soil warm and moisture adequate. Plant within 48 hours.,2024-09
2024-09-12,Planting Window Open,POSITIVE,"Millet, Sorghum, Cowpea",Good planting conditions. Soil warm and moisture adequate. Plant within 48 hours.,2024-09
2024-09-13,Planting Window Open,POSITIVE,"Millet, Sorghum, Cowpea",Good planting conditions. Soil warm and moisture adequate. Plant within 48 hours.,2024-09
2024-09-14,Planting Window Open,POSITIVE,"Millet, Sorghum, Cowpea",Good planting conditions. Soil warm and moisture adequate. Plant within 48 hours.,2024-09
2024-09-15,Planting Window Open,POSITIVE,"Millet, Sorghum, Cowpea",Good planting conditions. Soil warm and moisture adequate. Plant within 48 hours.,2024-09
2024-09-16,Planting Window Open,POSITIVE,"Millet, Sorghum, Cowpea",Good planting conditions. Soil warm and moisture adequate. Plant within 48 hours.,2024-09
2024-09-17,Planting Window Open,POSITIVE,"Millet, Sorghum, Cowpea",Good planting conditions. Soil warm and moisture adequate. Plant within 48 hours.,2024-09
2024-09-18,Planting Window Open,POSITIVE,"Millet, Sorghum, Cowpea",Good planting conditions. Soil warm and moisture adequate. Plant within 48 hours.,2024-09
2024-09-19,Planting Window Open,POSITIVE,"Millet, Sorghum, Cowpea",Good planting conditions. Soil warm and moisture adequate. Plant within 48 hours.,2024-09
2024-09-20,Planting Window Open,POSITIVE,"Millet, Sorghum, Cowpea",Good planting conditions. Soil warm and moisture adequate. Plant within 48 hours.,2024-09
2024-10-06,Planting Window Open,POSITIVE,"Millet, Sorghum, Cowpea",Good planting conditions. Soil warm and moisture adequate. Plant within 48 hours.,2024-10
2024-10-07,Planting Window Open,POSITIVE,"Millet, Sorghum, Cowpea",Good planting conditions. Soil warm and moisture adequate. Plant within 48 hours.,2024-10
2024-10-08,Planting Window Open,POSITIVE,"Millet, Sorghum, Cowpea",Good planting conditions. Soil warm and moisture adequate. Plant within 48 hours.,2024-10
2024-10-09,Planting Window Open,POSITIVE,"Millet, Sorghum, Cowpea",Good planting conditions. Soil warm and moisture adequate. Plant within 48 hours.,2024-10
2024-10-10,Planting Window Open,POSITIVE,"Millet, Sorghum, Cowpea",Good planting conditions. Soil warm and moisture adequate. Plant within 48 hours.,2024-10
2024-10-11,Planting Window Open,POSITIVE,"Millet, Sorghum, Cowpea",Good planting conditions. Soil warm and moisture adequate. Plant within 48 hours.,2024-10
2024-10-12,Planting Window Open,POSITIVE,"Millet, Sorghum, Cowpea",Good planting conditions. Soil warm and moisture adequate. Plant within 48 hours.,2024-10
2024-10-13,Planting Window Open,POSITIVE,"Millet, Sorghum, Cowpea",Good planting conditions. Soil warm and moisture adequate. Plant within 48 hours.,2024-10
2024-10-14,Planting Window Open,POSITIVE,"Millet, Sorghum, Cowpea",Good planting conditions. Soil warm and moisture adequate. Plant within 48 hours.,2024-10
2024-10-22,Irrigation Required,INFO,All irrigated crops,High water demand today. Irrigate before 7am or after 6pm to reduce evaporation.,2024-10
2024-10-23,Dry Heat — Pest Risk,MEDIUM,"Cowpea, Sorghum",Dry heat favours aphids and thrips. Inspect crops. Consider neem spray.,2024-10
2024-10-23,Irrigation Required,INFO,All irrigated crops,High water demand today. Irrigate before 7am or after 6pm to reduce evaporation.,2024-10
2024-10-24,Dry Heat — Pest Risk,MEDIUM,"Cowpea, Sorghum",Dry heat favours aphids and thrips. Inspect crops. Consider neem spray.,2024-10
2024-10-24,Irrigation Required,INFO,All irrigated crops,High water demand today. Irrigate before 7am or after 6pm to reduce evaporation.,2024-10
2024-10-25,Dry Heat — Pest Risk,MEDIUM,"Cowpea, Sorghum",Dry heat favours aphids and thrips. Inspect crops. Consider neem spray.,2024-10
2024-10-25,Irrigation Required,INFO,All irrigated crops,High water demand today. Irrigate before 7am or after 6pm to reduce evaporation.,2024-10
2024-10-26,Dry Heat — Pest Risk,MEDIUM,"Cowpea, Sorghum",Dry heat favours aphids and thrips. Inspect crops. Consider neem spray.,2024-10
2024-10-26,Irrigation Required,INFO,All irrigated crops,High water demand today. Irrigate before 7am or after 6pm to reduce evaporation.,2024-10
2024-10-27,Dry Heat — Pest Risk,MEDIUM,"Cowpea, Sorghum",Dry heat favours aphids and thrips. Inspect crops. Consider neem spray.,2024-10
2024-10-27,Irrigation Required,INFO,All irrigated crops,High water demand today. Irrigate before 7am or after 6pm to reduce evaporation.,2024-10
2024-10-28,Dry Heat — Pest Risk,MEDIUM,"Cowpea, Sorghum",Dry heat favours aphids and thrips. Inspect crops. Consider neem spray.,2024-10
2024-10-28,Irrigation Required,INFO,All irrigated crops,High water demand today. Irrigate before 7am or after 6pm to reduce evaporation.,2024-10
2024-10-29,Dry Heat — Pest Risk,MEDIUM,"Cowpea, Sorghum",Dry heat favours aphids and thrips. Inspect crops. Consider neem spray.,2024-10
2024-10-29,Irrigation Required,INFO,All irrigated crops,High water demand today. Irrigate before 7am or after 6pm to reduce evaporation.,2024-10
2024-10-30,Dry Heat — Pest Risk,MEDIUM,"Cowpea, Sorghum",Dry heat favours aphids and thrips. Inspect crops. Consider neem spray.,2024-10
2024-10-30,Irrigation Required,INFO,All irrigated crops,High water demand today. Irrigate before 7am or after 6pm to reduce evaporation.,2024-10
2024-10-31,Dry Heat — Pest Risk,MEDIUM,"Cowpea, Sorghum",Dry heat favours aphids and thrips. Inspect crops. Consider neem spray.,2024-10
2024-10-31,Irrigation Required,INFO,All irrigated crops,High water demand today. Irrigate before 7am or after 6pm to reduce evaporation.,2024-10
2024-11-01,Dry Heat — Pest Risk,MEDIUM,"Cowpea, Sorghum",Dry heat favours aphids and thrips. Inspect crops. Consider neem spray.,2024-11
2024-11-01,Irrigation Required,INFO,All irrigated crops,High water demand today. Irrigate before 7am or after 6pm to reduce evaporation.,2024-11
2024-11-02,Dry Heat — Pest Risk,MEDIUM,"Cowpea, Sorghum",Dry heat favours aphids and thrips. Inspect crops. Consider neem spray.,2024-11
2024-11-02,Irrigation Required,INFO,All irrigated crops,High water demand today. Irrigate before 7am or after 6pm to reduce evaporation.,2024-11
2024-11-03,Dry Heat — Pest Risk,MEDIUM,"Cowpea, Sorghum",Dry heat favours aphids and thrips. Inspect crops. Consider neem spray.,2024-11
2024-11-03,Irrigation Required,INFO,All irrigated crops,High water demand today. Irrigate before 7am or after 6pm to reduce evaporation.,2024-11
2024-11-04,Dry Heat — Pest Risk,MEDIUM,"Cowpea, Sorghum",Dry heat favours aphids and thrips. Inspect crops. Consider neem spray.,2024-11
2024-11-04,Irrigation Required,INFO,All irrigated crops,High water demand today. Irrigate before 7am or after 6pm to reduce evaporation.,2024-11
2024-11-05,Dry Heat — Pest Risk,MEDIUM,"Cowpea, Sorghum",Dry heat favours aphids and thrips. Inspect crops. Consider neem spray.,2024-11
2024-11-05,Irrigation Required,INFO,All irrigated crops,High water demand today. Irrigate before 7am or after 6pm to reduce evaporation.,2024-11
2024-11-06,Dry Heat — Pest Risk,MEDIUM,"Cowpea, Sorghum",Dry heat favours aphids and thrips. Inspect crops. Consider neem spray.,2024-11
2024-11-06,Irrigation Required,INFO,All irrigated crops,High water demand today. Irrigate before 7am or after 6pm to reduce evaporation.,2024-11
2024-11-07,Dry Heat — Pest Risk,MEDIUM,"Cowpea, Sorghum",Dry heat favours aphids and thrips. Inspect crops. Consider neem spray.,2024-11
2024-11-07,Irrigation Required,INFO,All irrigated crops,High water demand today. Irrigate before 7am or after 6pm to reduce evaporation.,2024-11
2024-11-08,Dry Heat — Pest Risk,MEDIUM,"Cowpea, Sorghum",Dry heat favours aphids and thrips. Inspect crops. Consider neem spray.,2024-11
2024-11-08,Irrigation Required,INFO,All irrigated crops,High water demand today. Irrigate before 7am or after 6pm to reduce evaporation.,2024-11
2024-11-09,Dry Heat — Pest Risk,MEDIUM,"Cowpea, Sorghum",Dry heat favours aphids and thrips. Inspect crops. Consider neem spray.,2024-11
2024-11-09,Irrigation Required,INFO,All irrigated crops,High water demand today. Irrigate before 7am or after 6pm to reduce evaporation.,2024-11
2024-11-10,Dry Heat — Pest Risk,MEDIUM,"Cowpea, Sorghum",Dry heat favours aphids and thrips. Inspect crops. Consider neem spray.,2024-11
2024-11-11,Dry Heat — Pest Risk,MEDIUM,"Cowpea, Sorghum",Dry heat favours aphids and thrips. Inspect crops. Consider neem spray.,2024-11
2024-11-11,Irrigation Required,INFO,All irrigated crops,High water demand today. Irrigate before 7am or after 6pm to reduce evaporation.,2024-11
2024-11-12,Dry Heat — Pest Risk,MEDIUM,"Cowpea, Sorghum",Dry heat favours aphids and thrips. Inspect crops. Consider neem spray.,2024-11
2024-11-12,Irrigation Required,INFO,All irrigated crops,High water demand today. Irrigate before 7am or after 6pm to reduce evaporation.,2024-11
2024-11-13,Dry Heat — Pest Risk,MEDIUM,"Cowpea, Sorghum",Dry heat favours aphids and thrips. Inspect crops. Consider neem spray.,2024-11
2024-11-13,Irrigation Required,INFO,All irrigated crops,High water demand today. Irrigate before 7am or after 6pm to reduce evaporation.,2024-11
2024-11-14,Dry Heat — Pest Risk,MEDIUM,"Cowpea, Sorghum",Dry heat favours aphids and thrips. Inspect crops. Consider neem spray.,2024-11
2024-11-14,Irrigation Required,INFO,All irrigated crops,High water demand today. Irrigate before 7am or after 6pm to reduce evaporation.,2024-11
2024-11-14,High Crop Stress,HIGH,All crops,"Crop stress is high today. Heat, dryness and wind are combined. Shade or irrigate.",2024-11
2024-11-15,Dry Heat — Pest Risk,MEDIUM,"Cowpea, Sorghum",Dry heat favours aphids and thrips. Inspect crops. Consider neem spray.,2024-11
2024-11-15,Irrigation Required,INFO,All irrigated crops,High water demand today. Irrigate before 7am or after 6pm to reduce evaporation.,2024-11
2024-11-16,Dry Heat — Pest Risk,MEDIUM,"Cowpea, Sorghum",Dry heat favours aphids and thrips. Inspect crops. Consider neem spray.,2024-11
2024-11-16,Irrigation Required,INFO,All irrigated crops,High water demand today. Irrigate before 7am or after 6pm to reduce evaporation.,2024-11
2024-11-17,Dry Heat — Pest Risk,MEDIUM,"Cowpea, Sorghum",Dry heat favours aphids and thrips. Inspect crops. Consider neem spray.,2024-11
2024-11-17,Irrigation Required,INFO,All irrigated crops,High water demand today. Irrigate before 7am or after 6pm to reduce evaporation.,2024-11
2024-11-18,Dry Heat — Pest Risk,MEDIUM,"Cowpea, Sorghum",Dry heat favours aphids and thrips. Inspect crops. Consider neem spray.,2024-11
2024-11-18,Irrigation Required,INFO,All irrigated crops,High water demand today. Irrigate before 7am or after 6pm to reduce evaporation.,2024-11
2024-11-19,Dry Heat — Pest Risk,MEDIUM,"Cowpea, Sorghum",Dry heat favours aphids and thrips. Inspect crops. Consider neem spray.,2024-11
2024-11-19,Irrigation Required,INFO,All irrigated crops,High water demand today. Irrigate before 7am or after 6pm to reduce evaporation.,2024-11
2024-11-20,Dry Heat — Pest Risk,MEDIUM,"Cowpea, Sorghum",Dry heat favours aphids and thrips. Inspect crops. Consider neem spray.,2024-11
2024-11-20,Irrigation Required,INFO,All irrigated crops,High water demand today. Irrigate before 7am or after 6pm to reduce evaporation.,2024-11
2024-11-21,Irrigation Required,INFO,All irrigated crops,High water demand today. Irrigate before 7am or after 6pm to reduce evaporation.,2024-11
2024-11-22,Dry Heat — Pest Risk,MEDIUM,"Cowpea, Sorghum",Dry heat favours aphids and thrips. Inspect crops. Consider neem spray.,2024-11
2024-11-22,Irrigation Required,INFO,All irrigated crops,High water demand today. Irrigate before 7am or after 6pm to reduce evaporation.,2024-11
2024-11-23,Dry Heat — Pest Risk,MEDIUM,"Cowpea, Sorghum",Dry heat favours aphids and thrips. Inspect crops. Consider neem spray.,2024-11
2024-11-23,Irrigation Required,INFO,All irrigated crops,High water demand today. Irrigate before 7am or after 6pm to reduce evaporation.,2024-11
2024-11-24,Dry Heat — Pest Risk,MEDIUM,"Cowpea, Sorghum",Dry heat favours aphids and thrips. Inspect crops. Consider neem spray.,2024-11
2024-11-24,Irrigation Required,INFO,All irrigated crops,High water demand today. Irrigate before 7am or after 6pm to reduce evaporation.,2024-11
2024-11-25,Dry Heat — Pest Risk,MEDIUM,"Cowpea, Sorghum",Dry heat favours aphids and thrips. Inspect crops. Consider neem spray.,2024-11
2024-11-25,Irrigation Required,INFO,All irrigated crops,High water demand today. Irrigate before 7am or after 6pm to reduce evaporation.,2024-11
2024-11-26,Irrigation Required,INFO,All irrigated crops,High water demand today. Irrigate before 7am or after 6pm to reduce evaporation.,2024-11
2024-11-27,Irrigation Required,INFO,All irrigated crops,High water demand today. Irrigate before 7am or after 6pm to reduce evaporation.,2024-11
2024-11-28,Irrigation Required,INFO,All irrigated crops,High water demand today. Irrigate before 7am or after 6pm to reduce evaporation.,2024-11
2024-11-30,Irrigation Required,INFO,All irrigated crops,High water demand today. Irrigate before 7am or after 6pm to reduce evaporation.,2024-11
2024-12-01,Irrigation Required,INFO,All irrigated crops,High water demand today. Irrigate before 7am or after 6pm to reduce evaporation.,2024-12
2024-12-02,Irrigation Required,INFO,All irrigated crops,High water demand today. Irrigate before 7am or after 6pm to reduce evaporation.,2024-12
2024-12-05,Dry Heat — Pest Risk,MEDIUM,"Cowpea, Sorghum",Dry heat favours aphids and thrips. Inspect crops. Consider neem spray.,2024-12
2024-12-06,Irrigation Required,INFO,All irrigated crops,High water demand today. Irrigate before 7am or after 6pm to reduce evaporation.,2024-12
2024-12-07,Irrigation Required,INFO,All irrigated crops,High water demand today. Irrigate before 7am or after 6pm to reduce evaporation.,2024-12
2024-12-08,Irrigation Required,INFO,All irrigated crops,High water demand today. Irrigate before 7am or after 6pm to reduce evaporation.,2024-12
2024-12-09,Irrigation Required,INFO,All irrigated crops,High water demand today. Irrigate before 7am or after 6pm to reduce evaporation.,2024-12
2024-12-10,Dry Heat — Pest Risk,MEDIUM,"Cowpea, Sorghum",Dry heat favours aphids and thrips. Inspect crops. Consider neem spray.,2024-12
2024-12-10,Irrigation Required,INFO,All irrigated crops,High water demand today. Irrigate before 7am or after 6pm to reduce evaporation.,2024-12
2024-12-11,Dry Heat — Pest Risk,MEDIUM,"Cowpea, Sorghum",Dry heat favours aphids and thrips. Inspect crops. Consider neem spray.,2024-12
2024-12-11,Irrigation Required,INFO,All irrigated crops,High water demand today. Irrigate before 7am or after 6pm to reduce evaporation.,2024-12
2024-12-12,Dry Heat — Pest Risk,MEDIUM,"Cowpea, Sorghum",Dry heat favours aphids and thrips. Inspect crops. Consider neem spray.,2024-12
2024-12-12,Irrigation Required,INFO,All irrigated crops,High water demand today. Irrigate before 7am or after 6pm to reduce evaporation.,2024-12
2024-12-13,Dry Heat — Pest Risk,MEDIUM,"Cowpea, Sorghum",Dry heat favours aphids and thrips. Inspect crops. Consider neem spray.,2024-12
2024-12-13,Irrigation Required,INFO,All irrigated crops,High water demand today. Irrigate before 7am or after 6pm to reduce evaporation.,2024-12
2024-12-14,Irrigation Required,INFO,All irrigated crops,High water demand today. Irrigate before 7am or after 6pm to reduce evaporation.,2024-12
2024-12-15,Irrigation Required,INFO,All irrigated crops,High water demand today. Irrigate before 7am or after 6pm to reduce evaporation.,2024-12
2024-12-16,Irrigation Required,INFO,All irrigated crops,High water demand today. Irrigate before 7am or after 6pm to reduce evaporation.,2024-12
2024-12-17,Irrigation Required,INFO,All irrigated crops,High water demand today. Irrigate before 7am or after 6pm to reduce evaporation.,2024-12
2024-12-18,Irrigation Required,INFO,All irrigated crops,High water demand today. Irrigate before 7am or after 6pm to reduce evaporation.,2024-12
2024-12-21,Irrigation Required,INFO,All irrigated crops,High water demand today. Irrigate before 7am or after 6pm to reduce evaporation.,2024-12
2024-12-22,Irrigation Required,INFO,All irrigated crops,High water demand today. Irrigate before 7am or after 6pm to reduce evaporation.,2024-12
2024-12-23,Irrigation Required,INFO,All irrigated crops,High water demand today. Irrigate before 7am or after 6pm to reduce evaporation.,2024-12
2024-12-24,Irrigation Required,INFO,All irrigated crops,High water demand today. Irrigate before 7am or after 6pm to reduce evaporation.,2024-12
2024-12-25,Irrigation Required,INFO,All irrigated crops,High water demand today. Irrigate before 7am or after 6pm to reduce evaporation.,2024-12
2024-12-26,Irrigation Required,INFO,All irrigated crops,High water demand today. Irrigate before 7am or after 6pm to reduce evaporation.,2024-12
2024-12-27,Irrigation Required,INFO,All irrigated crops,High water demand today. Irrigate before 7am or after 6pm to reduce evaporation.,2024-12
2024-12-28,Irrigation Required,INFO,All irrigated crops,High water demand today. Irrigate before 7am or after 6pm to reduce evaporation.,2024-12
2024-12-29,Irrigation Required,INFO,All irrigated crops,High water demand today. Irrigate before 7am or after 6pm to reduce evaporation.,2024-12
2024-12-30,Dry Heat — Pest Risk,MEDIUM,"Cowpea, Sorghum",Dry heat favours aphids and thrips. Inspect crops. Consider neem spray.,2024-12
2024-12-30,Irrigation Required,INFO,All irrigated crops,High water demand today. Irrigate before 7am or after 6pm to reduce evaporation.,2024-12
2024-12-31,Dry Heat — Pest Risk,MEDIUM,"Cowpea, Sorghum",Dry heat favours aphids and thrips. Inspect crops. Consider neem spray.,2024-12
2024-12-31,Irrigation Required,INFO,All irrigated crops,High water demand today. Irrigate before 7am or after 6pm to reduce evaporation.,2024-12
2025-01-01,Dry Heat — Pest Risk,MEDIUM,"Cowpea, Sorghum",Dry heat favours aphids and thrips. Inspect crops. Consider neem spray.,2025-01
2025-01-01,Irrigation Required,INFO,All irrigated crops,High water demand today. Irrigate before 7am or after 6pm to reduce evaporation.,2025-01
2025-01-02,Dry Heat — Pest Risk,MEDIUM,"Cowpea, Sorghum",Dry heat favours aphids and thrips. Inspect crops. Consider neem spray.,2025-01
2025-01-02,Irrigation Required,INFO,All irrigated crops,High water demand today. Irrigate before 7am or after 6pm to reduce evaporation.,2025-01
2025-01-03,Dry Heat — Pest Risk,MEDIUM,"Cowpea, Sorghum",Dry heat favours aphids and thrips. Inspect crops. Consider neem spray.,2025-01
2025-01-03,Irrigation Required,INFO,All irrigated crops,High water demand today. Irrigate before 7am or after 6pm to reduce evaporation.,2025-01
2025-01-04,Dry Heat — Pest Risk,MEDIUM,"Cowpea, Sorghum",Dry heat favours aphids and thrips. Inspect crops. Consider neem spray.,2025-01
2025-01-04,Irrigation Required,INFO,All irrigated crops,High water demand today. Irrigate before 7am or after 6pm to reduce evaporation.,2025-01
2025-01-05,Irrigation Required,INFO,All irrigated crops,High water demand today. Irrigate before 7am or after 6pm to reduce evaporation.,2025-01
2025-01-06,Irrigation Required,INFO,All irrigated crops,High water demand today. Irrigate before 7am or after 6pm to reduce evaporation.,2025-01
2025-01-07,Irrigation Required,INFO,All irrigated crops,High water demand today. Irrigate before 7am or after 6pm to reduce evaporation.,2025-01
2025-01-08,Irrigation Required,INFO,All irrigated crops,High water demand today. Irrigate before 7am or after 6pm to reduce evaporation.,2025-01
2025-01-09,Irrigation Required,INFO,All irrigated crops,High water demand today. Irrigate before 7am or after 6pm to reduce evaporation.,2025-01
2025-01-10,Irrigation Required,INFO,All irrigated crops,High water demand today. Irrigate before 7am or after 6pm to reduce evaporation.,2025-01
2025-01-11,Irrigation Required,INFO,All irrigated crops,High water demand today. Irrigate before 7am or after 6pm to reduce evaporation.,2025-01
2025-01-12,Irrigation Required,INFO,All irrigated crops,High water demand today. Irrigate before 7am or after 6pm to reduce evaporation.,2025-01
2025-01-13,Irrigation Required,INFO,All irrigated crops,High water demand today. Irrigate before 7am or after 6pm to reduce evaporation.,2025-01
2025-01-14,Irrigation Required,INFO,All irrigated crops,High water demand today. Irrigate before 7am or after 6pm to reduce evaporation.,2025-01
2025-01-15,Dry Heat — Pest Risk,MEDIUM,"Cowpea, Sorghum",Dry heat favours aphids and thrips. Inspect crops. Consider neem spray.,2025-01
2025-01-15,Irrigation Required,INFO,All irrigated crops,High water demand today. Irrigate before 7am or after 6pm to reduce evaporation.,2025-01
2025-01-16,Dry Heat — Pest Risk,MEDIUM,"Cowpea, Sorghum",Dry heat favours aphids and thrips. Inspect crops. Consider neem spray.,2025-01
2025-01-16,Irrigation Required,INFO,All irrigated crops,High water demand today. Irrigate before 7am or after 6pm to reduce evaporation.,2025-01
2025-01-17,Dry Heat — Pest Risk,MEDIUM,"Cowpea, Sorghum",Dry heat favours aphids and thrips. Inspect crops. Consider neem spray.,2025-01
2025-01-17,Irrigation Required,INFO,All irrigated crops,High water demand today. Irrigate before 7am or after 6pm to reduce evaporation.,2025-01
2025-01-18,Dry Heat — Pest Risk,MEDIUM,"Cowpea, Sorghum",Dry heat favours aphids and thrips. Inspect crops. Consider neem spray.,2025-01
2025-01-18,Irrigation Required,INFO,All irrigated crops,High water demand today. Irrigate before 7am or after 6pm to reduce evaporation.,2025-01
2025-01-19,Dry Heat — Pest Risk,MEDIUM,"Cowpea, Sorghum",Dry heat favours aphids and thrips. Inspect crops. Consider neem spray.,2025-01
2025-01-19,Irrigation Required,INFO,All irrigated crops,High water demand today. Irrigate before 7am or after 6pm to reduce evaporation.,2025-01
2025-01-20,Dry Heat — Pest Risk,MEDIUM,"Cowpea, Sorghum",Dry heat favours aphids and thrips. Inspect crops. Consider neem spray.,2025-01
2025-01-20,Irrigation Required,INFO,All irrigated crops,High water demand today. Irrigate before 7am or after 6pm to reduce evaporation.,2025-01
2025-01-21,Dry Heat — Pest Risk,MEDIUM,"Cowpea, Sorghum",Dry heat favours aphids and thrips. Inspect crops. Consider neem spray.,2025-01
2025-01-21,Irrigation Required,INFO,All irrigated crops,High water demand today. Irrigate before 7am or after 6pm to reduce evaporation.,2025-01
2025-01-22,Dry Heat — Pest Risk,MEDIUM,"Cowpea, Sorghum",Dry heat favours aphids and thrips. Inspect crops. Consider neem spray.,2025-01
2025-01-22,Irrigation Required,INFO,All irrigated crops,High water demand today. Irrigate before 7am or after 6pm to reduce evaporation.,2025-01
2025-01-23,Dry Heat — Pest Risk,MEDIUM,"Cowpea, Sorghum",Dry heat favours aphids and thrips. Inspect crops. Consider neem spray.,2025-01
2025-01-23,Irrigation Required,INFO,All irrigated crops,High water demand today. Irrigate before 7am or after 6pm to reduce evaporation.,2025-01
2025-01-24,Dry Heat — Pest Risk,MEDIUM,"Cowpea, Sorghum",Dry heat favours aphids and thrips. Inspect crops. Consider neem spray.,2025-01
2025-01-24,Irrigation Required,INFO,All irrigated crops,High water demand today. Irrigate before 7am or after 6pm to reduce evaporation.,2025-01
2025-01-25,Dry Heat — Pest Risk,MEDIUM,"Cowpea, Sorghum",Dry heat favours aphids and thrips. Inspect crops. Consider neem spray.,2025-01
2025-01-25,Irrigation Required,INFO,All irrigated crops,High water demand today. Irrigate before 7am or after 6pm to reduce evaporation.,2025-01
2025-01-26,Dry Heat — Pest Risk,MEDIUM,"Cowpea, Sorghum",Dry heat favours aphids and thrips. Inspect crops. Consider neem spray.,2025-01
2025-01-26,Irrigation Required,INFO,All irrigated crops,High water demand today. Irrigate before 7am or after 6pm to reduce evaporation.,2025-01
2025-01-27,Dry Heat — Pest Risk,MEDIUM,"Cowpea, Sorghum",Dry heat favours aphids and thrips. Inspect crops. Consider neem spray.,2025-01
2025-01-27,Irrigation Required,INFO,All irrigated crops,High water demand today. Irrigate before 7am or after 6pm to reduce evaporation.,2025-01
2025-01-28,Irrigation Required,INFO,All irrigated crops,High water demand today. Irrigate before 7am or after 6pm to reduce evaporation.,2025-01
2025-01-29,Dry Heat — Pest Risk,MEDIUM,"Cowpea, Sorghum",Dry heat favours aphids and thrips. Inspect crops. Consider neem spray.,2025-01
2025-01-29,Irrigation Required,INFO,All irrigated crops,High water demand today. Irrigate before 7am or after 6pm to reduce evaporation.,2025-01
2025-01-30,Irrigation Required,INFO,All irrigated crops,High water demand today. Irrigate before 7am or after 6pm to reduce evaporation.,2025-01
2025-01-31,Dry Heat — Pest Risk,MEDIUM,"Cowpea, Sorghum",Dry heat favours aphids and thrips. Inspect crops. Consider neem spray.,2025-01
2025-01-31,Irrigation Required,INFO,All irrigated crops,High water demand today. Irrigate before 7am or after 6pm to reduce evaporation.,2025-01
2025-02-01,Dry Heat — Pest Risk,MEDIUM,"Cowpea, Sorghum",Dry heat favours aphids and thrips. Inspect crops. Consider neem spray.,2025-02
2025-02-01,Irrigation Required,INFO,All irrigated crops,High water demand today. Irrigate before 7am or after 6pm to reduce evaporation.,2025-02
2025-02-02,Dry Heat — Pest Risk,MEDIUM,"Cowpea, Sorghum",Dry heat favours aphids and thrips. Inspect crops. Consider neem spray.,2025-02
2025-02-02,Irrigation Required,INFO,All irrigated crops,High water demand today. Irrigate before 7am or after 6pm to reduce evaporation.,2025-02
2025-02-03,Dry Heat — Pest Risk,MEDIUM,"Cowpea, Sorghum",Dry heat favours aphids and thrips. Inspect crops. Consider neem spray.,2025-02
2025-02-03,Irrigation Required,INFO,All irrigated crops,High water demand today. Irrigate before 7am or after 6pm to reduce evaporation.,2025-02
2025-02-04,Dry Heat — Pest Risk,MEDIUM,"Cowpea, Sorghum",Dry heat favours aphids and thrips. Inspect crops. Consider neem spray.,2025-02
2025-02-04,Irrigation Required,INFO,All irrigated crops,High water demand today. Irrigate before 7am or after 6pm to reduce evaporation.,2025-02
2025-02-05,Dry Heat — Pest Risk,MEDIUM,"Cowpea, Sorghum",Dry heat favours aphids and thrips. Inspect crops. Consider neem spray.,2025-02
2025-02-05,Irrigation Required,INFO,All irrigated crops,High water demand today. Irrigate before 7am or after 6pm to reduce evaporation.,2025-02
2025-02-06,Dry Heat — Pest Risk,MEDIUM,"Cowpea, Sorghum",Dry heat favours aphids and thrips. Inspect crops. Consider neem spray.,2025-02
2025-02-06,Irrigation Required,INFO,All irrigated crops,High water demand today. Irrigate before 7am or after 6pm to reduce evaporation.,2025-02
2025-02-07,Dry Heat — Pest Risk,MEDIUM,"Cowpea, Sorghum",Dry heat favours aphids and thrips. Inspect crops. Consider neem spray.,2025-02
2025-02-07,Irrigation Required,INFO,All irrigated crops,High water demand today. Irrigate before 7am or after 6pm to reduce evaporation.,2025-02
2025-02-08,Dry Heat — Pest Risk,MEDIUM,"Cowpea, Sorghum",Dry heat favours aphids and thrips. Inspect crops. Consider neem spray.,2025-02
2025-02-08,Irrigation Required,INFO,All irrigated crops,High water demand today. Irrigate before 7am or after 6pm to reduce evaporation.,2025-02
2025-02-09,Dry Heat — Pest Risk,MEDIUM,"Cowpea, Sorghum",Dry heat favours aphids and thrips. Inspect crops. Consider neem spray.,2025-02
2025-02-09,Irrigation Required,INFO,All irrigated crops,High water demand today. Irrigate before 7am or after 6pm to reduce evaporation.,2025-02
2025-02-10,Dry Heat — Pest Risk,MEDIUM,"Cowpea, Sorghum",Dry heat favours aphids and thrips. Inspect crops. Consider neem spray.,2025-02
2025-02-10,Irrigation Required,INFO,All irrigated crops,High water demand today. Irrigate before 7am or after 6pm to reduce evaporation.,2025-02
2025-02-10,High Crop Stress,HIGH,All crops,"Crop stress is high today. Heat, dryness and wind are combined. Shade or irrigate.",2025-02
2025-02-11,Dry Heat — Pest Risk,MEDIUM,"Cowpea, Sorghum",Dry heat favours aphids and thrips. Inspect crops. Consider neem spray.,2025-02
2025-02-11,Irrigation Required,INFO,All irrigated crops,High water demand today. Irrigate before 7am or after 6pm to reduce evaporation.,2025-02
2025-02-12,Irrigation Required,INFO,All irrigated crops,High water demand today. Irrigate before 7am or after 6pm to reduce evaporation.,2025-02
2025-02-13,Irrigation Required,INFO,All irrigated crops,High water demand today. Irrigate before 7am or after 6pm to reduce evaporation.,2025-02
2025-02-14,Irrigation Required,INFO,All irrigated crops,High water demand today. Irrigate before 7am or after 6pm to reduce evaporation.,2025-02
2025-02-15,Dry Heat — Pest Risk,MEDIUM,"Cowpea, Sorghum",Dry heat favours aphids and thrips. Inspect crops. Consider neem spray.,2025-02
2025-02-15,Irrigation Required,INFO,All irrigated crops,High water demand today. Irrigate before 7am or after 6pm to reduce evaporation.,2025-02
2025-02-16,Dry Heat — Pest Risk,MEDIUM,"Cowpea, Sorghum",Dry heat favours aphids and thrips. Inspect crops. Consider neem spray.,2025-02
2025-02-16,Irrigation Required,INFO,All irrigated crops,High water demand today. Irrigate before 7am or after 6pm to reduce evaporation.,2025-02
2025-02-17,Dry Heat — Pest Risk,MEDIUM,"Cowpea, Sorghum",Dry heat favours aphids and thrips. Inspect crops. Consider neem spray.,2025-02
2025-02-17,Irrigation Required,INFO,All irrigated crops,High water demand today. Irrigate before 7am or after 6pm to reduce evaporation.,2025-02
2025-02-17,High Crop Stress,HIGH,All crops,"Crop stress is high today. Heat, dryness and wind are combined. Shade or irrigate.",2025-02
2025-02-18,Dry Heat — Pest Risk,MEDIUM,"Cowpea, Sorghum",Dry heat favours aphids and thrips. Inspect crops. Consider neem spray.,2025-02
2025-02-18,Irrigation Required,INFO,All irrigated crops,High water demand today. Irrigate before 7am or after 6pm to reduce evaporation.,2025-02
2025-02-18,High Crop Stress,HIGH,All crops,"Crop stress is high today. Heat, dryness and wind are combined. Shade or irrigate.",2025-02
2025-02-19,Dry Heat — Pest Risk,MEDIUM,"Cowpea, Sorghum",Dry heat favours aphids and thrips. Inspect crops. Consider neem spray.,2025-02
2025-02-19,Irrigation Required,INFO,All irrigated crops,High water demand today. Irrigate before 7am or after 6pm to reduce evaporation.,2025-02
2025-02-19,High Crop Stress,HIGH,All crops,"Crop stress is high today. Heat, dryness and wind are combined. Shade or irrigate.",2025-02
2025-02-20,Dry Heat — Pest Risk,MEDIUM,"Cowpea, Sorghum",Dry heat favours aphids and thrips. Inspect crops. Consider neem spray.,2025-02
2025-02-20,Irrigation Required,INFO,All irrigated crops,High water demand today. Irrigate before 7am or after 6pm to reduce evaporation.,2025-02
2025-02-20,High Crop Stress,HIGH,All crops,"Crop stress is high today. Heat, dryness and wind are combined. Shade or irrigate.",2025-02
2025-02-21,Heat Stress,HIGH,"Cowpea, Groundnut, Maize",Extreme heat may cause flower drop and yield loss. Irrigate in the evening.,2025-02
2025-02-21,Dry Heat — Pest Risk,MEDIUM,"Cowpea, Sorghum",Dry heat favours aphids and thrips. Inspect crops. Consider neem spray.,2025-02
2025-02-21,Irrigation Required,INFO,All irrigated crops,High water demand today. Irrigate before 7am or after 6pm to reduce evaporation.,2025-02
2025-02-21,High Crop Stress,HIGH,All crops,"Crop stress is high today. Heat, dryness and wind are combined. Shade or irrigate.",2025-02
2025-02-22,Dry Heat — Pest Risk,MEDIUM,"Cowpea, Sorghum",Dry heat favours aphids and thrips. Inspect crops. Consider neem spray.,2025-02
2025-02-22,Irrigation Required,INFO,All irrigated crops,High water demand today. Irrigate before 7am or after 6pm to reduce evaporation.,2025-02
2025-02-22,High Crop Stress,HIGH,All crops,"Crop stress is high today. Heat, dryness and wind are combined. Shade or irrigate.",2025-02
2025-02-23,Dry Heat — Pest Risk,MEDIUM,"Cowpea, Sorghum",Dry heat favours aphids and thrips. Inspect crops. Consider neem spray.,2025-02
2025-02-23,Irrigation Required,INFO,All irrigated crops,High water demand today. Irrigate before 7am or after 6pm to reduce evaporation.,2025-02
2025-02-23,High Crop Stress,HIGH,All crops,"Crop stress is high today. Heat, dryness and wind are combined. Shade or irrigate.",2025-02
2025-02-24,Dry Heat — Pest Risk,MEDIUM,"Cowpea, Sorghum",Dry heat favours aphids and thrips. Inspect crops. Consider neem spray.,2025-02
2025-02-24,Irrigation Required,INFO,All irrigated crops,High water demand today. Irrigate before 7am or after 6pm to reduce evaporation.,2025-02
2025-02-25,Dry Heat — Pest Risk,MEDIUM,"Cowpea, Sorghum",Dry heat favours aphids and thrips. Inspect crops. Consider neem spray.,2025-02
2025-02-25,Irrigation Required,INFO,All irrigated crops,High water demand today. Irrigate before 7am or after 6pm to reduce evaporation.,2025-02
2025-02-26,Dry Heat — Pest Risk,MEDIUM,"Cowpea, Sorghum",Dry heat favours aphids and thrips. Inspect crops. Consider neem spray.,2025-02
2025-02-26,Irrigation Required,INFO,All irrigated crops,High water demand today. Irrigate before 7am or after 6pm to reduce evaporation.,2025-02
2025-02-27,Dry Heat — Pest Risk,MEDIUM,"Cowpea, Sorghum",Dry heat favours aphids and thrips. Inspect crops. Consider neem spray.,2025-02
2025-02-27,Irrigation Required,INFO,All irrigated crops,High water demand today. Irrigate before 7am or after 6pm to reduce evaporation.,2025-02
2025-02-28,Dry Heat — Pest Risk,MEDIUM,"Cowpea, Sorghum",Dry heat favours aphids and thrips. Inspect crops. Consider neem spray.,2025-02
2025-02-28,Irrigation Required,INFO,All irrigated crops,High water demand today. Irrigate before 7am or after 6pm to reduce evaporation.,2025-02
2025-02-28,High Crop Stress,HIGH,All crops,"Crop stress is high today. Heat, dryness and wind are combined. Shade or irrigate.",2025-02
2025-03-01,Dry Heat — Pest Risk,MEDIUM,"Cowpea, Sorghum",Dry heat favours aphids and thrips. Inspect crops. Consider neem spray.,2025-03
2025-03-01,Irrigation Required,INFO,All irrigated crops,High water demand today. Irrigate before 7am or after 6pm to reduce evaporation.,2025-03
2025-03-01,High Crop Stress,HIGH,All crops,"Crop stress is high today. Heat, dryness and wind are combined. Shade or irrigate.",2025-03
2025-03-03,Heat Stress,HIGH,"Cowpea, Groundnut, Maize",Extreme heat may cause flower drop and yield loss. Irrigate in the evening.,2025-03
2025-03-03,Dry Heat — Pest Risk,MEDIUM,"Cowpea, Sorghum",Dry heat favours aphids and thrips. Inspect crops. Consider neem spray.,2025-03
2025-03-03,Fire Risk Alert,HIGH,"All crops, grassland","High bushfire danger. Low humidity, hot and windy conditions. Do not burn.",2025-03
2025-03-03,Irrigation Required,INFO,All irrigated crops,High water demand today. Irrigate before 7am or after 6pm to reduce evaporation.,2025-03
2025-03-03,High Crop Stress,HIGH,All crops,"Crop stress is high today. Heat, dryness and wind are combined. Shade or irrigate.",2025-03
2025-03-04,Heat Stress,HIGH,"Cowpea, Groundnut, Maize",Extreme heat may cause flower drop and yield loss. Irrigate in the evening.,2025-03
2025-03-04,Dry Heat — Pest Risk,MEDIUM,"Cowpea, Sorghum",Dry heat favours aphids and thrips. Inspect crops. Consider neem spray.,2025-03
2025-03-04,Fire Risk Alert,HIGH,"All crops, grassland","High bushfire danger. Low humidity, hot and windy conditions. Do not burn.",2025-03
2025-03-04,Irrigation Required,INFO,All irrigated crops,High water demand today. Irrigate before 7am or after 6pm to reduce evaporation.,2025-03
2025-03-04,High Crop Stress,HIGH,All crops,"Crop stress is high today. Heat, dryness and wind are combined. Shade or irrigate.",2025-03
2025-03-05,Heat Stress,HIGH,"Cowpea, Groundnut, Maize",Extreme heat may cause flower drop and yield loss. Irrigate in the evening.,2025-03
2025-03-05,Dry Heat — Pest Risk,MEDIUM,"Cowpea, Sorghum",Dry heat favours aphids and thrips. Inspect crops. Consider neem spray.,2025-03
2025-03-05,Fire Risk Alert,HIGH,"All crops, grassland","High bushfire danger. Low humidity, hot and windy conditions. Do not burn.",2025-03
2025-03-05,Irrigation Required,INFO,All irrigated crops,High water demand today. Irrigate before 7am or after 6pm to reduce evaporation.,2025-03
2025-03-05,High Crop Stress,HIGH,All crops,"Crop stress is high today. Heat, dryness and wind are combined. Shade or irrigate.",2025-03
2025-03-06,Heat Stress,HIGH,"Cowpea, Groundnut, Maize",Extreme heat may cause flower drop and yield loss. Irrigate in the evening.,2025-03
2025-03-06,Dry Heat — Pest Risk,MEDIUM,"Cowpea, Sorghum",Dry heat favours aphids and thrips. Inspect crops. Consider neem spray.,2025-03
2025-03-06,Fire Risk Alert,HIGH,"All crops, grassland","High bushfire danger. Low humidity, hot and windy conditions. Do not burn.",2025-03
2025-03-06,Irrigation Required,INFO,All irrigated crops,High water demand today. Irrigate before 7am or after 6pm to reduce evaporation.,2025-03
2025-03-06,High Crop Stress,HIGH,All crops,"Crop stress is high today. Heat, dryness and wind are combined. Shade or irrigate.",2025-03
2025-03-07,Heat Stress,HIGH,"Cowpea, Groundnut, Maize",Extreme heat may cause flower drop and yield loss. Irrigate in the evening.,2025-03
2025-03-07,Dry Heat — Pest Risk,MEDIUM,"Cowpea, Sorghum",Dry heat favours aphids and thrips. Inspect crops. Consider neem spray.,2025-03
2025-03-07,Fire Risk Alert,HIGH,"All crops, grassland","High bushfire danger. Low humidity, hot and windy conditions. Do not burn.",2025-03
2025-03-07,Irrigation Required,INFO,All irrigated crops,High water demand today. Irrigate before 7am or after 6pm to reduce evaporation.,2025-03
2025-03-07,High Crop Stress,HIGH,All crops,"Crop stress is high today. Heat, dryness and wind are combined. Shade or irrigate.",2025-03
2025-03-08,Heat Stress,HIGH,"Cowpea, Groundnut, Maize",Extreme heat may cause flower drop and yield loss. Irrigate in the evening.,2025-03
2025-03-08,Dry Heat — Pest Risk,MEDIUM,"Cowpea, Sorghum",Dry heat favours aphids and thrips. Inspect crops. Consider neem spray.,2025-03
2025-03-08,Fire Risk Alert,HIGH,"All crops, grassland","High bushfire danger. Low humidity, hot and windy conditions. Do not burn.",2025-03
2025-03-08,Irrigation Required,INFO,All irrigated crops,High water demand today. Irrigate before 7am or after 6pm to reduce evaporation.,2025-03
2025-03-08,High Crop Stress,HIGH,All crops,"Crop stress is high today. Heat, dryness and wind are combined. Shade or irrigate.",2025-03
2025-03-09,Heat Stress,HIGH,"Cowpea, Groundnut, Maize",Extreme heat may cause flower drop and yield loss. Irrigate in the evening.,2025-03
2025-03-09,Dry Heat — Pest Risk,MEDIUM,"Cowpea, Sorghum",Dry heat favours aphids and thrips. Inspect crops. Consider neem spray.,2025-03
2025-03-09,Fire Risk Alert,HIGH,"All crops, grassland","High bushfire danger. Low humidity, hot and windy conditions. Do not burn.",2025-03
2025-03-09,Irrigation Required,INFO,All irrigated crops,High water demand today. Irrigate before 7am or after 6pm to reduce evaporation.,2025-03
2025-03-09,High Crop Stress,HIGH,All crops,"Crop stress is high today. Heat, dryness and wind are combined. Shade or irrigate.",2025-03
2025-03-10,Heat Stress,HIGH,"Cowpea, Groundnut, Maize",Extreme heat may cause flower drop and yield loss. Irrigate in the evening.,2025-03
2025-03-10,Dry Heat — Pest Risk,MEDIUM,"Cowpea, Sorghum",Dry heat favours aphids and thrips. Inspect crops. Consider neem spray.,2025-03
2025-03-10,Fire Risk Alert,HIGH,"All crops, grassland","High bushfire danger. Low humidity, hot and windy conditions. Do not burn.",2025-03
2025-03-10,Irrigation Required,INFO,All irrigated crops,High water demand today. Irrigate before 7am or after 6pm to reduce evaporation.,2025-03
2025-03-10,High Crop Stress,HIGH,All crops,"Crop stress is high today. Heat, dryness and wind are combined. Shade or irrigate.",2025-03
2025-03-11,Heat Stress,HIGH,"Cowpea, Groundnut, Maize",Extreme heat may cause flower drop and yield loss. Irrigate in the evening.,2025-03
2025-03-11,Dry Heat — Pest Risk,MEDIUM,"Cowpea, Sorghum",Dry heat favours aphids and thrips. Inspect crops. Consider neem spray.,2025-03
2025-03-11,Fire Risk Alert,HIGH,"All crops, grassland","High bushfire danger. Low humidity, hot and windy conditions. Do not burn.",2025-03
2025-03-11,Irrigation Required,INFO,All irrigated crops,High water demand today. Irrigate before 7am or after 6pm to reduce evaporation.,2025-03
2025-03-11,High Crop Stress,HIGH,All crops,"Crop stress is high today. Heat, dryness and wind are combined. Shade or irrigate.",2025-03
2025-03-12,Heat Stress,HIGH,"Cowpea, Groundnut, Maize",Extreme heat may cause flower drop and yield loss. Irrigate in the evening.,2025-03
2025-03-12,Dry Heat — Pest Risk,MEDIUM,"Cowpea, Sorghum",Dry heat favours aphids and thrips. Inspect crops. Consider neem spray.,2025-03
2025-03-12,Fire Risk Alert,HIGH,"All crops, grassland","High bushfire danger. Low humidity, hot and windy conditions. Do not burn.",2025-03
2025-03-12,Irrigation Required,INFO,All irrigated crops,High water demand today. Irrigate before 7am or after 6pm to reduce evaporation.,2025-03
2025-03-12,High Crop Stress,HIGH,All crops,"Crop stress is high today. Heat, dryness and wind are combined. Shade or irrigate.",2025-03
2025-03-13,Heat Stress,HIGH,"Cowpea, Groundnut, Maize",Extreme heat may cause flower drop and yield loss. Irrigate in the evening.,2025-03
2025-03-13,Dry Heat — Pest Risk,MEDIUM,"Cowpea, Sorghum",Dry heat favours aphids and thrips. Inspect crops. Consider neem spray.,2025-03
2025-03-13,Fire Risk Alert,HIGH,"All crops, grassland","High bushfire danger. Low humidity, hot and windy conditions. Do not burn.",2025-03
2025-03-13,Irrigation Required,INFO,All irrigated crops,High water demand today. Irrigate before 7am or after 6pm to reduce evaporation.,2025-03
2025-03-13,High Crop Stress,HIGH,All crops,"Crop stress is high today. Heat, dryness and wind are combined. Shade or irrigate.",2025-03
2025-03-14,Heat Stress,HIGH,"Cowpea, Groundnut, Maize",Extreme heat may cause flower drop and yield loss. Irrigate in the evening.,2025-03
2025-03-14,Dry Heat — Pest Risk,MEDIUM,"Cowpea, Sorghum",Dry heat favours aphids and thrips. Inspect crops. Consider neem spray.,2025-03
2025-03-14,Fire Risk Alert,HIGH,"All crops, grassland","High bushfire danger. Low humidity, hot and windy conditions. Do not burn.",2025-03
2025-03-14,Irrigation Required,INFO,All irrigated crops,High water demand today. Irrigate before 7am or after 6pm to reduce evaporation.,2025-03
2025-03-14,High Crop Stress,HIGH,All crops,"Crop stress is high today. Heat, dryness and wind are combined. Shade or irrigate.",2025-03
2025-03-15,Heat Stress,HIGH,"Cowpea, Groundnut, Maize",Extreme heat may cause flower drop and yield loss. Irrigate in the evening.,2025-03
2025-03-15,Dry Heat — Pest Risk,MEDIUM,"Cowpea, Sorghum",Dry heat favours aphids and thrips. Inspect crops. Consider neem spray.,2025-03
2025-03-15,Fire Risk Alert,HIGH,"All crops, grassland","High bushfire danger. Low humidity, hot and windy conditions. Do not burn.",2025-03
2025-03-15,Irrigation Required,INFO,All irrigated crops,High water demand today. Irrigate before 7am or after 6pm to reduce evaporation.,2025-03
2025-03-15,High Crop Stress,HIGH,All crops,"Crop stress is high today. Heat, dryness and wind are combined. Shade or irrigate.",2025-03
2025-03-16,Heat Stress,HIGH,"Cowpea, Groundnut, Maize",Extreme heat may cause flower drop and yield loss. Irrigate in the evening.,2025-03
2025-03-16,Dry Heat — Pest Risk,MEDIUM,"Cowpea, Sorghum",Dry heat favours aphids and thrips. Inspect crops. Consider neem spray.,2025-03
2025-03-16,Fire Risk Alert,HIGH,"All crops, grassland","High bushfire danger. Low humidity, hot and windy conditions. Do not burn.",2025-03
2025-03-16,Irrigation Required,INFO,All irrigated crops,High water demand today. Irrigate before 7am or after 6pm to reduce evaporation.,2025-03
2025-03-16,High Crop Stress,HIGH,All crops,"Crop stress is high today. Heat, dryness and wind are combined. Shade or irrigate.",2025-03
2025-03-17,Heat Stress,HIGH,"Cowpea, Groundnut, Maize",Extreme heat may cause flower drop and yield loss. Irrigate in the evening.,2025-03
2025-03-17,Dry Heat — Pest Risk,MEDIUM,"Cowpea, Sorghum",Dry heat favours aphids and thrips. Inspect crops. Consider neem spray.,2025-03
2025-03-17,Fire Risk Alert,HIGH,"All crops, grassland","High bushfire danger. Low humidity, hot and windy conditions. Do not burn.",2025-03
2025-03-17,Irrigation Required,INFO,All irrigated crops,High water demand today. Irrigate before 7am or after 6pm to reduce evaporation.,2025-03
2025-03-17,High Crop Stress,HIGH,All crops,"Crop stress is high today. Heat, dryness and wind are combined. Shade or irrigate.",2025-03
2025-03-18,Heat Stress,HIGH,"Cowpea, Groundnut, Maize",Extreme heat may cause flower drop and yield loss. Irrigate in the evening.,2025-03
2025-03-18,Dry Heat — Pest Risk,MEDIUM,"Cowpea, Sorghum",Dry heat favours aphids and thrips. Inspect crops. Consider neem spray.,2025-03
2025-03-18,Fire Risk Alert,HIGH,"All crops, grassland","High bushfire danger. Low humidity, hot and windy conditions. Do not burn.",2025-03
2025-03-18,Irrigation Required,INFO,All irrigated crops,High water demand today. Irrigate before 7am or after 6pm to reduce evaporation.,2025-03
2025-03-18,High Crop Stress,HIGH,All crops,"Crop stress is high today. Heat, dryness and wind are combined. Shade or irrigate.",2025-03
2025-03-19,Heat Stress,HIGH,"Cowpea, Groundnut, Maize",Extreme heat may cause flower drop and yield loss. Irrigate in the evening.,2025-03
2025-03-19,Extreme Heat,CRITICAL,All crops,DANGER: Temperatures above 42°C. Emergency irrigation needed. Mulch immediately.,2025-03
2025-03-19,Dry Heat — Pest Risk,MEDIUM,"Cowpea, Sorghum",Dry heat favours aphids and thrips. Inspect crops. Consider neem spray.,2025-03
2025-03-19,Fire Risk Alert,HIGH,"All crops, grassland","High bushfire danger. Low humidity, hot and windy conditions. Do not burn.",2025-03
2025-03-19,Irrigation Required,INFO,All irrigated crops,High water demand today. Irrigate before 7am or after 6pm to reduce evaporation.,2025-03
2025-03-19,High Crop Stress,HIGH,All crops,"Crop stress is high today. Heat, dryness and wind are combined. Shade or irrigate.",2025-03
2025-03-20,Wind Damage Risk,HIGH,All standing crops,Strong winds expected. Stake tall crops and secure structures.,2025-03
2025-03-20,Irrigation Required,INFO,All irrigated crops,High water demand today. Irrigate before 7am or after 6pm to reduce evaporation.,2025-03
2025-03-21,Wind Damage Risk,HIGH,All standing crops,Strong winds expected. Stake tall crops and secure structures.,2025-03
2025-03-21,Irrigation Required,INFO,All irrigated crops,High water demand today. Irrigate before 7am or after 6pm to reduce evaporation.,2025-03
2025-03-22,Irrigation Required,INFO,All irrigated crops,High water demand today. Irrigate before 7am or after 6pm to reduce evaporation.,2025-03
2025-03-23,Irrigation Required,INFO,All irrigated crops,High water demand today. Irrigate before 7am or after 6pm to reduce evaporation.,2025-03
2025-03-24,Irrigation Required,INFO,All irrigated crops,High water demand today. Irrigate before 7am or after 6pm to reduce evaporation.,2025-03
2025-03-25,Irrigation Required,INFO,All irrigated crops,High water demand today. Irrigate before 7am or after 6pm to reduce evaporation.,2025-03
2025-03-26,Irrigation Required,INFO,All irrigated crops,High water demand today. Irrigate before 7am or after 6pm to reduce evaporation.,2025-03
2025-03-27,Irrigation Required,INFO,All irrigated crops,High water demand today. Irrigate before 7am or after 6pm to reduce evaporation.,2025-03
2025-03-28,Irrigation Required,INFO,All irrigated crops,High water demand today. Irrigate before 7am or after 6pm to reduce evaporation.,2025-03
2025-03-29,Dry Heat — Pest Risk,MEDIUM,"Cowpea, Sorghum",Dry heat favours aphids and thrips. Inspect crops. Consider neem spray.,2025-03
2025-03-29,Irrigation Required,INFO,All irrigated crops,High water demand today. Irrigate before 7am or after 6pm to reduce evaporation.,2025-03
2025-03-30,Dry Heat — Pest Risk,MEDIUM,"Cowpea, Sorghum",Dry heat favours aphids and thrips. Inspect crops. Consider neem spray.,2025-03
2025-03-30,Irrigation Required,INFO,All irrigated crops,High water demand today. Irrigate before 7am or after 6pm to reduce evaporation.,2025-03
2025-03-30,High Crop Stress,HIGH,All crops,"Crop stress is high today. Heat, dryness and wind are combined. Shade or irrigate.",2025-03
2025-03-31,Heat Stress,HIGH,"Cowpea, Groundnut, Maize",Extreme heat may cause flower drop and yield loss. Irrigate in the evening.,2025-03
2025-03-31,Dry Heat — Pest Risk,MEDIUM,"Cowpea, Sorghum",Dry heat favours aphids and thrips. Inspect crops. Consider neem spray.,2025-03
2025-03-31,Fire Risk Alert,HIGH,"All crops, grassland","High bushfire danger. Low humidity, hot and windy conditions. Do not burn.",2025-03
2025-03-31,Irrigation Required,INFO,All irrigated crops,High water demand today. Irrigate before 7am or after 6pm to reduce evaporation.,2025-03
2025-03-31,High Crop Stress,HIGH,All crops,"Crop stress is high today. Heat, dryness and wind are combined. Shade or irrigate.",2025-03
2025-04-01,Heat Stress,HIGH,"Cowpea, Groundnut, Maize",Extreme heat may cause flower drop and yield loss. Irrigate in the evening.,2025-04
2025-04-01,Dry Heat — Pest Risk,MEDIUM,"Cowpea, Sorghum",Dry heat favours aphids and thrips. Inspect crops. Consider neem spray.,2025-04
2025-04-01,Irrigation Required,INFO,All irrigated crops,High water demand today. Irrigate before 7am or after 6pm to reduce evaporation.,2025-04
2025-04-01,High Crop Stress,HIGH,All crops,"Crop stress is high today. Heat, dryness and wind are combined. Shade or irrigate.",2025-04
2025-04-02,Dry Heat — Pest Risk,MEDIUM,"Cowpea, Sorghum",Dry heat favours aphids and thrips. Inspect crops. Consider neem spray.,2025-04
2025-04-02,Fire Risk Alert,HIGH,"All crops, grassland","High bushfire danger. Low humidity, hot and windy conditions. Do not burn.",2025-04
2025-04-02,Irrigation Required,INFO,All irrigated crops,High water demand today. Irrigate before 7am or after 6pm to reduce evaporation.,2025-04
2025-04-02,High Crop Stress,HIGH,All crops,"Crop stress is high today. Heat, dryness and wind are combined. Shade or irrigate.",2025-04
2025-04-03,Heat Stress,HIGH,"Cowpea, Groundnut, Maize",Extreme heat may cause flower drop and yield loss. Irrigate in the evening.,2025-04
2025-04-03,Dry Heat — Pest Risk,MEDIUM,"Cowpea, Sorghum",Dry heat favours aphids and thrips. Inspect crops. Consider neem spray.,2025-04
2025-04-03,Fire Risk Alert,HIGH,"All crops, grassland","High bushfire danger. Low humidity, hot and windy conditions. Do not burn.",2025-04
2025-04-03,Irrigation Required,INFO,All irrigated crops,High water demand today. Irrigate before 7am or after 6pm to reduce evaporation.,2025-04
2025-04-03,High Crop Stress,HIGH,All crops,"Crop stress is high today. Heat, dryness and wind are combined. Shade or irrigate.",2025-04
2025-04-04,Heat Stress,HIGH,"Cowpea, Groundnut, Maize",Extreme heat may cause flower drop and yield loss. Irrigate in the evening.,2025-04
2025-04-04,Dry Heat — Pest Risk,MEDIUM,"Cowpea, Sorghum",Dry heat favours aphids and thrips. Inspect crops. Consider neem spray.,2025-04
2025-04-04,Fire Risk Alert,HIGH,"All crops, grassland","High bushfire danger. Low humidity, hot and windy conditions. Do not burn.",2025-04
2025-04-04,Irrigation Required,INFO,All irrigated crops,High water demand today. Irrigate before 7am or after 6pm to reduce evaporation.,2025-04
2025-04-04,High Crop Stress,HIGH,All crops,"Crop stress is high today. Heat, dryness and wind are combined. Shade or irrigate.",2025-04
2025-04-05,Heat Stress,HIGH,"Cowpea, Groundnut, Maize",Extreme heat may cause flower drop and yield loss. Irrigate in the evening.,2025-04
2025-04-05,Dry Heat — Pest Risk,MEDIUM,"Cowpea, Sorghum",Dry heat favours aphids and thrips. Inspect crops. Consider neem spray.,2025-04
2025-04-05,Fire Risk Alert,HIGH,"All crops, grassland","High bushfire danger. Low humidity, hot and windy conditions. Do not burn.",2025-04
2025-04-05,Irrigation Required,INFO,All irrigated crops,High water demand today. Irrigate before 7am or after 6pm to reduce evaporation.,2025-04
2025-04-05,High Crop Stress,HIGH,All crops,"Crop stress is high today. Heat, dryness and wind are combined. Shade or irrigate.",2025-04
2025-04-06,Heat Stress,HIGH,"Cowpea, Groundnut, Maize",Extreme heat may cause flower drop and yield loss. Irrigate in the evening.,2025-04
2025-04-06,Dry Heat — Pest Risk,MEDIUM,"Cowpea, Sorghum",Dry heat favours aphids and thrips. Inspect crops. Consider neem spray.,2025-04
2025-04-06,Fire Risk Alert,HIGH,"All crops, grassland","High bushfire danger. Low humidity, hot and windy conditions. Do not burn.",2025-04
2025-04-06,Irrigation Required,INFO,All irrigated crops,High water demand today. Irrigate before 7am or after 6pm to reduce evaporation.,2025-04
2025-04-06,High Crop Stress,HIGH,All crops,"Crop stress is high today. Heat, dryness and wind are combined. Shade or irrigate.",2025-04
2025-04-07,Heat Stress,HIGH,"Cowpea, Groundnut, Maize",Extreme heat may cause flower drop and yield loss. Irrigate in the evening.,2025-04
2025-04-07,Extreme Heat,CRITICAL,All crops,DANGER: Temperatures above 42°C. Emergency irrigation needed. Mulch immediately.,2025-04
2025-04-07,Dry Heat — Pest Risk,MEDIUM,"Cowpea, Sorghum",Dry heat favours aphids and thrips. Inspect crops. Consider neem spray.,2025-04
2025-04-07,Fire Risk Alert,HIGH,"All crops, grassland","High bushfire danger. Low humidity, hot and windy conditions. Do not burn.",2025-04
2025-04-07,Irrigation Required,INFO,All irrigated crops,High water demand today. Irrigate before 7am or after 6pm to reduce evaporation.,2025-04
2025-04-07,High Crop Stress,HIGH,All crops,"Crop stress is high today. Heat, dryness and wind are combined. Shade or irrigate.",2025-04
2025-04-08,Dry Heat — Pest Risk,MEDIUM,"Cowpea, Sorghum",Dry heat favours aphids and thrips. Inspect crops. Consider neem spray.,2025-04
2025-04-08,Irrigation Required,INFO,All irrigated crops,High water demand today. Irrigate before 7am or after 6pm to reduce evaporation.,2025-04
2025-04-08,High Crop Stress,HIGH,All crops,"Crop stress is high today. Heat, dryness and wind are combined. Shade or irrigate.",2025-04
2025-04-09,Heat Stress,HIGH,"Cowpea, Groundnut, Maize",Extreme heat may cause flower drop and yield loss. Irrigate in the evening.,2025-04
2025-04-09,Dry Heat — Pest Risk,MEDIUM,"Cowpea, Sorghum",Dry heat favours aphids and thrips. Inspect crops. Consider neem spray.,2025-04
2025-04-09,Irrigation Required,INFO,All irrigated crops,High water demand today. Irrigate before 7am or after 6pm to reduce evaporation.,2025-04
2025-04-09,High Crop Stress,HIGH,All crops,"Crop stress is high today. Heat, dryness and wind are combined. Shade or irrigate.",2025-04
2025-04-10,Irrigation Required,INFO,All irrigated crops,High water demand today. Irrigate before 7am or after 6pm to reduce evaporation.,2025-04
2025-04-11,Heat Stress,HIGH,"Cowpea, Groundnut, Maize",Extreme heat may cause flower drop and yield loss. Irrigate in the evening.,2025-04
2025-04-11,Dry Heat — Pest Risk,MEDIUM,"Cowpea, Sorghum",Dry heat favours aphids and thrips. Inspect crops. Consider neem spray.,2025-04
2025-04-11,Irrigation Required,INFO,All irrigated crops,High water demand today. Irrigate before 7am or after 6pm to reduce evaporation.,2025-04
2025-04-12,Heat Stress,HIGH,"Cowpea, Groundnut, Maize",Extreme heat may cause flower drop and yield loss. Irrigate in the evening.,2025-04
2025-04-12,Dry Heat — Pest Risk,MEDIUM,"Cowpea, Sorghum",Dry heat favours aphids and thrips. Inspect crops. Consider neem spray.,2025-04
2025-04-12,Fire Risk Alert,HIGH,"All crops, grassland","High bushfire danger. Low humidity, hot and windy conditions. Do not burn.",2025-04
2025-04-12,Irrigation Required,INFO,All irrigated crops,High water demand today. Irrigate before 7am or after 6pm to reduce evaporation.,2025-04
2025-04-12,High Crop Stress,HIGH,All crops,"Crop stress is high today. Heat, dryness and wind are combined. Shade or irrigate.",2025-04
2025-04-13,Heat Stress,HIGH,"Cowpea, Groundnut, Maize",Extreme heat may cause flower drop and yield loss. Irrigate in the evening.,2025-04
2025-04-13,Dry Heat — Pest Risk,MEDIUM,"Cowpea, Sorghum",Dry heat favours aphids and thrips. Inspect crops. Consider neem spray.,2025-04
2025-04-13,Fire Risk Alert,HIGH,"All crops, grassland","High bushfire danger. Low humidity, hot and windy conditions. Do not burn.",2025-04
2025-04-13,Irrigation Required,INFO,All irrigated crops,High water demand today. Irrigate before 7am or after 6pm to reduce evaporation.,2025-04
2025-04-13,High Crop Stress,HIGH,All crops,"Crop stress is high today. Heat, dryness and wind are combined. Shade or irrigate.",2025-04
2025-04-14,Heat Stress,HIGH,"Cowpea, Groundnut, Maize",Extreme heat may cause flower drop and yield loss. Irrigate in the evening.,2025-04
2025-04-14,Dry Heat — Pest Risk,MEDIUM,"Cowpea, Sorghum",Dry heat favours aphids and thrips. Inspect crops. Consider neem spray.,2025-04
2025-04-14,Fire Risk Alert,HIGH,"All crops, grassland","High bushfire danger. Low humidity, hot and windy conditions. Do not burn.",2025-04
2025-04-14,Irrigation Required,INFO,All irrigated crops,High water demand today. Irrigate before 7am or after 6pm to reduce evaporation.,2025-04
2025-04-14,High Crop Stress,HIGH,All crops,"Crop stress is high today. Heat, dryness and wind are combined. Shade or irrigate.",2025-04
2025-04-15,Heat Stress,HIGH,"Cowpea, Groundnut, Maize",Extreme heat may cause flower drop and yield loss. Irrigate in the evening.,2025-04
2025-04-15,Dry Heat — Pest Risk,MEDIUM,"Cowpea, Sorghum",Dry heat favours aphids and thrips. Inspect crops. Consider neem spray.,2025-04
2025-04-15,Fire Risk Alert,HIGH,"All crops, grassland","High bushfire danger. Low humidity, hot and windy conditions. Do not burn.",2025-04
2025-04-15,Irrigation Required,INFO,All irrigated crops,High water demand today. Irrigate before 7am or after 6pm to reduce evaporation.,2025-04
2025-04-15,High Crop Stress,HIGH,All crops,"Crop stress is high today. Heat, dryness and wind are combined. Shade or irrigate.",2025-04
2025-04-16,Heat Stress,HIGH,"Cowpea, Groundnut, Maize",Extreme heat may cause flower drop and yield loss. Irrigate in the evening.,2025-04
2025-04-16,Dry Heat — Pest Risk,MEDIUM,"Cowpea, Sorghum",Dry heat favours aphids and thrips. Inspect crops. Consider neem spray.,2025-04
2025-04-16,Irrigation Required,INFO,All irrigated crops,High water demand today. Irrigate before 7am or after 6pm to reduce evaporation.,2025-04
2025-04-16,High Crop Stress,HIGH,All crops,"Crop stress is high today. Heat, dryness and wind are combined. Shade or irrigate.",2025-04
2025-04-17,Heat Stress,HIGH,"Cowpea, Groundnut, Maize",Extreme heat may cause flower drop and yield loss. Irrigate in the evening.,2025-04
2025-04-17,Dry Heat — Pest Risk,MEDIUM,"Cowpea, Sorghum",Dry heat favours aphids and thrips. Inspect crops. Consider neem spray.,2025-04
2025-04-17,Irrigation Required,INFO,All irrigated crops,High water demand today. Irrigate before 7am or after 6pm to reduce evaporation.,2025-04
2025-04-17,High Crop Stress,HIGH,All crops,"Crop stress is high today. Heat, dryness and wind are combined. Shade or irrigate.",2025-04
2025-04-18,Heat Stress,HIGH,"Cowpea, Groundnut, Maize",Extreme heat may cause flower drop and yield loss. Irrigate in the evening.,2025-04
2025-04-18,Dry Heat — Pest Risk,MEDIUM,"Cowpea, Sorghum",Dry heat favours aphids and thrips. Inspect crops. Consider neem spray.,2025-04
2025-04-18,Fire Risk Alert,HIGH,"All crops, grassland","High bushfire danger. Low humidity, hot and windy conditions. Do not burn.",2025-04
2025-04-18,Irrigation Required,INFO,All irrigated crops,High water demand today. Irrigate before 7am or after 6pm to reduce evaporation.,2025-04
2025-04-18,High Crop Stress,HIGH,All crops,"Crop stress is high today. Heat, dryness and wind are combined. Shade or irrigate.",2025-04
2025-04-19,Heat Stress,HIGH,"Cowpea, Groundnut, Maize",Extreme heat may cause flower drop and yield loss. Irrigate in the evening.,2025-04
2025-04-19,Extreme Heat,CRITICAL,All crops,DANGER: Temperatures above 42°C. Emergency irrigation needed. Mulch immediately.,2025-04
2025-04-19,Dry Heat — Pest Risk,MEDIUM,"Cowpea, Sorghum",Dry heat favours aphids and thrips. Inspect crops. Consider neem spray.,2025-04
2025-04-19,Fire Risk Alert,HIGH,"All crops, grassland","High bushfire danger. Low humidity, hot and windy conditions. Do not burn.",2025-04
2025-04-19,Irrigation Required,INFO,All irrigated crops,High water demand today. Irrigate before 7am or after 6pm to reduce evaporation.,2025-04
2025-04-19,High Crop Stress,HIGH,All crops,"Crop stress is high today. Heat, dryness and wind are combined. Shade or irrigate.",2025-04
2025-04-20,Heat Stress,HIGH,"Cowpea, Groundnut, Maize",Extreme heat may cause flower drop and yield loss. Irrigate in the evening.,2025-04
2025-04-20,Extreme Heat,CRITICAL,All crops,DANGER: Temperatures above 42°C. Emergency irrigation needed. Mulch immediately.,2025-04
2025-04-20,Dry Heat — Pest Risk,MEDIUM,"Cowpea, Sorghum",Dry heat favours aphids and thrips. Inspect crops. Consider neem spray.,2025-04
2025-04-20,Fire Risk Alert,HIGH,"All crops, grassland","High bushfire danger. Low humidity, hot and windy conditions. Do not burn.",2025-04
2025-04-20,Irrigation Required,INFO,All irrigated crops,High water demand today. Irrigate before 7am or after 6pm to reduce evaporation.,2025-04
2025-04-20,High Crop Stress,HIGH,All crops,"Crop stress is high today. Heat, dryness and wind are combined. Shade or irrigate.",2025-04
2025-04-21,Heat Stress,HIGH,"Cowpea, Groundnut, Maize",Extreme heat may cause flower drop and yield loss. Irrigate in the evening.,2025-04
2025-04-21,Extreme Heat,CRITICAL,All crops,DANGER: Temperatures above 42°C. Emergency irrigation needed. Mulch immediately.,2025-04
2025-04-21,Dry Heat — Pest Risk,MEDIUM,"Cowpea, Sorghum",Dry heat favours aphids and thrips. Inspect crops. Consider neem spray.,2025-04
2025-04-21,Irrigation Required,INFO,All irrigated crops,High water demand today. Irrigate before 7am or after 6pm to reduce evaporation.,2025-04
2025-04-21,High Crop Stress,HIGH,All crops,"Crop stress is high today. Heat, dryness and wind are combined. Shade or irrigate.",2025-04
2025-04-22,Heat Stress,HIGH,"Cowpea, Groundnut, Maize",Extreme heat may cause flower drop and yield loss. Irrigate in the evening.,2025-04
2025-04-22,Extreme Heat,CRITICAL,All crops,DANGER: Temperatures above 42°C. Emergency irrigation needed. Mulch immediately.,2025-04
2025-04-22,Dry Heat — Pest Risk,MEDIUM,"Cowpea, Sorghum",Dry heat favours aphids and thrips. Inspect crops. Consider neem spray.,2025-04
2025-04-22,Irrigation Required,INFO,All irrigated crops,High water demand today. Irrigate before 7am or after 6pm to reduce evaporation.,2025-04
2025-04-22,High Crop Stress,HIGH,All crops,"Crop stress is high today. Heat, dryness and wind are combined. Shade or irrigate.",2025-04
2025-04-23,Heat Stress,HIGH,"Cowpea, Groundnut, Maize",Extreme heat may cause flower drop and yield loss. Irrigate in the evening.,2025-04
2025-04-23,Extreme Heat,CRITICAL,All crops,DANGER: Temperatures above 42°C. Emergency irrigation needed. Mulch immediately.,2025-04
2025-04-23,Dry Heat — Pest Risk,MEDIUM,"Cowpea, Sorghum",Dry heat favours aphids and thrips. Inspect crops. Consider neem spray.,2025-04
2025-04-23,Irrigation Required,INFO,All irrigated crops,High water demand today. Irrigate before 7am or after 6pm to reduce evaporation.,2025-04
2025-04-23,High Crop Stress,HIGH,All crops,"Crop stress is high today. Heat, dryness and wind are combined. Shade or irrigate.",2025-04
2025-04-24,Heat Stress,HIGH,"Cowpea, Groundnut, Maize",Extreme heat may cause flower drop and yield loss. Irrigate in the evening.,2025-04
2025-04-24,Extreme Heat,CRITICAL,All crops,DANGER: Temperatures above 42°C. Emergency irrigation needed. Mulch immediately.,2025-04
2025-04-24,Dry Heat — Pest Risk,MEDIUM,"Cowpea, Sorghum",Dry heat favours aphids and thrips. Inspect crops. Consider neem spray.,2025-04
2025-04-24,Fire Risk Alert,HIGH,"All crops, grassland","High bushfire danger. Low humidity, hot and windy conditions. Do not burn.",2025-04
2025-04-24,Irrigation Required,INFO,All irrigated crops,High water demand today. Irrigate before 7am or after 6pm to reduce evaporation.,2025-04
2025-04-24,High Crop Stress,HIGH,All crops,"Crop stress is high today. Heat, dryness and wind are combined. Shade or irrigate.",2025-04
2025-04-25,Heat Stress,HIGH,"Cowpea, Groundnut, Maize",Extreme heat may cause flower drop and yield loss. Irrigate in the evening.,2025-04
2025-04-25,Dry Heat — Pest Risk,MEDIUM,"Cowpea, Sorghum",Dry heat favours aphids and thrips. Inspect crops. Consider neem spray.,2025-04
2025-04-25,Fire Risk Alert,HIGH,"All crops, grassland","High bushfire danger. Low humidity, hot and windy conditions. Do not burn.",2025-04
2025-04-25,Irrigation Required,INFO,All irrigated crops,High water demand today. Irrigate before 7am or after 6pm to reduce evaporation.,2025-04
2025-04-25,High Crop Stress,HIGH,All crops,"Crop stress is high today. Heat, dryness and wind are combined. Shade or irrigate.",2025-04
2025-04-26,Heat Stress,HIGH,"Cowpea, Groundnut, Maize",Extreme heat may cause flower drop and yield loss. Irrigate in the evening.,2025-04
2025-04-26,Extreme Heat,CRITICAL,All crops,DANGER: Temperatures above 42°C. Emergency irrigation needed. Mulch immediately.,2025-04
2025-04-26,Dry Heat — Pest Risk,MEDIUM,"Cowpea, Sorghum",Dry heat favours aphids and thrips. Inspect crops. Consider neem spray.,2025-04
2025-04-26,Fire Risk Alert,HIGH,"All crops, grassland","High bushfire danger. Low humidity, hot and windy conditions. Do not burn.",2025-04
2025-04-26,Irrigation Required,INFO,All irrigated crops,High water demand today. Irrigate before 7am or after 6pm to reduce evaporation.,2025-04
2025-04-26,High Crop Stress,HIGH,All crops,"Crop stress is high today. Heat, dryness and wind are combined. Shade or irrigate.",2025-04
2025-04-27,Heat Stress,HIGH,"Cowpea, Groundnut, Maize",Extreme heat may cause flower drop and yield loss. Irrigate in the evening.,2025-04
2025-04-27,Irrigation Required,INFO,All irrigated crops,High water demand today. Irrigate before 7am or after 6pm to reduce evaporation.,2025-04
2025-04-28,Heat Stress,HIGH,"Cowpea, Groundnut, Maize",Extreme heat may cause flower drop and yield loss. Irrigate in the evening.,2025-04
2025-04-28,Dry Heat — Pest Risk,MEDIUM,"Cowpea, Sorghum",Dry heat favours aphids and thrips. Inspect crops. Consider neem spray.,2025-04
2025-04-28,Irrigation Required,INFO,All irrigated crops,High water demand today. Irrigate before 7am or after 6pm to reduce evaporation.,2025-04
2025-04-29,Heat Stress,HIGH,"Cowpea, Groundnut, Maize",Extreme heat may cause flower drop and yield loss. Irrigate in the evening.,2025-04
2025-04-29,Extreme Heat,CRITICAL,All crops,DANGER: Temperatures above 42°C. Emergency irrigation needed. Mulch immediately.,2025-04
2025-04-29,Irrigation Required,INFO,All irrigated crops,High water demand today. Irrigate before 7am or after 6pm to reduce evaporation.,2025-04
2025-04-30,Heat Stress,HIGH,"Cowpea, Groundnut, Maize",Extreme heat may cause flower drop and yield loss. Irrigate in the evening.,2025-04
2025-04-30,Dry Heat — Pest Risk,MEDIUM,"Cowpea, Sorghum",Dry heat favours aphids and thrips. Inspect crops. Consider neem spray.,2025-04
2025-04-30,Irrigation Required,INFO,All irrigated crops,High water demand today. Irrigate before 7am or after 6pm to reduce evaporation.,2025-04
2025-05-01,Heat Stress,HIGH,"Cowpea, Groundnut, Maize",Extreme heat may cause flower drop and yield loss. Irrigate in the evening.,2025-05
2025-05-01,Dry Heat — Pest Risk,MEDIUM,"Cowpea, Sorghum",Dry heat favours aphids and thrips. Inspect crops. Consider neem spray.,2025-05
2025-05-01,Irrigation Required,INFO,All irrigated crops,High water demand today. Irrigate before 7am or after 6pm to reduce evaporation.,2025-05
2025-05-02,Heat Stress,HIGH,"Cowpea, Groundnut, Maize",Extreme heat may cause flower drop and yield loss. Irrigate in the evening.,2025-05
2025-05-02,Dry Heat — Pest Risk,MEDIUM,"Cowpea, Sorghum",Dry heat favours aphids and thrips. Inspect crops. Consider neem spray.,2025-05
2025-05-02,Irrigation Required,INFO,All irrigated crops,High water demand today. Irrigate before 7am or after 6pm to reduce evaporation.,2025-05
2025-05-03,Heat Stress,HIGH,"Cowpea, Groundnut, Maize",Extreme heat may cause flower drop and yield loss. Irrigate in the evening.,2025-05
2025-05-03,Dry Heat — Pest Risk,MEDIUM,"Cowpea, Sorghum",Dry heat favours aphids and thrips. Inspect crops. Consider neem spray.,2025-05
2025-05-03,Irrigation Required,INFO,All irrigated crops,High water demand today. Irrigate before 7am or after 6pm to reduce evaporation.,2025-05
2025-05-03,High Crop Stress,HIGH,All crops,"Crop stress is high today. Heat, dryness and wind are combined. Shade or irrigate.",2025-05
2025-05-04,Heat Stress,HIGH,"Cowpea, Groundnut, Maize",Extreme heat may cause flower drop and yield loss. Irrigate in the evening.,2025-05
2025-05-04,Dry Heat — Pest Risk,MEDIUM,"Cowpea, Sorghum",Dry heat favours aphids and thrips. Inspect crops. Consider neem spray.,2025-05
2025-05-04,Fire Risk Alert,HIGH,"All crops, grassland","High bushfire danger. Low humidity, hot and windy conditions. Do not burn.",2025-05
2025-05-04,Irrigation Required,INFO,All irrigated crops,High water demand today. Irrigate before 7am or after 6pm to reduce evaporation.,2025-05
2025-05-04,High Crop Stress,HIGH,All crops,"Crop stress is high today. Heat, dryness and wind are combined. Shade or irrigate.",2025-05
2025-05-05,Heat Stress,HIGH,"Cowpea, Groundnut, Maize",Extreme heat may cause flower drop and yield loss. Irrigate in the evening.,2025-05
2025-05-05,Dry Heat — Pest Risk,MEDIUM,"Cowpea, Sorghum",Dry heat favours aphids and thrips. Inspect crops. Consider neem spray.,2025-05
2025-05-05,Fire Risk Alert,HIGH,"All crops, grassland","High bushfire danger. Low humidity, hot and windy conditions. Do not burn.",2025-05
2025-05-05,Irrigation Required,INFO,All irrigated crops,High water demand today. Irrigate before 7am or after 6pm to reduce evaporation.,2025-05
2025-05-05,High Crop Stress,HIGH,All crops,"Crop stress is high today. Heat, dryness and wind are combined. Shade or irrigate.",2025-05
2025-05-06,Heat Stress,HIGH,"Cowpea, Groundnut, Maize",Extreme heat may cause flower drop and yield loss. Irrigate in the evening.,2025-05
2025-05-06,Extreme Heat,CRITICAL,All crops,DANGER: Temperatures above 42°C. Emergency irrigation needed. Mulch immediately.,2025-05
2025-05-06,Dry Heat — Pest Risk,MEDIUM,"Cowpea, Sorghum",Dry heat favours aphids and thrips. Inspect crops. Consider neem spray.,2025-05
2025-05-06,Fire Risk Alert,HIGH,"All crops, grassland","High bushfire danger. Low humidity, hot and windy conditions. Do not burn.",2025-05
2025-05-06,Irrigation Required,INFO,All irrigated crops,High water demand today. Irrigate before 7am or after 6pm to reduce evaporation.,2025-05
2025-05-06,High Crop Stress,HIGH,All crops,"Crop stress is high today. Heat, dryness and wind are combined. Shade or irrigate.",2025-05
2025-05-07,Heat Stress,HIGH,"Cowpea, Groundnut, Maize",Extreme heat may cause flower drop and yield loss. Irrigate in the evening.,2025-05
2025-05-07,Dry Heat — Pest Risk,MEDIUM,"Cowpea, Sorghum",Dry heat favours aphids and thrips. Inspect crops. Consider neem spray.,2025-05
2025-05-07,Irrigation Required,INFO,All irrigated crops,High water demand today. Irrigate before 7am or after 6pm to reduce evaporation.,2025-05
2025-05-07,High Crop Stress,HIGH,All crops,"Crop stress is high today. Heat, dryness and wind are combined. Shade or irrigate.",2025-05
2025-05-08,Heat Stress,HIGH,"Cowpea, Groundnut, Maize",Extreme heat may cause flower drop and yield loss. Irrigate in the evening.,2025-05
2025-05-08,Irrigation Required,INFO,All irrigated crops,High water demand today. Irrigate before 7am or after 6pm to reduce evaporation.,2025-05
2025-05-09,Heat Stress,HIGH,"Cowpea, Groundnut, Maize",Extreme heat may cause flower drop and yield loss. Irrigate in the evening.,2025-05
2025-05-09,Dry Heat — Pest Risk,MEDIUM,"Cowpea, Sorghum",Dry heat favours aphids and thrips. Inspect crops. Consider neem spray.,2025-05
2025-05-09,Irrigation Required,INFO,All irrigated crops,High water demand today. Irrigate before 7am or after 6pm to reduce evaporation.,2025-05
2025-05-09,High Crop Stress,HIGH,All crops,"Crop stress is high today. Heat, dryness and wind are combined. Shade or irrigate.",2025-05
2025-05-10,Heat Stress,HIGH,"Cowpea, Groundnut, Maize",Extreme heat may cause flower drop and yield loss. Irrigate in the evening.,2025-05
2025-05-10,Dry Heat — Pest Risk,MEDIUM,"Cowpea, Sorghum",Dry heat favours aphids and thrips. Inspect crops. Consider neem spray.,2025-05
2025-05-10,Irrigation Required,INFO,All irrigated crops,High water demand today. Irrigate before 7am or after 6pm to reduce evaporation.,2025-05
2025-05-10,High Crop Stress,HIGH,All crops,"Crop stress is high today. Heat, dryness and wind are combined. Shade or irrigate.",2025-05
2025-05-11,Heat Stress,HIGH,"Cowpea, Groundnut, Maize",Extreme heat may cause flower drop and yield loss. Irrigate in the evening.,2025-05
2025-05-11,Extreme Heat,CRITICAL,All crops,DANGER: Temperatures above 42°C. Emergency irrigation needed. Mulch immediately.,2025-05
2025-05-11,Dry Heat — Pest Risk,MEDIUM,"Cowpea, Sorghum",Dry heat favours aphids and thrips. Inspect crops. Consider neem spray.,2025-05
2025-05-11,Irrigation Required,INFO,All irrigated crops,High water demand today. Irrigate before 7am or after 6pm to reduce evaporation.,2025-05
2025-05-11,High Crop Stress,HIGH,All crops,"Crop stress is high today. Heat, dryness and wind are combined. Shade or irrigate.",2025-05
2025-05-12,Heat Stress,HIGH,"Cowpea, Groundnut, Maize",Extreme heat may cause flower drop and yield loss. Irrigate in the evening.,2025-05
2025-05-12,Extreme Heat,CRITICAL,All crops,DANGER: Temperatures above 42°C. Emergency irrigation needed. Mulch immediately.,2025-05
2025-05-12,Dry Heat — Pest Risk,MEDIUM,"Cowpea, Sorghum",Dry heat favours aphids and thrips. Inspect crops. Consider neem spray.,2025-05
2025-05-12,Irrigation Required,INFO,All irrigated crops,High water demand today. Irrigate before 7am or after 6pm to reduce evaporation.,2025-05
2025-05-12,High Crop Stress,HIGH,All crops,"Crop stress is high today. Heat, dryness and wind are combined. Shade or irrigate.",2025-05
2025-05-13,Heat Stress,HIGH,"Cowpea, Groundnut, Maize",Extreme heat may cause flower drop and yield loss. Irrigate in the evening.,2025-05
2025-05-13,Dry Heat — Pest Risk,MEDIUM,"Cowpea, Sorghum",Dry heat favours aphids and thrips. Inspect crops. Consider neem spray.,2025-05
2025-05-13,Irrigation Required,INFO,All irrigated crops,High water demand today. Irrigate before 7am or after 6pm to reduce evaporation.,2025-05
2025-05-13,High Crop Stress,HIGH,All crops,"Crop stress is high today. Heat, dryness and wind are combined. Shade or irrigate.",2025-05
2025-05-14,Dry Heat — Pest Risk,MEDIUM,"Cowpea, Sorghum",Dry heat favours aphids and thrips. Inspect crops. Consider neem spray.,2025-05
2025-05-14,Irrigation Required,INFO,All irrigated crops,High water demand today. Irrigate before 7am or after 6pm to reduce evaporation.,2025-05
2025-05-15,Heat Stress,HIGH,"Cowpea, Groundnut, Maize",Extreme heat may cause flower drop and yield loss. Irrigate in the evening.,2025-05
2025-05-15,Irrigation Required,INFO,All irrigated crops,High water demand today. Irrigate before 7am or after 6pm to reduce evaporation.,2025-05
2025-05-17,Heat Stress,HIGH,"Cowpea, Groundnut, Maize",Extreme heat may cause flower drop and yield loss. Irrigate in the evening.,2025-05
2025-05-17,Rain Likely,INFO,All crops,Signs of approaching rain. Hold off irrigation and spraying today.,2025-05
2025-05-17,Planting Window Open,POSITIVE,"Millet, Sorghum, Cowpea",Good planting conditions. Soil warm and moisture adequate. Plant within 48 hours.,2025-05
2025-05-18,Heat Stress,HIGH,"Cowpea, Groundnut, Maize",Extreme heat may cause flower drop and yield loss. Irrigate in the evening.,2025-05
2025-05-18,Irrigation Required,INFO,All irrigated crops,High water demand today. Irrigate before 7am or after 6pm to reduce evaporation.,2025-05
2025-05-19,Heat Stress,HIGH,"Cowpea, Groundnut, Maize",Extreme heat may cause flower drop and yield loss. Irrigate in the evening.,2025-05
2025-05-19,Irrigation Required,INFO,All irrigated crops,High water demand today. Irrigate before 7am or after 6pm to reduce evaporation.,2025-05
2025-05-20,Heat Stress,HIGH,"Cowpea, Groundnut, Maize",Extreme heat may cause flower drop and yield loss. Irrigate in the evening.,2025-05
2025-05-21,Heat Stress,HIGH,"Cowpea, Groundnut, Maize",Extreme heat may cause flower drop and yield loss. Irrigate in the evening.,2025-05
2025-05-21,Irrigation Required,INFO,All irrigated crops,High water demand today. Irrigate before 7am or after 6pm to reduce evaporation.,2025-05
2025-05-22,Heat Stress,HIGH,"Cowpea, Groundnut, Maize",Extreme heat may cause flower drop and yield loss. Irrigate in the evening.,2025-05
2025-05-22,Irrigation Required,INFO,All irrigated crops,High water demand today. Irrigate before 7am or after 6pm to reduce evaporation.,2025-05
2025-05-23,Heat Stress,HIGH,"Cowpea, Groundnut, Maize",Extreme heat may cause flower drop and yield loss. Irrigate in the evening.,2025-05
2025-05-23,Dry Heat — Pest Risk,MEDIUM,"Cowpea, Sorghum",Dry heat favours aphids and thrips. Inspect crops. Consider neem spray.,2025-05
2025-05-23,Irrigation Required,INFO,All irrigated crops,High water demand today. Irrigate before 7am or after 6pm to reduce evaporation.,2025-05
2025-05-23,High Crop Stress,HIGH,All crops,"Crop stress is high today. Heat, dryness and wind are combined. Shade or irrigate.",2025-05
2025-05-24,Heat Stress,HIGH,"Cowpea, Groundnut, Maize",Extreme heat may cause flower drop and yield loss. Irrigate in the evening.,2025-05
2025-05-24,Irrigation Required,INFO,All irrigated crops,High water demand today. Irrigate before 7am or after 6pm to reduce evaporation.,2025-05
2025-05-25,Heat Stress,HIGH,"Cowpea, Groundnut, Maize",Extreme heat may cause flower drop and yield loss. Irrigate in the evening.,2025-05
2025-05-25,Irrigation Required,INFO,All irrigated crops,High water demand today. Irrigate before 7am or after 6pm to reduce evaporation.,2025-05
2025-05-26,Irrigation Required,INFO,All irrigated crops,High water demand today. Irrigate before 7am or after 6pm to reduce evaporation.,2025-05
2025-05-27,Heat Stress,HIGH,"Cowpea, Groundnut, Maize",Extreme heat may cause flower drop and yield loss. Irrigate in the evening.,2025-05
2025-05-27,Irrigation Required,INFO,All irrigated crops,High water demand today. Irrigate before 7am or after 6pm to reduce evaporation.,2025-05
2025-05-28,Heat Stress,HIGH,"Cowpea, Groundnut, Maize",Extreme heat may cause flower drop and yield loss. Irrigate in the evening.,2025-05
2025-05-28,Irrigation Required,INFO,All irrigated crops,High water demand today. Irrigate before 7am or after 6pm to reduce evaporation.,2025-05
2025-05-29,Heat Stress,HIGH,"Cowpea, Groundnut, Maize",Extreme heat may cause flower drop and yield loss. Irrigate in the evening.,2025-05
2025-05-29,Irrigation Required,INFO,All irrigated crops,High water demand today. Irrigate before 7am or after 6pm to reduce evaporation.,2025-05
2025-05-30,Heat Stress,HIGH,"Cowpea, Groundnut, Maize",Extreme heat may cause flower drop and yield loss. Irrigate in the evening.,2025-05
2025-05-30,Irrigation Required,INFO,All irrigated crops,High water demand today. Irrigate before 7am or after 6pm to reduce evaporation.,2025-05
2025-05-31,Heat Stress,HIGH,"Cowpea, Groundnut, Maize",Extreme heat may cause flower drop and yield loss. Irrigate in the evening.,2025-05
2025-05-31,Irrigation Required,INFO,All irrigated crops,High water demand today. Irrigate before 7am or after 6pm to reduce evaporation.,2025-05
2025-06-01,Heat Stress,HIGH,"Cowpea, Groundnut, Maize",Extreme heat may cause flower drop and yield loss. Irrigate in the evening.,2025-06
2025-06-01,Irrigation Required,INFO,All irrigated crops,High water demand today. Irrigate before 7am or after 6pm to reduce evaporation.,2025-06
2025-06-02,Planting Window Open,POSITIVE,"Millet, Sorghum, Cowpea",Good planting conditions. Soil warm and moisture adequate. Plant within 48 hours.,2025-06
2025-06-03,Planting Window Open,POSITIVE,"Millet, Sorghum, Cowpea",Good planting conditions. Soil warm and moisture adequate. Plant within 48 hours.,2025-06
2025-06-05,Heat Stress,HIGH,"Cowpea, Groundnut, Maize",Extreme heat may cause flower drop and yield loss. Irrigate in the evening.,2025-06
2025-06-05,Dry Heat — Pest Risk,MEDIUM,"Cowpea, Sorghum",Dry heat favours aphids and thrips. Inspect crops. Consider neem spray.,2025-06
2025-06-08,Heat Stress,HIGH,"Cowpea, Groundnut, Maize",Extreme heat may cause flower drop and yield loss. Irrigate in the evening.,2025-06
2025-06-09,Irrigation Required,INFO,All irrigated crops,High water demand today. Irrigate before 7am or after 6pm to reduce evaporation.,2025-06
2025-06-10,Heat Stress,HIGH,"Cowpea, Groundnut, Maize",Extreme heat may cause flower drop and yield loss. Irrigate in the evening.,2025-06
2025-06-10,Dry Heat — Pest Risk,MEDIUM,"Cowpea, Sorghum",Dry heat favours aphids and thrips. Inspect crops. Consider neem spray.,2025-06
2025-06-10,Irrigation Required,INFO,All irrigated crops,High water demand today. Irrigate before 7am or after 6pm to reduce evaporation.,2025-06
2025-06-11,Heat Stress,HIGH,"Cowpea, Groundnut, Maize",Extreme heat may cause flower drop and yield loss. Irrigate in the evening.,2025-06
2025-06-11,Dry Heat — Pest Risk,MEDIUM,"Cowpea, Sorghum",Dry heat favours aphids and thrips. Inspect crops. Consider neem spray.,2025-06
2025-06-11,Irrigation Required,INFO,All irrigated crops,High water demand today. Irrigate before 7am or after 6pm to reduce evaporation.,2025-06
2025-06-12,Irrigation Required,INFO,All irrigated crops,High water demand today. Irrigate before 7am or after 6pm to reduce evaporation.,2025-06
2025-06-13,Heat Stress,HIGH,"Cowpea, Groundnut, Maize",Extreme heat may cause flower drop and yield loss. Irrigate in the evening.,2025-06
2025-06-13,Irrigation Required,INFO,All irrigated crops,High water demand today. Irrigate before 7am or after 6pm to reduce evaporation.,2025-06
2025-06-14,Irrigation Required,INFO,All irrigated crops,High water demand today. Irrigate before 7am or after 6pm to reduce evaporation.,2025-06
2025-06-15,Heat Stress,HIGH,"Cowpea, Groundnut, Maize",Extreme heat may cause flower drop and yield loss. Irrigate in the evening.,2025-06
2025-06-15,Irrigation Required,INFO,All irrigated crops,High water demand today. Irrigate before 7am or after 6pm to reduce evaporation.,2025-06
2025-06-16,Heat Stress,HIGH,"Cowpea, Groundnut, Maize",Extreme heat may cause flower drop and yield loss. Irrigate in the evening.,2025-06
2025-06-16,Irrigation Required,INFO,All irrigated crops,High water demand today. Irrigate before 7am or after 6pm to reduce evaporation.,2025-06
2025-06-24,Heat Stress,HIGH,"Cowpea, Groundnut, Maize",Extreme heat may cause flower drop and yield loss. Irrigate in the evening.,2025-06
2025-06-24,Irrigation Required,INFO,All irrigated crops,High water demand today. Irrigate before 7am or after 6pm to reduce evaporation.,2025-06
2025-06-25,Irrigation Required,INFO,All irrigated crops,High water demand today. Irrigate before 7am or after 6pm to reduce evaporation.,2025-06
2025-06-26,Irrigation Required,INFO,All irrigated crops,High water demand today. Irrigate before 7am or after 6pm to reduce evaporation.,2025-06
2025-06-27,Irrigation Required,INFO,All irrigated crops,High water demand today. Irrigate before 7am or after 6pm to reduce evaporation.,2025-06
2025-06-29,Planting Window Open,POSITIVE,"Millet, Sorghum, Cowpea",Good planting conditions. Soil warm and moisture adequate. Plant within 48 hours.,2025-06
2025-06-30,Planting Window Open,POSITIVE,"Millet, Sorghum, Cowpea",Good planting conditions. Soil warm and moisture adequate. Plant within 48 hours.,2025-06
2025-07-01,Planting Window Open,POSITIVE,"Millet, Sorghum, Cowpea",Good planting conditions. Soil warm and moisture adequate. Plant within 48 hours.,2025-07
2025-07-02,Planting Window Open,POSITIVE,"Millet, Sorghum, Cowpea",Good planting conditions. Soil warm and moisture adequate. Plant within 48 hours.,2025-07
2025-07-03,Planting Window Open,POSITIVE,"Millet, Sorghum, Cowpea",Good planting conditions. Soil warm and moisture adequate. Plant within 48 hours.,2025-07
2025-07-04,Planting Window Open,POSITIVE,"Millet, Sorghum, Cowpea",Good planting conditions. Soil warm and moisture adequate. Plant within 48 hours.,2025-07
2025-07-05,Planting Window Open,POSITIVE,"Millet, Sorghum, Cowpea",Good planting conditions. Soil warm and moisture adequate. Plant within 48 hours.,2025-07
2025-07-06,Planting Window Open,POSITIVE,"Millet, Sorghum, Cowpea",Good planting conditions. Soil warm and moisture adequate. Plant within 48 hours.,2025-07
2025-07-07,Planting Window Open,POSITIVE,"Millet, Sorghum, Cowpea",Good planting conditions. Soil warm and moisture adequate. Plant within 48 hours.,2025-07
2025-07-08,Planting Window Open,POSITIVE,"Millet, Sorghum, Cowpea",Good planting conditions. Soil warm and moisture adequate. Plant within 48 hours.,2025-07
2025-07-09,Planting Window Open,POSITIVE,"Millet, Sorghum, Cowpea",Good planting conditions. Soil warm and moisture adequate. Plant within 48 hours.,2025-07
2025-07-10,Planting Window Open,POSITIVE,"Millet, Sorghum, Cowpea",Good planting conditions. Soil warm and moisture adequate. Plant within 48 hours.,2025-07
2025-07-11,Planting Window Open,POSITIVE,"Millet, Sorghum, Cowpea",Good planting conditions. Soil warm and moisture adequate. Plant within 48 hours.,2025-07
2025-07-12,Planting Window Open,POSITIVE,"Millet, Sorghum, Cowpea",Good planting conditions. Soil warm and moisture adequate. Plant within 48 hours.,2025-07
2025-07-13,Fungal Risk Spike,MEDIUM,"Tomato, Pepper, Onion",Heavy moist air detected. Check leaves for spots. Apply fungicide if needed.,2025-07
2025-07-13,Planting Window Open,POSITIVE,"Millet, Sorghum, Cowpea",Good planting conditions. Soil warm and moisture adequate. Plant within 48 hours.,2025-07
2025-07-14,Rain Likely,INFO,All crops,Signs of approaching rain. Hold off irrigation and spraying today.,2025-07
2025-07-14,Planting Window Open,POSITIVE,"Millet, Sorghum, Cowpea",Good planting conditions. Soil warm and moisture adequate. Plant within 48 hours.,2025-07
2025-07-15,Planting Window Open,POSITIVE,"Millet, Sorghum, Cowpea",Good planting conditions. Soil warm and moisture adequate. Plant within 48 hours.,2025-07
2025-07-16,Planting Window Open,POSITIVE,"Millet, Sorghum, Cowpea",Good planting conditions. Soil warm and moisture adequate. Plant within 48 hours.,2025-07
2025-07-17,Planting Window Open,POSITIVE,"Millet, Sorghum, Cowpea",Good planting conditions. Soil warm and moisture adequate. Plant within 48 hours.,2025-07
2025-07-18,Planting Window Open,POSITIVE,"Millet, Sorghum, Cowpea",Good planting conditions. Soil warm and moisture adequate. Plant within 48 hours.,2025-07
2025-07-19,Planting Window Open,POSITIVE,"Millet, Sorghum, Cowpea",Good planting conditions. Soil warm and moisture adequate. Plant within 48 hours.,2025-07
2025-07-20,Planting Window Open,POSITIVE,"Millet, Sorghum, Cowpea",Good planting conditions. Soil warm and moisture adequate. Plant within 48 hours.,2025-07
2025-07-21,Planting Window Open,POSITIVE,"Millet, Sorghum, Cowpea",Good planting conditions. Soil warm and moisture adequate. Plant within 48 hours.,2025-07
2025-07-22,Planting Window Open,POSITIVE,"Millet, Sorghum, Cowpea",Good planting conditions. Soil warm and moisture adequate. Plant within 48 hours.,2025-07
2025-07-23,Planting Window Open,POSITIVE,"Millet, Sorghum, Cowpea",Good planting conditions. Soil warm and moisture adequate. Plant within 48 hours.,2025-07
2025-07-24,Planting Window Open,POSITIVE,"Millet, Sorghum, Cowpea",Good planting conditions. Soil warm and moisture adequate. Plant within 48 hours.,2025-07
2025-07-25,Planting Window Open,POSITIVE,"Millet, Sorghum, Cowpea",Good planting conditions. Soil warm and moisture adequate. Plant within 48 hours.,2025-07
2025-07-27,Planting Window Open,POSITIVE,"Millet, Sorghum, Cowpea",Good planting conditions. Soil warm and moisture adequate. Plant within 48 hours.,2025-07
2025-07-28,Planting Window Open,POSITIVE,"Millet, Sorghum, Cowpea",Good planting conditions. Soil warm and moisture adequate. Plant within 48 hours.,2025-07
2025-07-29,Planting Window Open,POSITIVE,"Millet, Sorghum, Cowpea",Good planting conditions. Soil warm and moisture adequate. Plant within 48 hours.,2025-07
2025-07-30,Planting Window Open,POSITIVE,"Millet, Sorghum, Cowpea",Good planting conditions. Soil warm and moisture adequate. Plant within 48 hours.,2025-07
2025-07-31,Planting Window Open,POSITIVE,"Millet, Sorghum, Cowpea",Good planting conditions. Soil warm and moisture adequate. Plant within 48 hours.,2025-07
2025-08-01,Rain Likely,INFO,All crops,Signs of approaching rain. Hold off irrigation and spraying today.,2025-08
2025-08-01,Planting Window Open,POSITIVE,"Millet, Sorghum, Cowpea",Good planting conditions. Soil warm and moisture adequate. Plant within 48 hours.,2025-08
2025-08-02,Planting Window Open,POSITIVE,"Millet, Sorghum, Cowpea",Good planting conditions. Soil warm and moisture adequate. Plant within 48 hours.,2025-08
2025-08-03,Planting Window Open,POSITIVE,"Millet, Sorghum, Cowpea",Good planting conditions. Soil warm and moisture adequate. Plant within 48 hours.,2025-08
2025-08-04,Planting Window Open,POSITIVE,"Millet, Sorghum, Cowpea",Good planting conditions. Soil warm and moisture adequate. Plant within 48 hours.,2025-08
2025-08-05,Rain Likely,INFO,All crops,Signs of approaching rain. Hold off irrigation and spraying today.,2025-08
2025-08-05,Planting Window Open,POSITIVE,"Millet, Sorghum, Cowpea",Good planting conditions. Soil warm and moisture adequate. Plant within 48 hours.,2025-08
2025-08-06,Planting Window Open,POSITIVE,"Millet, Sorghum, Cowpea",Good planting conditions. Soil warm and moisture adequate. Plant within 48 hours.,2025-08
2025-08-07,Planting Window Open,POSITIVE,"Millet, Sorghum, Cowpea",Good planting conditions. Soil warm and moisture adequate. Plant within 48 hours.,2025-08
2025-08-08,Planting Window Open,POSITIVE,"Millet, Sorghum, Cowpea",Good planting conditions. Soil warm and moisture adequate. Plant within 48 hours.,2025-08
2025-08-09,Planting Window Open,POSITIVE,"Millet, Sorghum, Cowpea",Good planting conditions. Soil warm and moisture adequate. Plant within 48 hours.,2025-08
2025-08-10,Planting Window Open,POSITIVE,"Millet, Sorghum, Cowpea",Good planting conditions. Soil warm and moisture adequate. Plant within 48 hours.,2025-08
2025-08-11,Planting Window Open,POSITIVE,"Millet, Sorghum, Cowpea",Good planting conditions. Soil warm and moisture adequate. Plant within 48 hours.,2025-08
2025-08-13,Planting Window Open,POSITIVE,"Millet, Sorghum, Cowpea",Good planting conditions. Soil warm and moisture adequate. Plant within 48 hours.,2025-08
2025-08-15,Rain Likely,INFO,All crops,Signs of approaching rain. Hold off irrigation and spraying today.,2025-08
2025-08-15,Planting Window Open,POSITIVE,"Millet, Sorghum, Cowpea",Good planting conditions. Soil warm and moisture adequate. Plant within 48 hours.,2025-08
2025-08-16,Planting Window Open,POSITIVE,"Millet, Sorghum, Cowpea",Good planting conditions. Soil warm and moisture adequate. Plant within 48 hours.,2025-08
2025-08-17,Fungal Risk Spike,MEDIUM,"Tomato, Pepper, Onion",Heavy moist air detected. Check leaves for spots. Apply fungicide if needed.,2025-08
2025-08-17,Rain Likely,INFO,All crops,Signs of approaching rain. Hold off irrigation and spraying today.,2025-08
2025-08-17,Planting Window Open,POSITIVE,"Millet, Sorghum, Cowpea",Good planting conditions. Soil warm and moisture adequate. Plant within 48 hours.,2025-08
2025-08-18,Planting Window Open,POSITIVE,"Millet, Sorghum, Cowpea",Good planting conditions. Soil warm and moisture adequate. Plant within 48 hours.,2025-08
2025-08-19,Planting Window Open,POSITIVE,"Millet, Sorghum, Cowpea",Good planting conditions. Soil warm and moisture adequate. Plant within 48 hours.,2025-08
2025-08-20,Planting Window Open,POSITIVE,"Millet, Sorghum, Cowpea",Good planting conditions. Soil warm and moisture adequate. Plant within 48 hours.,2025-08
2025-08-21,Planting Window Open,POSITIVE,"Millet, Sorghum, Cowpea",Good planting conditions. Soil warm and moisture adequate. Plant within 48 hours.,2025-08
2025-08-22,Planting Window Open,POSITIVE,"Millet, Sorghum, Cowpea",Good planting conditions. Soil warm and moisture adequate. Plant within 48 hours.,2025-08
2025-08-23,Planting Window Open,POSITIVE,"Millet, Sorghum, Cowpea",Good planting conditions. Soil warm and moisture adequate. Plant within 48 hours.,2025-08
2025-08-24,Planting Window Open,POSITIVE,"Millet, Sorghum, Cowpea",Good planting conditions. Soil warm and moisture adequate. Plant within 48 hours.,2025-08
2025-08-25,Planting Window Open,POSITIVE,"Millet, Sorghum, Cowpea",Good planting conditions. Soil warm and moisture adequate. Plant within 48 hours.,2025-08
2025-08-27,Rain Likely,INFO,All crops,Signs of approaching rain. Hold off irrigation and spraying today.,2025-08
2025-08-27,Planting Window Open,POSITIVE,"Millet, Sorghum, Cowpea",Good planting conditions. Soil warm and moisture adequate. Plant within 48 hours.,2025-08
2025-08-28,Planting Window Open,POSITIVE,"Millet, Sorghum, Cowpea",Good planting conditions. Soil warm and moisture adequate. Plant within 48 hours.,2025-08
2025-08-29,Planting Window Open,POSITIVE,"Millet, Sorghum, Cowpea",Good planting conditions. Soil warm and moisture adequate. Plant within 48 hours.,2025-08
2025-08-30,Planting Window Open,POSITIVE,"Millet, Sorghum, Cowpea",Good planting conditions. Soil warm and moisture adequate. Plant within 48 hours.,2025-08
2025-08-31,Planting Window Open,POSITIVE,"Millet, Sorghum, Cowpea",Good planting conditions. Soil warm and moisture adequate. Plant within 48 hours.,2025-08
2025-09-01,Planting Window Open,POSITIVE,"Millet, Sorghum, Cowpea",Good planting conditions. Soil warm and moisture adequate. Plant within 48 hours.,2025-09
2025-09-02,Planting Window Open,POSITIVE,"Millet, Sorghum, Cowpea",Good planting conditions. Soil warm and moisture adequate. Plant within 48 hours.,2025-09
2025-09-03,Planting Window Open,POSITIVE,"Millet, Sorghum, Cowpea",Good planting conditions. Soil warm and moisture adequate. Plant within 48 hours.,2025-09
2025-09-04,Fungal Risk Spike,MEDIUM,"Tomato, Pepper, Onion",Heavy moist air detected. Check leaves for spots. Apply fungicide if needed.,2025-09
2025-09-04,Planting Window Open,POSITIVE,"Millet, Sorghum, Cowpea",Good planting conditions. Soil warm and moisture adequate. Plant within 48 hours.,2025-09
2025-09-05,Planting Window Open,POSITIVE,"Millet, Sorghum, Cowpea",Good planting conditions. Soil warm and moisture adequate. Plant within 48 hours.,2025-09
2025-09-06,Planting Window Open,POSITIVE,"Millet, Sorghum, Cowpea",Good planting conditions. Soil warm and moisture adequate. Plant within 48 hours.,2025-09
2025-09-07,Planting Window Open,POSITIVE,"Millet, Sorghum, Cowpea",Good planting conditions. Soil warm and moisture adequate. Plant within 48 hours.,2025-09
2025-09-08,Rain Likely,INFO,All crops,Signs of approaching rain. Hold off irrigation and spraying today.,2025-09
2025-09-11,Rain Likely,INFO,All crops,Signs of approaching rain. Hold off irrigation and spraying today.,2025-09
2025-09-13,Planting Window Open,POSITIVE,"Millet, Sorghum, Cowpea",Good planting conditions. Soil warm and moisture adequate. Plant within 48 hours.,2025-09
2025-09-14,Planting Window Open,POSITIVE,"Millet, Sorghum, Cowpea",Good planting conditions. Soil warm and moisture adequate. Plant within 48 hours.,2025-09
2025-09-15,Planting Window Open,POSITIVE,"Millet, Sorghum, Cowpea",Good planting conditions. Soil warm and moisture adequate. Plant within 48 hours.,2025-09
2025-09-16,Planting Window Open,POSITIVE,"Millet, Sorghum, Cowpea",Good planting conditions. Soil warm and moisture adequate. Plant within 48 hours.,2025-09
2025-09-20,Planting Window Open,POSITIVE,"Millet, Sorghum, Cowpea",Good planting conditions. Soil warm and moisture adequate. Plant within 48 hours.,2025-09
2025-09-21,Planting Window Open,POSITIVE,"Millet, Sorghum, Cowpea",Good planting conditions. Soil warm and moisture adequate. Plant within 48 hours.,2025-09
2025-09-22,Planting Window Open,POSITIVE,"Millet, Sorghum, Cowpea",Good planting conditions. Soil warm and moisture adequate. Plant within 48 hours.,2025-09
2025-09-23,Planting Window Open,POSITIVE,"Millet, Sorghum, Cowpea",Good planting conditions. Soil warm and moisture adequate. Plant within 48 hours.,2025-09
2025-09-24,Planting Window Open,POSITIVE,"Millet, Sorghum, Cowpea",Good planting conditions. Soil warm and moisture adequate. Plant within 48 hours.,2025-09
2025-09-25,Planting Window Open,POSITIVE,"Millet, Sorghum, Cowpea",Good planting conditions. Soil warm and moisture adequate. Plant within 48 hours.,2025-09
2025-09-26,Planting Window Open,POSITIVE,"Millet, Sorghum, Cowpea",Good planting conditions. Soil warm and moisture adequate. Plant within 48 hours.,2025-09
2025-09-27,Planting Window Open,POSITIVE,"Millet, Sorghum, Cowpea",Good planting conditions. Soil warm and moisture adequate. Plant within 48 hours.,2025-09
2025-09-28,Planting Window Open,POSITIVE,"Millet, Sorghum, Cowpea",Good planting conditions. Soil warm and moisture adequate. Plant within 48 hours.,2025-09
2025-09-29,Planting Window Open,POSITIVE,"Millet, Sorghum, Cowpea",Good planting conditions. Soil warm and moisture adequate. Plant within 48 hours.,2025-09
2025-09-30,Planting Window Open,POSITIVE,"Millet, Sorghum, Cowpea",Good planting conditions. Soil warm and moisture adequate. Plant within 48 hours.,2025-09
2025-10-01,Planting Window Open,POSITIVE,"Millet, Sorghum, Cowpea",Good planting conditions. Soil warm and moisture adequate. Plant within 48 hours.,2025-10
2025-10-05,Planting Window Open,POSITIVE,"Millet, Sorghum, Cowpea",Good planting conditions. Soil warm and moisture adequate. Plant within 48 hours.,2025-10
2025-10-06,Planting Window Open,POSITIVE,"Millet, Sorghum, Cowpea",Good planting conditions. Soil warm and moisture adequate. Plant within 48 hours.,2025-10
2025-10-07,Planting Window Open,POSITIVE,"Millet, Sorghum, Cowpea",Good planting conditions. Soil warm and moisture adequate. Plant within 48 hours.,2025-10
2025-10-08,Planting Window Open,POSITIVE,"Millet, Sorghum, Cowpea",Good planting conditions. Soil warm and moisture adequate. Plant within 48 hours.,2025-10
2025-10-09,Planting Window Open,POSITIVE,"Millet, Sorghum, Cowpea",Good planting conditions. Soil warm and moisture adequate. Plant within 48 hours.,2025-10
2025-10-10,Planting Window Open,POSITIVE,"Millet, Sorghum, Cowpea",Good planting conditions. Soil warm and moisture adequate. Plant within 48 hours.,2025-10
2025-10-11,Planting Window Open,POSITIVE,"Millet, Sorghum, Cowpea",Good planting conditions. Soil warm and moisture adequate. Plant within 48 hours.,2025-10
2025-10-12,Planting Window Open,POSITIVE,"Millet, Sorghum, Cowpea",Good planting conditions. Soil warm and moisture adequate. Plant within 48 hours.,2025-10
2025-10-15,Dry Heat — Pest Risk,MEDIUM,"Cowpea, Sorghum",Dry heat favours aphids and thrips. Inspect crops. Consider neem spray.,2025-10
2025-10-15,Irrigation Required,INFO,All irrigated crops,High water demand today. Irrigate before 7am or after 6pm to reduce evaporation.,2025-10
2025-10-16,Dry Heat — Pest Risk,MEDIUM,"Cowpea, Sorghum",Dry heat favours aphids and thrips. Inspect crops. Consider neem spray.,2025-10
2025-10-16,Irrigation Required,INFO,All irrigated crops,High water demand today. Irrigate before 7am or after 6pm to reduce evaporation.,2025-10
2025-10-17,Irrigation Required,INFO,All irrigated crops,High water demand today. Irrigate before 7am or after 6pm to reduce evaporation.,2025-10
2025-10-18,Dry Heat — Pest Risk,MEDIUM,"Cowpea, Sorghum",Dry heat favours aphids and thrips. Inspect crops. Consider neem spray.,2025-10
2025-10-18,Irrigation Required,INFO,All irrigated crops,High water demand today. Irrigate before 7am or after 6pm to reduce evaporation.,2025-10
2025-10-19,Dry Heat — Pest Risk,MEDIUM,"Cowpea, Sorghum",Dry heat favours aphids and thrips. Inspect crops. Consider neem spray.,2025-10
2025-10-19,Irrigation Required,INFO,All irrigated crops,High water demand today. Irrigate before 7am or after 6pm to reduce evaporation.,2025-10
2025-10-20,Dry Heat — Pest Risk,MEDIUM,"Cowpea, Sorghum",Dry heat favours aphids and thrips. Inspect crops. Consider neem spray.,2025-10
2025-10-20,Irrigation Required,INFO,All irrigated crops,High water demand today. Irrigate before 7am or after 6pm to reduce evaporation.,2025-10
2025-10-21,Irrigation Required,INFO,All irrigated crops,High water demand today. Irrigate before 7am or after 6pm to reduce evaporation.,2025-10
2025-10-22,Dry Heat — Pest Risk,MEDIUM,"Cowpea, Sorghum",Dry heat favours aphids and thrips. Inspect crops. Consider neem spray.,2025-10
2025-10-22,Irrigation Required,INFO,All irrigated crops,High water demand today. Irrigate before 7am or after 6pm to reduce evaporation.,2025-10
2025-10-23,Dry Heat — Pest Risk,MEDIUM,"Cowpea, Sorghum",Dry heat favours aphids and thrips. Inspect crops. Consider neem spray.,2025-10
2025-10-23,Irrigation Required,INFO,All irrigated crops,High water demand today. Irrigate before 7am or after 6pm to reduce evaporation.,2025-10
2025-10-24,Dry Heat — Pest Risk,MEDIUM,"Cowpea, Sorghum",Dry heat favours aphids and thrips. Inspect crops. Consider neem spray.,2025-10
2025-10-24,Irrigation Required,INFO,All irrigated crops,High water demand today. Irrigate before 7am or after 6pm to reduce evaporation.,2025-10
2025-10-25,Dry Heat — Pest Risk,MEDIUM,"Cowpea, Sorghum",Dry heat favours aphids and thrips. Inspect crops. Consider neem spray.,2025-10
2025-10-25,Irrigation Required,INFO,All irrigated crops,High water demand today. Irrigate before 7am or after 6pm to reduce evaporation.,2025-10
2025-10-26,Dry Heat — Pest Risk,MEDIUM,"Cowpea, Sorghum",Dry heat favours aphids and thrips. Inspect crops. Consider neem spray.,2025-10
2025-10-26,Irrigation Required,INFO,All irrigated crops,High water demand today. Irrigate before 7am or after 6pm to reduce evaporation.,2025-10
2025-10-27,Dry Heat — Pest Risk,MEDIUM,"Cowpea, Sorghum",Dry heat favours aphids and thrips. Inspect crops. Consider neem spray.,2025-10
2025-10-27,Irrigation Required,INFO,All irrigated crops,High water demand today. Irrigate before 7am or after 6pm to reduce evaporation.,2025-10
2025-10-28,Dry Heat — Pest Risk,MEDIUM,"Cowpea, Sorghum",Dry heat favours aphids and thrips. Inspect crops. Consider neem spray.,2025-10
2025-10-28,Irrigation Required,INFO,All irrigated crops,High water demand today. Irrigate before 7am or after 6pm to reduce evaporation.,2025-10
2025-10-29,Dry Heat — Pest Risk,MEDIUM,"Cowpea, Sorghum",Dry heat favours aphids and thrips. Inspect crops. Consider neem spray.,2025-10
2025-10-29,Irrigation Required,INFO,All irrigated crops,High water demand today. Irrigate before 7am or after 6pm to reduce evaporation.,2025-10
2025-10-30,Dry Heat — Pest Risk,MEDIUM,"Cowpea, Sorghum",Dry heat favours aphids and thrips. Inspect crops. Consider neem spray.,2025-10
2025-10-30,Irrigation Required,INFO,All irrigated crops,High water demand today. Irrigate before 7am or after 6pm to reduce evaporation.,2025-10
2025-10-31,Dry Heat — Pest Risk,MEDIUM,"Cowpea, Sorghum",Dry heat favours aphids and thrips. Inspect crops. Consider neem spray.,2025-10
2025-10-31,Irrigation Required,INFO,All irrigated crops,High water demand today. Irrigate before 7am or after 6pm to reduce evaporation.,2025-10
2025-11-01,Dry Heat — Pest Risk,MEDIUM,"Cowpea, Sorghum",Dry heat favours aphids and thrips. Inspect crops. Consider neem spray.,2025-11
2025-11-01,Irrigation Required,INFO,All irrigated crops,High water demand today. Irrigate before 7am or after 6pm to reduce evaporation.,2025-11
2025-11-02,Dry Heat — Pest Risk,MEDIUM,"Cowpea, Sorghum",Dry heat favours aphids and thrips. Inspect crops. Consider neem spray.,2025-11
2025-11-02,Irrigation Required,INFO,All irrigated crops,High water demand today. Irrigate before 7am or after 6pm to reduce evaporation.,2025-11
2025-11-03,Dry Heat — Pest Risk,MEDIUM,"Cowpea, Sorghum",Dry heat favours aphids and thrips. Inspect crops. Consider neem spray.,2025-11
2025-11-03,Irrigation Required,INFO,All irrigated crops,High water demand today. Irrigate before 7am or after 6pm to reduce evaporation.,2025-11
2025-11-04,Dry Heat — Pest Risk,MEDIUM,"Cowpea, Sorghum",Dry heat favours aphids and thrips. Inspect crops. Consider neem spray.,2025-11
2025-11-04,Irrigation Required,INFO,All irrigated crops,High water demand today. Irrigate before 7am or after 6pm to reduce evaporation.,2025-11
2025-11-05,Dry Heat — Pest Risk,MEDIUM,"Cowpea, Sorghum",Dry heat favours aphids and thrips. Inspect crops. Consider neem spray.,2025-11
2025-11-05,Irrigation Required,INFO,All irrigated crops,High water demand today. Irrigate before 7am or after 6pm to reduce evaporation.,2025-11
2025-11-05,High Crop Stress,HIGH,All crops,"Crop stress is high today. Heat, dryness and wind are combined. Shade or irrigate.",2025-11
2025-11-06,Dry Heat — Pest Risk,MEDIUM,"Cowpea, Sorghum",Dry heat favours aphids and thrips. Inspect crops. Consider neem spray.,2025-11
2025-11-06,Irrigation Required,INFO,All irrigated crops,High water demand today. Irrigate before 7am or after 6pm to reduce evaporation.,2025-11
2025-11-07,Dry Heat — Pest Risk,MEDIUM,"Cowpea, Sorghum",Dry heat favours aphids and thrips. Inspect crops. Consider neem spray.,2025-11
2025-11-07,Irrigation Required,INFO,All irrigated crops,High water demand today. Irrigate before 7am or after 6pm to reduce evaporation.,2025-11
2025-11-08,Dry Heat — Pest Risk,MEDIUM,"Cowpea, Sorghum",Dry heat favours aphids and thrips. Inspect crops. Consider neem spray.,2025-11
2025-11-08,Irrigation Required,INFO,All irrigated crops,High water demand today. Irrigate before 7am or after 6pm to reduce evaporation.,2025-11
2025-11-09,Dry Heat — Pest Risk,MEDIUM,"Cowpea, Sorghum",Dry heat favours aphids and thrips. Inspect crops. Consider neem spray.,2025-11
2025-11-09,Irrigation Required,INFO,All irrigated crops,High water demand today. Irrigate before 7am or after 6pm to reduce evaporation.,2025-11
2025-11-10,Dry Heat — Pest Risk,MEDIUM,"Cowpea, Sorghum",Dry heat favours aphids and thrips. Inspect crops. Consider neem spray.,2025-11
2025-11-10,Irrigation Required,INFO,All irrigated crops,High water demand today. Irrigate before 7am or after 6pm to reduce evaporation.,2025-11
2025-11-11,Dry Heat — Pest Risk,MEDIUM,"Cowpea, Sorghum",Dry heat favours aphids and thrips. Inspect crops. Consider neem spray.,2025-11
2025-11-11,Irrigation Required,INFO,All irrigated crops,High water demand today. Irrigate before 7am or after 6pm to reduce evaporation.,2025-11
2025-11-12,Dry Heat — Pest Risk,MEDIUM,"Cowpea, Sorghum",Dry heat favours aphids and thrips. Inspect crops. Consider neem spray.,2025-11
2025-11-12,Irrigation Required,INFO,All irrigated crops,High water demand today. Irrigate before 7am or after 6pm to reduce evaporation.,2025-11
2025-11-13,Dry Heat — Pest Risk,MEDIUM,"Cowpea, Sorghum",Dry heat favours aphids and thrips. Inspect crops. Consider neem spray.,2025-11
2025-11-13,Irrigation Required,INFO,All irrigated crops,High water demand today. Irrigate before 7am or after 6pm to reduce evaporation.,2025-11
2025-11-14,Dry Heat — Pest Risk,MEDIUM,"Cowpea, Sorghum",Dry heat favours aphids and thrips. Inspect crops. Consider neem spray.,2025-11
2025-11-14,Irrigation Required,INFO,All irrigated crops,High water demand today. Irrigate before 7am or after 6pm to reduce evaporation.,2025-11
2025-11-15,Dry Heat — Pest Risk,MEDIUM,"Cowpea, Sorghum",Dry heat favours aphids and thrips. Inspect crops. Consider neem spray.,2025-11
2025-11-15,Irrigation Required,INFO,All irrigated crops,High water demand today. Irrigate before 7am or after 6pm to reduce evaporation.,2025-11
2025-11-16,Dry Heat — Pest Risk,MEDIUM,"Cowpea, Sorghum",Dry heat favours aphids and thrips. Inspect crops. Consider neem spray.,2025-11
2025-11-16,Irrigation Required,INFO,All irrigated crops,High water demand today. Irrigate before 7am or after 6pm to reduce evaporation.,2025-11
2025-11-17,Dry Heat — Pest Risk,MEDIUM,"Cowpea, Sorghum",Dry heat favours aphids and thrips. Inspect crops. Consider neem spray.,2025-11
2025-11-17,Irrigation Required,INFO,All irrigated crops,High water demand today. Irrigate before 7am or after 6pm to reduce evaporation.,2025-11
2025-11-18,Dry Heat — Pest Risk,MEDIUM,"Cowpea, Sorghum",Dry heat favours aphids and thrips. Inspect crops. Consider neem spray.,2025-11
2025-11-18,Irrigation Required,INFO,All irrigated crops,High water demand today. Irrigate before 7am or after 6pm to reduce evaporation.,2025-11
2025-11-19,Dry Heat — Pest Risk,MEDIUM,"Cowpea, Sorghum",Dry heat favours aphids and thrips. Inspect crops. Consider neem spray.,2025-11
2025-11-19,Irrigation Required,INFO,All irrigated crops,High water demand today. Irrigate before 7am or after 6pm to reduce evaporation.,2025-11
2025-11-20,Dry Heat — Pest Risk,MEDIUM,"Cowpea, Sorghum",Dry heat favours aphids and thrips. Inspect crops. Consider neem spray.,2025-11
2025-11-20,Irrigation Required,INFO,All irrigated crops,High water demand today. Irrigate before 7am or after 6pm to reduce evaporation.,2025-11
2025-11-21,Dry Heat — Pest Risk,MEDIUM,"Cowpea, Sorghum",Dry heat favours aphids and thrips. Inspect crops. Consider neem spray.,2025-11
2025-11-21,Irrigation Required,INFO,All irrigated crops,High water demand today. Irrigate before 7am or after 6pm to reduce evaporation.,2025-11
2025-11-22,Dry Heat — Pest Risk,MEDIUM,"Cowpea, Sorghum",Dry heat favours aphids and thrips. Inspect crops. Consider neem spray.,2025-11
2025-11-22,Irrigation Required,INFO,All irrigated crops,High water demand today. Irrigate before 7am or after 6pm to reduce evaporation.,2025-11
2025-11-23,Dry Heat — Pest Risk,MEDIUM,"Cowpea, Sorghum",Dry heat favours aphids and thrips. Inspect crops. Consider neem spray.,2025-11
2025-11-23,Irrigation Required,INFO,All irrigated crops,High water demand today. Irrigate before 7am or after 6pm to reduce evaporation.,2025-11
2025-11-24,Dry Heat — Pest Risk,MEDIUM,"Cowpea, Sorghum",Dry heat favours aphids and thrips. Inspect crops. Consider neem spray.,2025-11
2025-11-24,Irrigation Required,INFO,All irrigated crops,High water demand today. Irrigate before 7am or after 6pm to reduce evaporation.,2025-11
2025-11-25,Dry Heat — Pest Risk,MEDIUM,"Cowpea, Sorghum",Dry heat favours aphids and thrips. Inspect crops. Consider neem spray.,2025-11
2025-11-25,Irrigation Required,INFO,All irrigated crops,High water demand today. Irrigate before 7am or after 6pm to reduce evaporation.,2025-11
2025-11-26,Dry Heat — Pest Risk,MEDIUM,"Cowpea, Sorghum",Dry heat favours aphids and thrips. Inspect crops. Consider neem spray.,2025-11
2025-11-26,Irrigation Required,INFO,All irrigated crops,High water demand today. Irrigate before 7am or after 6pm to reduce evaporation.,2025-11
2025-11-27,Dry Heat — Pest Risk,MEDIUM,"Cowpea, Sorghum",Dry heat favours aphids and thrips. Inspect crops. Consider neem spray.,2025-11
2025-11-27,Irrigation Required,INFO,All irrigated crops,High water demand today. Irrigate before 7am or after 6pm to reduce evaporation.,2025-11
2025-11-28,Dry Heat — Pest Risk,MEDIUM,"Cowpea, Sorghum",Dry heat favours aphids and thrips. Inspect crops. Consider neem spray.,2025-11
2025-11-28,Irrigation Required,INFO,All irrigated crops,High water demand today. Irrigate before 7am or after 6pm to reduce evaporation.,2025-11
2025-11-29,Dry Heat — Pest Risk,MEDIUM,"Cowpea, Sorghum",Dry heat favours aphids and thrips. Inspect crops. Consider neem spray.,2025-11
2025-11-29,Irrigation Required,INFO,All irrigated crops,High water demand today. Irrigate before 7am or after 6pm to reduce evaporation.,2025-11
2025-11-30,Dry Heat — Pest Risk,MEDIUM,"Cowpea, Sorghum",Dry heat favours aphids and thrips. Inspect crops. Consider neem spray.,2025-11
2025-11-30,Irrigation Required,INFO,All irrigated crops,High water demand today. Irrigate before 7am or after 6pm to reduce evaporation.,2025-11
2025-12-01,Dry Heat — Pest Risk,MEDIUM,"Cowpea, Sorghum",Dry heat favours aphids and thrips. Inspect crops. Consider neem spray.,2025-12
2025-12-01,Irrigation Required,INFO,All irrigated crops,High water demand today. Irrigate before 7am or after 6pm to reduce evaporation.,2025-12
2025-12-02,Dry Heat — Pest Risk,MEDIUM,"Cowpea, Sorghum",Dry heat favours aphids and thrips. Inspect crops. Consider neem spray.,2025-12
2025-12-02,Irrigation Required,INFO,All irrigated crops,High water demand today. Irrigate before 7am or after 6pm to reduce evaporation.,2025-12
2025-12-03,Dry Heat — Pest Risk,MEDIUM,"Cowpea, Sorghum",Dry heat favours aphids and thrips. Inspect crops. Consider neem spray.,2025-12
2025-12-03,Irrigation Required,INFO,All irrigated crops,High water demand today. Irrigate before 7am or after 6pm to reduce evaporation.,2025-12
2025-12-04,Dry Heat — Pest Risk,MEDIUM,"Cowpea, Sorghum",Dry heat favours aphids and thrips. Inspect crops. Consider neem spray.,2025-12
2025-12-04,Irrigation Required,INFO,All irrigated crops,High water demand today. Irrigate before 7am or after 6pm to reduce evaporation.,2025-12
2025-12-05,Irrigation Required,INFO,All irrigated crops,High water demand today. Irrigate before 7am or after 6pm to reduce evaporation.,2025-12
2025-12-06,Irrigation Required,INFO,All irrigated crops,High water demand today. Irrigate before 7am or after 6pm to reduce evaporation.,2025-12
2025-12-07,Irrigation Required,INFO,All irrigated crops,High water demand today. Irrigate before 7am or after 6pm to reduce evaporation.,2025-12
2025-12-08,Irrigation Required,INFO,All irrigated crops,High water demand today. Irrigate before 7am or after 6pm to reduce evaporation.,2025-12
2025-12-09,Dry Heat — Pest Risk,MEDIUM,"Cowpea, Sorghum",Dry heat favours aphids and thrips. Inspect crops. Consider neem spray.,2025-12
2025-12-09,Irrigation Required,INFO,All irrigated crops,High water demand today. Irrigate before 7am or after 6pm to reduce evaporation.,2025-12
2025-12-10,Dry Heat — Pest Risk,MEDIUM,"Cowpea, Sorghum",Dry heat favours aphids and thrips. Inspect crops. Consider neem spray.,2025-12
2025-12-10,Irrigation Required,INFO,All irrigated crops,High water demand today. Irrigate before 7am or after 6pm to reduce evaporation.,2025-12
2025-12-11,Dry Heat — Pest Risk,MEDIUM,"Cowpea, Sorghum",Dry heat favours aphids and thrips. Inspect crops. Consider neem spray.,2025-12
2025-12-11,Irrigation Required,INFO,All irrigated crops,High water demand today. Irrigate before 7am or after 6pm to reduce evaporation.,2025-12
2025-12-12,Dry Heat — Pest Risk,MEDIUM,"Cowpea, Sorghum",Dry heat favours aphids and thrips. Inspect crops. Consider neem spray.,2025-12
2025-12-12,Irrigation Required,INFO,All irrigated crops,High water demand today. Irrigate before 7am or after 6pm to reduce evaporation.,2025-12
2025-12-13,Dry Heat — Pest Risk,MEDIUM,"Cowpea, Sorghum",Dry heat favours aphids and thrips. Inspect crops. Consider neem spray.,2025-12
2025-12-13,Irrigation Required,INFO,All irrigated crops,High water demand today. Irrigate before 7am or after 6pm to reduce evaporation.,2025-12
2025-12-14,Irrigation Required,INFO,All irrigated crops,High water demand today. Irrigate before 7am or after 6pm to reduce evaporation.,2025-12
2025-12-15,Dry Heat — Pest Risk,MEDIUM,"Cowpea, Sorghum",Dry heat favours aphids and thrips. Inspect crops. Consider neem spray.,2025-12
2025-12-15,Irrigation Required,INFO,All irrigated crops,High water demand today. Irrigate before 7am or after 6pm to reduce evaporation.,2025-12
2025-12-16,Irrigation Required,INFO,All irrigated crops,High water demand today. Irrigate before 7am or after 6pm to reduce evaporation.,2025-12
2025-12-17,Dry Heat — Pest Risk,MEDIUM,"Cowpea, Sorghum",Dry heat favours aphids and thrips. Inspect crops. Consider neem spray.,2025-12
2025-12-17,Irrigation Required,INFO,All irrigated crops,High water demand today. Irrigate before 7am or after 6pm to reduce evaporation.,2025-12
2025-12-18,Dry Heat — Pest Risk,MEDIUM,"Cowpea, Sorghum",Dry heat favours aphids and thrips. Inspect crops. Consider neem spray.,2025-12
2025-12-18,Irrigation Required,INFO,All irrigated crops,High water demand today. Irrigate before 7am or after 6pm to reduce evaporation.,2025-12
2025-12-19,Dry Heat — Pest Risk,MEDIUM,"Cowpea, Sorghum",Dry heat favours aphids and thrips. Inspect crops. Consider neem spray.,2025-12
2025-12-19,Irrigation Required,INFO,All irrigated crops,High water demand today. Irrigate before 7am or after 6pm to reduce evaporation.,2025-12
2025-12-20,Dry Heat — Pest Risk,MEDIUM,"Cowpea, Sorghum",Dry heat favours aphids and thrips. Inspect crops. Consider neem spray.,2025-12
2025-12-20,Irrigation Required,INFO,All irrigated crops,High water demand today. Irrigate before 7am or after 6pm to reduce evaporation.,2025-12
2025-12-21,Dry Heat — Pest Risk,MEDIUM,"Cowpea, Sorghum",Dry heat favours aphids and thrips. Inspect crops. Consider neem spray.,2025-12
2025-12-21,Irrigation Required,INFO,All irrigated crops,High water demand today. Irrigate before 7am or after 6pm to reduce evaporation.,2025-12
2025-12-22,Dry Heat — Pest Risk,MEDIUM,"Cowpea, Sorghum",Dry heat favours aphids and thrips. Inspect crops. Consider neem spray.,2025-12
2025-12-22,Irrigation Required,INFO,All irrigated crops,High water demand today. Irrigate before 7am or after 6pm to reduce evaporation.,2025-12
2025-12-23,Dry Heat — Pest Risk,MEDIUM,"Cowpea, Sorghum",Dry heat favours aphids and thrips. Inspect crops. Consider neem spray.,2025-12
2025-12-23,Irrigation Required,INFO,All irrigated crops,High water demand today. Irrigate before 7am or after 6pm to reduce evaporation.,2025-12
2025-12-24,Dry Heat — Pest Risk,MEDIUM,"Cowpea, Sorghum",Dry heat favours aphids and thrips. Inspect crops. Consider neem spray.,2025-12
2025-12-24,Irrigation Required,INFO,All irrigated crops,High water demand today. Irrigate before 7am or after 6pm to reduce evaporation.,2025-12
2025-12-25,Dry Heat — Pest Risk,MEDIUM,"Cowpea, Sorghum",Dry heat favours aphids and thrips. Inspect crops. Consider neem spray.,2025-12
2025-12-25,Irrigation Required,INFO,All irrigated crops,High water demand today. Irrigate before 7am or after 6pm to reduce evaporation.,2025-12
2025-12-26,Dry Heat — Pest Risk,MEDIUM,"Cowpea, Sorghum",Dry heat favours aphids and thrips. Inspect crops. Consider neem spray.,2025-12
2025-12-26,Irrigation Required,INFO,All irrigated crops,High water demand today. Irrigate before 7am or after 6pm to reduce evaporation.,2025-12
2025-12-27,Dry Heat — Pest Risk,MEDIUM,"Cowpea, Sorghum",Dry heat favours aphids and thrips. Inspect crops. Consider neem spray.,2025-12
2025-12-27,Irrigation Required,INFO,All irrigated crops,High water demand today. Irrigate before 7am or after 6pm to reduce evaporation.,2025-12
2025-12-28,Dry Heat — Pest Risk,MEDIUM,"Cowpea, Sorghum",Dry heat favours aphids and thrips. Inspect crops. Consider neem spray.,2025-12
2025-12-28,Irrigation Required,INFO,All irrigated crops,High water demand today. Irrigate before 7am or after 6pm to reduce evaporation.,2025-12
2025-12-29,Dry Heat — Pest Risk,MEDIUM,"Cowpea, Sorghum",Dry heat favours aphids and thrips. Inspect crops. Consider neem spray.,2025-12
2025-12-29,Irrigation Required,INFO,All irrigated crops,High water demand today. Irrigate before 7am or after 6pm to reduce evaporation.,2025-12
2025-12-30,Dry Heat — Pest Risk,MEDIUM,"Cowpea, Sorghum",Dry heat favours aphids and thrips. Inspect crops. Consider neem spray.,2025-12
2025-12-30,Irrigation Required,INFO,All irrigated crops,High water demand today. Irrigate before 7am or after 6pm to reduce evaporation.,2025-12
